system:index,all_prototypes,analysis_group,aoi_crs,aoi_size_km,detected_10pct,detected_25pct,detected_any,development_aoi_overlap_count,development_sampling_crs,development_year,evaluable_gt_area_m2,evaluable_gt_pixels,evaluable_object,evaluation_aef_dataset_versions,evaluation_aef_model_versions,evaluation_aef_processing_versions,evaluation_aef_utm_zones,evaluation_design,evaluation_year,land_water_mask,method,method_code,minimum_connected_pixels,object_overlap_definition,object_type,overlap_area_m2,overlap_fraction,overlap_pixels,pixel_counting,pred_area_inside_m2,radius_m,region,rf_bag_fraction,rf_min_leaf_population,rf_number_of_trees,rf_seed,rf_variables_per_split,scale_m,selected_prototypes,similarity_definition,validation_id,.geo
1_1_1_1_1_1_0,proto_1;proto_2;proto_3;proto_4;proto_5,ablation,EPSG:32718,30,1,1,1,0,EPSG:32718,2024,35100.0,351.0,1,1.1,2.1,1.02,18S,spatiotemporally held-out,2025,ESA WorldCover 2021 class 80,Raw64,Raw64,5,predicted positive AND individual object truth / individual object truth,polygon,29100.0,0.8290598290598291,291.0,unweighted 10 m pixel counts,29100.0,0,Chile,0.7,5,150,123,8,10,proto_3;proto_4;proto_5,true cosine similarity,polygon_001,"{""type"":""Polygon"",""coordinates"":[[[-73.7223842805395,-44.247953636110516],[-73.71924073157405,-44.24824183616071],[-73.71902615485286,-44.24698143085823],[-73.72213751731013,-44.24673165221081],[-73.7223842805395,-44.247953636110516]]]}"
1_1_1_1_1_1_1,proto_1;proto_2;proto_3;proto_4;proto_5,ablation,EPSG:32718,30,1,1,1,0,EPSG:32718,2024,25800.0,258.0,1,1.1,2.1,1.02,18S,spatiotemporally held-out,2025,ESA WorldCover 2021 class 80,Raw64,Raw64,5,predicted positive AND individual object truth / individual object truth,polygon,21700.0,0.8410852713178295,217.0,unweighted 10 m pixel counts,21700.0,0,Chile,0.7,5,150,123,8,10,proto_3;proto_4;proto_5,true cosine similarity,polygon_002,"{""type"":""Polygon"",""coordinates"":[[[-73.843665114265,-44.27338361779464],[-73.84227036557725,-44.273306797443524],[-73.84293555341294,-44.27107896357949],[-73.8441157253795,-44.27117115148332],[-73.843665114265,-44.27338361779464]]]}"
1_1_1_1_1_1_2,proto_1;proto_2;proto_3;proto_4;proto_5,ablation,EPSG:32718,30,1,1,1,0,EPSG:32718,2024,43000.0,430.0,1,1.1,2.1,1.02,18S,spatiotemporally held-out,2025,ESA WorldCover 2021 class 80,Raw64,Raw64,5,predicted positive AND individual object truth / individual object truth,polygon,25000.0,0.5813953488372093,250.0,unweighted 10 m pixel counts,25000.0,0,Chile,0.7,5,150,123,8,10,proto_3;proto_4;proto_5,true cosine similarity,polygon_003,"{""type"":""Polygon"",""coordinates"":[[[-73.81250677882419,-44.25593564839703],[-73.80859075366244,-44.25561290647014],[-73.80867658435092,-44.25439108170084],[-73.8125818806766,-44.25472151480322],[-73.81250677882419,-44.25593564839703]]]}"
1_1_1_1_1_1_3,proto_1;proto_2;proto_3;proto_4;proto_5,ablation,EPSG:32718,30,1,1,1,0,EPSG:32718,2024,28800.0,288.0,1,1.1,2.1,1.02,18S,spatiotemporally held-out,2025,ESA WorldCover 2021 class 80,Raw64,Raw64,5,predicted positive AND individual object truth / individual object truth,polygon,24500.0,0.8506944444444444,245.0,unweighted 10 m pixel counts,24500.0,0,Chile,0.7,5,150,123,8,10,proto_3;proto_4;proto_5,true cosine similarity,polygon_004,"{""type"":""Polygon"",""coordinates"":[[[-73.88174935840654,-44.25126462486323],[-73.87766167186784,-44.251203145464075],[-73.87769385837602,-44.25039622239297],[-73.88174935840654,-44.25047307268626],[-73.88174935840654,-44.25126462486323]]]}"
1_1_1_1_1_1_4,proto_1;proto_2;proto_3;proto_4;proto_5,ablation,EPSG:32718,30,1,1,1,0,EPSG:32718,2024,32700.0,327.0,1,1.1,2.1,1.02,18S,spatiotemporally held-out,2025,ESA WorldCover 2021 class 80,Raw64,Raw64,5,predicted positive AND individual object truth / individual object truth,polygon,18800.0,0.5749235474006116,188.0,unweighted 10 m pixel counts,18800.0,0,Chile,0.7,5,150,123,8,10,proto_3;proto_4;proto_5,true cosine similarity,polygon_005,"{""type"":""Polygon"",""coordinates"":[[[-73.80570972929405,-44.1626216053941],[-73.80415404806541,-44.16512291303475],[-73.80286658773827,-44.1648766351434],[-73.80454028616357,-44.162205993234465],[-73.80570972929405,-44.1626216053941]]]}"
1_1_1_1_1_1_5,proto_1;proto_2;proto_3;proto_4;proto_5,ablation,EPSG:32718,30,1,1,1,0,EPSG:32718,2024,28800.0,288.0,1,1.1,2.1,1.02,18S,spatiotemporally held-out,2025,ESA WorldCover 2021 class 80,Raw64,Raw64,5,predicted positive AND individual object truth / individual object truth,polygon,18000.0,0.625,180.0,unweighted 10 m pixel counts,18000.0,0,Chile,0.7,5,150,123,8,10,proto_3;proto_4;proto_5,true cosine similarity,polygon_006,"{""type"":""Polygon"",""coordinates"":[[[-73.85201798473032,-44.150770451021216],[-73.85147081409129,-44.15167111486283],[-73.84848819766673,-44.15066267835876],[-73.84922848735484,-44.14976199912788],[-73.85201798473032,-44.150770451021216]]]}"
1_1_1_1_1_1_6,proto_1;proto_2;proto_3;proto_4;proto_5,ablation,EPSG:32718,30,1,1,1,0,EPSG:32718,2024,42900.0,429.0,1,1.1,2.1,1.02,18S,spatiotemporally held-out,2025,ESA WorldCover 2021 class 80,Raw64,Raw64,5,predicted positive AND individual object truth / individual object truth,polygon,29900.0,0.696969696969697,299.0,unweighted 10 m pixel counts,29900.0,0,Chile,0.7,5,150,123,8,10,proto_3;proto_4;proto_5,true cosine similarity,polygon_007,"{""type"":""Polygon"",""coordinates"":[[[-73.76096441026534,-44.103648965946014],[-73.75933362718429,-44.10626062656252],[-73.75784231897201,-44.10571365114786],[-73.7592263388237,-44.103225234318515],[-73.76096441026534,-44.103648965946014]]]}"
1_1_1_1_1_1_7,proto_1;proto_2;proto_3;proto_4;proto_5,ablation,EPSG:32718,30,1,1,1,0,EPSG:32718,2024,40400.0,404.0,1,1.1,2.1,1.02,18S,spatiotemporally held-out,2025,ESA WorldCover 2021 class 80,Raw64,Raw64,5,predicted positive AND individual object truth / individual object truth,polygon,31200.0,0.7722772277227723,312.0,unweighted 10 m pixel counts,31200.0,0,Chile,0.7,5,150,123,8,10,proto_3;proto_4;proto_5,true cosine similarity,polygon_008,"{""type"":""Polygon"",""coordinates"":[[[-73.73563078138692,-44.12054829126545],[-73.73397316296723,-44.12071003296919],[-73.73351718322839,-44.117983451975114],[-73.7351426180923,-44.11782170203635],[-73.73563078138692,-44.12054829126545]]]}"
1_1_1_1_1_1_8,proto_1;proto_2;proto_3;proto_4;proto_5,ablation,EPSG:32718,30,1,1,1,0,EPSG:32718,2024,33000.0,330.0,1,1.1,2.1,1.02,18S,spatiotemporally held-out,2025,ESA WorldCover 2021 class 80,Raw64,Raw64,5,predicted positive AND individual object truth / individual object truth,polygon,16500.0,0.5,165.0,unweighted 10 m pixel counts,16500.0,0,Chile,0.7,5,150,123,8,10,proto_3;proto_4;proto_5,true cosine similarity,polygon_009,"{""type"":""Polygon"",""coordinates"":[[[-73.62690880855315,-44.180771442681745],[-73.6238725479483,-44.18074066616904],[-73.62390473445647,-44.17953267535499],[-73.6268980797171,-44.17957884106389],[-73.62690880855315,-44.180771442681745]]]}"
1_1_1_1_1_1_9,proto_1;proto_2;proto_3;proto_4;proto_5,ablation,EPSG:32718,30,1,1,1,0,EPSG:32718,2024,39200.0,392.0,1,1.1,2.1,1.02,18S,spatiotemporally held-out,2025,ESA WorldCover 2021 class 80,Raw64,Raw64,5,predicted positive AND individual object truth / individual object truth,polygon,29700.0,0.7576530612244898,297.0,unweighted 10 m pixel counts,29700.0,0,Chile,0.7,5,150,123,8,10,proto_3;proto_4;proto_5,true cosine similarity,polygon_010,"{""type"":""Polygon"",""coordinates"":[[[-73.66237119435641,-44.15207137539723],[-73.66064385175082,-44.152048281780885],[-73.660676038259,-44.14947713598741],[-73.66243556737277,-44.1495002306098],[-73.66237119435641,-44.15207137539723]]]}"
1_1_1_1_1_1_10,proto_1;proto_2;proto_3;proto_4;proto_5,ablation,EPSG:32718,30,1,1,1,0,EPSG:32718,2024,59500.0,595.0,1,1.1,2.1,1.02,18S,spatiotemporally held-out,2025,ESA WorldCover 2021 class 80,Raw64,Raw64,5,predicted positive AND individual object truth / individual object truth,polygon,45900.0,0.7714285714285715,459.0,unweighted 10 m pixel counts,45900.0,0,Chile,0.7,5,150,123,8,10,proto_3;proto_4;proto_5,true cosine similarity,polygon_011,"{""type"":""Polygon"",""coordinates"":[[[-73.66087160807166,-44.11986153283052],[-73.65958414774451,-44.120677946679564],[-73.6564835141233,-44.11768950898279],[-73.65799628000771,-44.11683454152631],[-73.66087160807166,-44.11986153283052]]]}"
1_1_1_1_1_1_11,proto_1;proto_2;proto_3;proto_4;proto_5,ablation,EPSG:32718,30,1,1,1,0,EPSG:32718,2024,53700.0,537.0,1,1.1,2.1,1.02,18S,spatiotemporally held-out,2025,ESA WorldCover 2021 class 80,Raw64,Raw64,5,predicted positive AND individual object truth / individual object truth,polygon,37000.0,0.6890130353817505,370.0,unweighted 10 m pixel counts,37000.0,0,Chile,0.7,5,150,123,8,10,proto_3;proto_4;proto_5,true cosine similarity,polygon_012,"{""type"":""Polygon"",""coordinates"":[[[-73.57505973017743,-44.09892872701493],[-73.57332165873578,-44.09976854413258],[-73.57130463755658,-44.097326107121404],[-73.57320364153912,-44.09650166554462],[-73.57505973017743,-44.09892872701493]]]}"
1_1_1_1_1_1_12,proto_1;proto_2;proto_3;proto_4;proto_5,ablation,EPSG:32718,30,1,1,1,0,EPSG:32718,2024,49100.0,491.0,1,1.1,2.1,1.02,18S,spatiotemporally held-out,2025,ESA WorldCover 2021 class 80,Raw64,Raw64,5,predicted positive AND individual object truth / individual object truth,polygon,28000.0,0.570264765784114,280.0,unweighted 10 m pixel counts,28000.0,0,Chile,0.7,5,150,123,8,10,proto_3;proto_4;proto_5,true cosine similarity,polygon_013,"{""type"":""Polygon"",""coordinates"":[[[-73.54372514686786,-44.1523324519816],[-73.54272736511432,-44.15324078970458],[-73.53866113624774,-44.15102380525878],[-73.53959454498492,-44.15025399951401],[-73.54372514686786,-44.1523324519816]]]}"
1_1_1_1_1_1_13,proto_1;proto_2;proto_3;proto_4;proto_5,ablation,EPSG:32718,30,1,1,1,0,EPSG:32718,2024,28400.0,284.0,1,1.1,2.1,1.02,18S,spatiotemporally held-out,2025,ESA WorldCover 2021 class 80,Raw64,Raw64,5,predicted positive AND individual object truth / individual object truth,polygon,12700.0,0.4471830985915493,127.0,unweighted 10 m pixel counts,12700.0,0,Chile,0.7,5,150,123,8,10,proto_3;proto_4;proto_5,true cosine similarity,polygon_014,"{""type"":""Polygon"",""coordinates"":[[[-73.73763352942915,-44.2473034780176],[-73.7373223964053,-44.247904859708555],[-73.73676449370832,-44.248175768813674],[-73.73460799766035,-44.247349590630215],[-73.73463750757904,-44.24651763928139],[-73.73591155124159,-44.24652724361251],[-73.73763352942915,-44.2473034780176]]]}"
1_1_1_1_1_2_0,proto_1;proto_2;proto_3;proto_4;proto_5,ablation,EPSG:32718,30,0,0,0,0,EPSG:32718,2024,7800.0,78.0,1,1.1,2.1,1.02,18S,spatiotemporally held-out,2025,ESA WorldCover 2021 class 80,Raw64,Raw64,5,predicted positive AND individual object truth / individual object truth,radial,0.0,0.0,0.0,unweighted 10 m pixel counts,0.0,50,Chile,0.7,5,150,123,8,10,proto_3;proto_4;proto_5,true cosine similarity,radial_015,"{""type"":""Polygon"",""coordinates"":[[[-73.85167424051431,-44.23051887457346],[-73.85184963248939,-44.230536782182526],[-73.85201106356254,-44.23058907959523],[-73.85214568402625,-44.23067160402137],[-73.85224277813985,-44.23077778662693],[-73.85229461708742,-44.23089917537892],[-73.85229707423044,-44.23102610779515],[-73.8522499536687,-44.2311484800584],[-73.85215700593136,-44.23125655127924],[-73.85202562951815,-44.23134171888875],[-73.85186628202268,-44.231397203434085],[-73.85169164769819,-44.23141858825763],[-73.85151562773095,-44.231404171090354],[-73.85135223361401,-44.23135509956397],[-73.85121447173763,-44.23127527985159],[-73.8511133080124,-44.23117106571154],[-73.85105679496243,-44.231050752694074],[-73.8510494307782,-44.23092391778288],[-73.85109180133817,-44.23080065704618],[-73.85118053366968,-44.23069078198675],[-73.85130856452386,-44.23060303856249],[-73.85146570265857,-44.23054441103842],[-73.85163944005703,-44.23051956607397],[-73.85167424051431,-44.23051887457346]]]}"
1_1_1_1_2_1_0,proto_1;proto_2;proto_3;proto_4;proto_5,ablation,EPSG:32718,30,1,1,1,0,EPSG:32718,2024,35100.0,351.0,1,1.1,2.1,1.02,18S,spatiotemporally held-out,2025,ESA WorldCover 2021 class 80,Raw64 + class similarities,Raw64_ClassSimilarity,5,predicted positive AND individual object truth / individual object truth,polygon,28600.0,0.8148148148148148,286.0,unweighted 10 m pixel counts,28600.0,0,Chile,0.7,5,150,123,8,10,proto_3;proto_4;proto_5,true cosine similarity,polygon_001,"{""type"":""Polygon"",""coordinates"":[[[-73.7223842805395,-44.247953636110516],[-73.71924073157405,-44.24824183616071],[-73.71902615485286,-44.24698143085823],[-73.72213751731013,-44.24673165221081],[-73.7223842805395,-44.247953636110516]]]}"
1_1_1_1_2_1_1,proto_1;proto_2;proto_3;proto_4;proto_5,ablation,EPSG:32718,30,1,1,1,0,EPSG:32718,2024,25800.0,258.0,1,1.1,2.1,1.02,18S,spatiotemporally held-out,2025,ESA WorldCover 2021 class 80,Raw64 + class similarities,Raw64_ClassSimilarity,5,predicted positive AND individual object truth / individual object truth,polygon,21000.0,0.813953488372093,210.0,unweighted 10 m pixel counts,21000.0,0,Chile,0.7,5,150,123,8,10,proto_3;proto_4;proto_5,true cosine similarity,polygon_002,"{""type"":""Polygon"",""coordinates"":[[[-73.843665114265,-44.27338361779464],[-73.84227036557725,-44.273306797443524],[-73.84293555341294,-44.27107896357949],[-73.8441157253795,-44.27117115148332],[-73.843665114265,-44.27338361779464]]]}"
1_1_1_1_2_1_2,proto_1;proto_2;proto_3;proto_4;proto_5,ablation,EPSG:32718,30,1,1,1,0,EPSG:32718,2024,43000.0,430.0,1,1.1,2.1,1.02,18S,spatiotemporally held-out,2025,ESA WorldCover 2021 class 80,Raw64 + class similarities,Raw64_ClassSimilarity,5,predicted positive AND individual object truth / individual object truth,polygon,24600.0,0.5720930232558139,246.0,unweighted 10 m pixel counts,24600.0,0,Chile,0.7,5,150,123,8,10,proto_3;proto_4;proto_5,true cosine similarity,polygon_003,"{""type"":""Polygon"",""coordinates"":[[[-73.81250677882419,-44.25593564839703],[-73.80859075366244,-44.25561290647014],[-73.80867658435092,-44.25439108170084],[-73.8125818806766,-44.25472151480322],[-73.81250677882419,-44.25593564839703]]]}"
1_1_1_1_2_1_3,proto_1;proto_2;proto_3;proto_4;proto_5,ablation,EPSG:32718,30,1,1,1,0,EPSG:32718,2024,28800.0,288.0,1,1.1,2.1,1.02,18S,spatiotemporally held-out,2025,ESA WorldCover 2021 class 80,Raw64 + class similarities,Raw64_ClassSimilarity,5,predicted positive AND individual object truth / individual object truth,polygon,24300.0,0.84375,243.0,unweighted 10 m pixel counts,24300.0,0,Chile,0.7,5,150,123,8,10,proto_3;proto_4;proto_5,true cosine similarity,polygon_004,"{""type"":""Polygon"",""coordinates"":[[[-73.88174935840654,-44.25126462486323],[-73.87766167186784,-44.251203145464075],[-73.87769385837602,-44.25039622239297],[-73.88174935840654,-44.25047307268626],[-73.88174935840654,-44.25126462486323]]]}"
1_1_1_1_2_1_4,proto_1;proto_2;proto_3;proto_4;proto_5,ablation,EPSG:32718,30,1,1,1,0,EPSG:32718,2024,32700.0,327.0,1,1.1,2.1,1.02,18S,spatiotemporally held-out,2025,ESA WorldCover 2021 class 80,Raw64 + class similarities,Raw64_ClassSimilarity,5,predicted positive AND individual object truth / individual object truth,polygon,21600.0,0.6605504587155964,216.0,unweighted 10 m pixel counts,21600.0,0,Chile,0.7,5,150,123,8,10,proto_3;proto_4;proto_5,true cosine similarity,polygon_005,"{""type"":""Polygon"",""coordinates"":[[[-73.80570972929405,-44.1626216053941],[-73.80415404806541,-44.16512291303475],[-73.80286658773827,-44.1648766351434],[-73.80454028616357,-44.162205993234465],[-73.80570972929405,-44.1626216053941]]]}"
1_1_1_1_2_1_5,proto_1;proto_2;proto_3;proto_4;proto_5,ablation,EPSG:32718,30,1,1,1,0,EPSG:32718,2024,28800.0,288.0,1,1.1,2.1,1.02,18S,spatiotemporally held-out,2025,ESA WorldCover 2021 class 80,Raw64 + class similarities,Raw64_ClassSimilarity,5,predicted positive AND individual object truth / individual object truth,polygon,18500.0,0.6423611111111112,185.0,unweighted 10 m pixel counts,18500.0,0,Chile,0.7,5,150,123,8,10,proto_3;proto_4;proto_5,true cosine similarity,polygon_006,"{""type"":""Polygon"",""coordinates"":[[[-73.85201798473032,-44.150770451021216],[-73.85147081409129,-44.15167111486283],[-73.84848819766673,-44.15066267835876],[-73.84922848735484,-44.14976199912788],[-73.85201798473032,-44.150770451021216]]]}"
1_1_1_1_2_1_6,proto_1;proto_2;proto_3;proto_4;proto_5,ablation,EPSG:32718,30,1,1,1,0,EPSG:32718,2024,42900.0,429.0,1,1.1,2.1,1.02,18S,spatiotemporally held-out,2025,ESA WorldCover 2021 class 80,Raw64 + class similarities,Raw64_ClassSimilarity,5,predicted positive AND individual object truth / individual object truth,polygon,28700.0,0.668997668997669,287.0,unweighted 10 m pixel counts,28700.0,0,Chile,0.7,5,150,123,8,10,proto_3;proto_4;proto_5,true cosine similarity,polygon_007,"{""type"":""Polygon"",""coordinates"":[[[-73.76096441026534,-44.103648965946014],[-73.75933362718429,-44.10626062656252],[-73.75784231897201,-44.10571365114786],[-73.7592263388237,-44.103225234318515],[-73.76096441026534,-44.103648965946014]]]}"
1_1_1_1_2_1_7,proto_1;proto_2;proto_3;proto_4;proto_5,ablation,EPSG:32718,30,1,1,1,0,EPSG:32718,2024,40400.0,404.0,1,1.1,2.1,1.02,18S,spatiotemporally held-out,2025,ESA WorldCover 2021 class 80,Raw64 + class similarities,Raw64_ClassSimilarity,5,predicted positive AND individual object truth / individual object truth,polygon,33700.0,0.8341584158415841,337.0,unweighted 10 m pixel counts,33700.0,0,Chile,0.7,5,150,123,8,10,proto_3;proto_4;proto_5,true cosine similarity,polygon_008,"{""type"":""Polygon"",""coordinates"":[[[-73.73563078138692,-44.12054829126545],[-73.73397316296723,-44.12071003296919],[-73.73351718322839,-44.117983451975114],[-73.7351426180923,-44.11782170203635],[-73.73563078138692,-44.12054829126545]]]}"
1_1_1_1_2_1_8,proto_1;proto_2;proto_3;proto_4;proto_5,ablation,EPSG:32718,30,0,0,1,0,EPSG:32718,2024,33000.0,330.0,1,1.1,2.1,1.02,18S,spatiotemporally held-out,2025,ESA WorldCover 2021 class 80,Raw64 + class similarities,Raw64_ClassSimilarity,5,predicted positive AND individual object truth / individual object truth,polygon,1000.0,0.030303030303030304,10.0,unweighted 10 m pixel counts,1000.0,0,Chile,0.7,5,150,123,8,10,proto_3;proto_4;proto_5,true cosine similarity,polygon_009,"{""type"":""Polygon"",""coordinates"":[[[-73.62690880855315,-44.180771442681745],[-73.6238725479483,-44.18074066616904],[-73.62390473445647,-44.17953267535499],[-73.6268980797171,-44.17957884106389],[-73.62690880855315,-44.180771442681745]]]}"
1_1_1_1_2_1_9,proto_1;proto_2;proto_3;proto_4;proto_5,ablation,EPSG:32718,30,1,1,1,0,EPSG:32718,2024,39200.0,392.0,1,1.1,2.1,1.02,18S,spatiotemporally held-out,2025,ESA WorldCover 2021 class 80,Raw64 + class similarities,Raw64_ClassSimilarity,5,predicted positive AND individual object truth / individual object truth,polygon,30100.0,0.7678571428571429,301.0,unweighted 10 m pixel counts,30100.0,0,Chile,0.7,5,150,123,8,10,proto_3;proto_4;proto_5,true cosine similarity,polygon_010,"{""type"":""Polygon"",""coordinates"":[[[-73.66237119435641,-44.15207137539723],[-73.66064385175082,-44.152048281780885],[-73.660676038259,-44.14947713598741],[-73.66243556737277,-44.1495002306098],[-73.66237119435641,-44.15207137539723]]]}"
1_1_1_1_2_1_10,proto_1;proto_2;proto_3;proto_4;proto_5,ablation,EPSG:32718,30,1,1,1,0,EPSG:32718,2024,59500.0,595.0,1,1.1,2.1,1.02,18S,spatiotemporally held-out,2025,ESA WorldCover 2021 class 80,Raw64 + class similarities,Raw64_ClassSimilarity,5,predicted positive AND individual object truth / individual object truth,polygon,43300.0,0.7277310924369748,433.0,unweighted 10 m pixel counts,43300.0,0,Chile,0.7,5,150,123,8,10,proto_3;proto_4;proto_5,true cosine similarity,polygon_011,"{""type"":""Polygon"",""coordinates"":[[[-73.66087160807166,-44.11986153283052],[-73.65958414774451,-44.120677946679564],[-73.6564835141233,-44.11768950898279],[-73.65799628000771,-44.11683454152631],[-73.66087160807166,-44.11986153283052]]]}"
1_1_1_1_2_1_11,proto_1;proto_2;proto_3;proto_4;proto_5,ablation,EPSG:32718,30,1,1,1,0,EPSG:32718,2024,53700.0,537.0,1,1.1,2.1,1.02,18S,spatiotemporally held-out,2025,ESA WorldCover 2021 class 80,Raw64 + class similarities,Raw64_ClassSimilarity,5,predicted positive AND individual object truth / individual object truth,polygon,36600.0,0.6815642458100558,366.0,unweighted 10 m pixel counts,36600.0,0,Chile,0.7,5,150,123,8,10,proto_3;proto_4;proto_5,true cosine similarity,polygon_012,"{""type"":""Polygon"",""coordinates"":[[[-73.57505973017743,-44.09892872701493],[-73.57332165873578,-44.09976854413258],[-73.57130463755658,-44.097326107121404],[-73.57320364153912,-44.09650166554462],[-73.57505973017743,-44.09892872701493]]]}"
1_1_1_1_2_1_12,proto_1;proto_2;proto_3;proto_4;proto_5,ablation,EPSG:32718,30,1,1,1,0,EPSG:32718,2024,49100.0,491.0,1,1.1,2.1,1.02,18S,spatiotemporally held-out,2025,ESA WorldCover 2021 class 80,Raw64 + class similarities,Raw64_ClassSimilarity,5,predicted positive AND individual object truth / individual object truth,polygon,27700.0,0.5641547861507128,277.0,unweighted 10 m pixel counts,27700.0,0,Chile,0.7,5,150,123,8,10,proto_3;proto_4;proto_5,true cosine similarity,polygon_013,"{""type"":""Polygon"",""coordinates"":[[[-73.54372514686786,-44.1523324519816],[-73.54272736511432,-44.15324078970458],[-73.53866113624774,-44.15102380525878],[-73.53959454498492,-44.15025399951401],[-73.54372514686786,-44.1523324519816]]]}"
1_1_1_1_2_1_13,proto_1;proto_2;proto_3;proto_4;proto_5,ablation,EPSG:32718,30,1,0,1,0,EPSG:32718,2024,28400.0,284.0,1,1.1,2.1,1.02,18S,spatiotemporally held-out,2025,ESA WorldCover 2021 class 80,Raw64 + class similarities,Raw64_ClassSimilarity,5,predicted positive AND individual object truth / individual object truth,polygon,3300.0,0.11619718309859155,33.0,unweighted 10 m pixel counts,3300.0,0,Chile,0.7,5,150,123,8,10,proto_3;proto_4;proto_5,true cosine similarity,polygon_014,"{""type"":""Polygon"",""coordinates"":[[[-73.73763352942915,-44.2473034780176],[-73.7373223964053,-44.247904859708555],[-73.73676449370832,-44.248175768813674],[-73.73460799766035,-44.247349590630215],[-73.73463750757904,-44.24651763928139],[-73.73591155124159,-44.24652724361251],[-73.73763352942915,-44.2473034780176]]]}"
1_1_1_1_2_2_0,proto_1;proto_2;proto_3;proto_4;proto_5,ablation,EPSG:32718,30,0,0,0,0,EPSG:32718,2024,7800.0,78.0,1,1.1,2.1,1.02,18S,spatiotemporally held-out,2025,ESA WorldCover 2021 class 80,Raw64 + class similarities,Raw64_ClassSimilarity,5,predicted positive AND individual object truth / individual object truth,radial,0.0,0.0,0.0,unweighted 10 m pixel counts,0.0,50,Chile,0.7,5,150,123,8,10,proto_3;proto_4;proto_5,true cosine similarity,radial_015,"{""type"":""Polygon"",""coordinates"":[[[-73.85167424051431,-44.23051887457346],[-73.85184963248939,-44.230536782182526],[-73.85201106356254,-44.23058907959523],[-73.85214568402625,-44.23067160402137],[-73.85224277813985,-44.23077778662693],[-73.85229461708742,-44.23089917537892],[-73.85229707423044,-44.23102610779515],[-73.8522499536687,-44.2311484800584],[-73.85215700593136,-44.23125655127924],[-73.85202562951815,-44.23134171888875],[-73.85186628202268,-44.231397203434085],[-73.85169164769819,-44.23141858825763],[-73.85151562773095,-44.231404171090354],[-73.85135223361401,-44.23135509956397],[-73.85121447173763,-44.23127527985159],[-73.8511133080124,-44.23117106571154],[-73.85105679496243,-44.231050752694074],[-73.8510494307782,-44.23092391778288],[-73.85109180133817,-44.23080065704618],[-73.85118053366968,-44.23069078198675],[-73.85130856452386,-44.23060303856249],[-73.85146570265857,-44.23054441103842],[-73.85163944005703,-44.23051956607397],[-73.85167424051431,-44.23051887457346]]]}"
1_1_1_2_1_0,proto_1;proto_2;proto_3;proto_4;proto_5,ablation,EPSG:32718,30,1,1,1,0,EPSG:32718,2024,35100.0,351.0,1,1.1,2.1,1.02,18S,spatiotemporally held-out,2025,ESA WorldCover 2021 class 80,Raw64 + class similarities + margins,Raw64_ClassSimilarity_Margins,5,predicted positive AND individual object truth / individual object truth,polygon,28300.0,0.8062678062678063,283.0,unweighted 10 m pixel counts,28300.0,0,Chile,0.7,5,150,123,8,10,proto_3;proto_4;proto_5,true cosine similarity,polygon_001,"{""type"":""Polygon"",""coordinates"":[[[-73.7223842805395,-44.247953636110516],[-73.71924073157405,-44.24824183616071],[-73.71902615485286,-44.24698143085823],[-73.72213751731013,-44.24673165221081],[-73.7223842805395,-44.247953636110516]]]}"
1_1_1_2_1_1,proto_1;proto_2;proto_3;proto_4;proto_5,ablation,EPSG:32718,30,1,1,1,0,EPSG:32718,2024,25800.0,258.0,1,1.1,2.1,1.02,18S,spatiotemporally held-out,2025,ESA WorldCover 2021 class 80,Raw64 + class similarities + margins,Raw64_ClassSimilarity_Margins,5,predicted positive AND individual object truth / individual object truth,polygon,20700.0,0.8023255813953488,207.0,unweighted 10 m pixel counts,20700.0,0,Chile,0.7,5,150,123,8,10,proto_3;proto_4;proto_5,true cosine similarity,polygon_002,"{""type"":""Polygon"",""coordinates"":[[[-73.843665114265,-44.27338361779464],[-73.84227036557725,-44.273306797443524],[-73.84293555341294,-44.27107896357949],[-73.8441157253795,-44.27117115148332],[-73.843665114265,-44.27338361779464]]]}"
1_1_1_2_1_2,proto_1;proto_2;proto_3;proto_4;proto_5,ablation,EPSG:32718,30,1,1,1,0,EPSG:32718,2024,43000.0,430.0,1,1.1,2.1,1.02,18S,spatiotemporally held-out,2025,ESA WorldCover 2021 class 80,Raw64 + class similarities + margins,Raw64_ClassSimilarity_Margins,5,predicted positive AND individual object truth / individual object truth,polygon,24000.0,0.5581395348837209,240.0,unweighted 10 m pixel counts,24000.0,0,Chile,0.7,5,150,123,8,10,proto_3;proto_4;proto_5,true cosine similarity,polygon_003,"{""type"":""Polygon"",""coordinates"":[[[-73.81250677882419,-44.25593564839703],[-73.80859075366244,-44.25561290647014],[-73.80867658435092,-44.25439108170084],[-73.8125818806766,-44.25472151480322],[-73.81250677882419,-44.25593564839703]]]}"
1_1_1_2_1_3,proto_1;proto_2;proto_3;proto_4;proto_5,ablation,EPSG:32718,30,1,1,1,0,EPSG:32718,2024,28800.0,288.0,1,1.1,2.1,1.02,18S,spatiotemporally held-out,2025,ESA WorldCover 2021 class 80,Raw64 + class similarities + margins,Raw64_ClassSimilarity_Margins,5,predicted positive AND individual object truth / individual object truth,polygon,22900.0,0.7951388888888888,229.0,unweighted 10 m pixel counts,22900.0,0,Chile,0.7,5,150,123,8,10,proto_3;proto_4;proto_5,true cosine similarity,polygon_004,"{""type"":""Polygon"",""coordinates"":[[[-73.88174935840654,-44.25126462486323],[-73.87766167186784,-44.251203145464075],[-73.87769385837602,-44.25039622239297],[-73.88174935840654,-44.25047307268626],[-73.88174935840654,-44.25126462486323]]]}"
1_1_1_2_1_4,proto_1;proto_2;proto_3;proto_4;proto_5,ablation,EPSG:32718,30,1,1,1,0,EPSG:32718,2024,32700.0,327.0,1,1.1,2.1,1.02,18S,spatiotemporally held-out,2025,ESA WorldCover 2021 class 80,Raw64 + class similarities + margins,Raw64_ClassSimilarity_Margins,5,predicted positive AND individual object truth / individual object truth,polygon,14800.0,0.4525993883792049,148.0,unweighted 10 m pixel counts,14800.0,0,Chile,0.7,5,150,123,8,10,proto_3;proto_4;proto_5,true cosine similarity,polygon_005,"{""type"":""Polygon"",""coordinates"":[[[-73.80570972929405,-44.1626216053941],[-73.80415404806541,-44.16512291303475],[-73.80286658773827,-44.1648766351434],[-73.80454028616357,-44.162205993234465],[-73.80570972929405,-44.1626216053941]]]}"
1_1_1_2_1_5,proto_1;proto_2;proto_3;proto_4;proto_5,ablation,EPSG:32718,30,1,1,1,0,EPSG:32718,2024,28800.0,288.0,1,1.1,2.1,1.02,18S,spatiotemporally held-out,2025,ESA WorldCover 2021 class 80,Raw64 + class similarities + margins,Raw64_ClassSimilarity_Margins,5,predicted positive AND individual object truth / individual object truth,polygon,17600.0,0.6111111111111112,176.0,unweighted 10 m pixel counts,17600.0,0,Chile,0.7,5,150,123,8,10,proto_3;proto_4;proto_5,true cosine similarity,polygon_006,"{""type"":""Polygon"",""coordinates"":[[[-73.85201798473032,-44.150770451021216],[-73.85147081409129,-44.15167111486283],[-73.84848819766673,-44.15066267835876],[-73.84922848735484,-44.14976199912788],[-73.85201798473032,-44.150770451021216]]]}"
1_1_1_2_1_6,proto_1;proto_2;proto_3;proto_4;proto_5,ablation,EPSG:32718,30,1,1,1,0,EPSG:32718,2024,42900.0,429.0,1,1.1,2.1,1.02,18S,spatiotemporally held-out,2025,ESA WorldCover 2021 class 80,Raw64 + class similarities + margins,Raw64_ClassSimilarity_Margins,5,predicted positive AND individual object truth / individual object truth,polygon,31500.0,0.7342657342657343,315.0,unweighted 10 m pixel counts,31500.0,0,Chile,0.7,5,150,123,8,10,proto_3;proto_4;proto_5,true cosine similarity,polygon_007,"{""type"":""Polygon"",""coordinates"":[[[-73.76096441026534,-44.103648965946014],[-73.75933362718429,-44.10626062656252],[-73.75784231897201,-44.10571365114786],[-73.7592263388237,-44.103225234318515],[-73.76096441026534,-44.103648965946014]]]}"
1_1_1_2_1_7,proto_1;proto_2;proto_3;proto_4;proto_5,ablation,EPSG:32718,30,1,1,1,0,EPSG:32718,2024,40400.0,404.0,1,1.1,2.1,1.02,18S,spatiotemporally held-out,2025,ESA WorldCover 2021 class 80,Raw64 + class similarities + margins,Raw64_ClassSimilarity_Margins,5,predicted positive AND individual object truth / individual object truth,polygon,35300.0,0.8737623762376238,353.0,unweighted 10 m pixel counts,35300.0,0,Chile,0.7,5,150,123,8,10,proto_3;proto_4;proto_5,true cosine similarity,polygon_008,"{""type"":""Polygon"",""coordinates"":[[[-73.73563078138692,-44.12054829126545],[-73.73397316296723,-44.12071003296919],[-73.73351718322839,-44.117983451975114],[-73.7351426180923,-44.11782170203635],[-73.73563078138692,-44.12054829126545]]]}"
1_1_1_2_1_8,proto_1;proto_2;proto_3;proto_4;proto_5,ablation,EPSG:32718,30,0,0,1,0,EPSG:32718,2024,33000.0,330.0,1,1.1,2.1,1.02,18S,spatiotemporally held-out,2025,ESA WorldCover 2021 class 80,Raw64 + class similarities + margins,Raw64_ClassSimilarity_Margins,5,predicted positive AND individual object truth / individual object truth,polygon,500.0,0.015151515151515152,5.0,unweighted 10 m pixel counts,500.0,0,Chile,0.7,5,150,123,8,10,proto_3;proto_4;proto_5,true cosine similarity,polygon_009,"{""type"":""Polygon"",""coordinates"":[[[-73.62690880855315,-44.180771442681745],[-73.6238725479483,-44.18074066616904],[-73.62390473445647,-44.17953267535499],[-73.6268980797171,-44.17957884106389],[-73.62690880855315,-44.180771442681745]]]}"
1_1_1_2_1_9,proto_1;proto_2;proto_3;proto_4;proto_5,ablation,EPSG:32718,30,1,1,1,0,EPSG:32718,2024,39200.0,392.0,1,1.1,2.1,1.02,18S,spatiotemporally held-out,2025,ESA WorldCover 2021 class 80,Raw64 + class similarities + margins,Raw64_ClassSimilarity_Margins,5,predicted positive AND individual object truth / individual object truth,polygon,28900.0,0.7372448979591837,289.0,unweighted 10 m pixel counts,28900.0,0,Chile,0.7,5,150,123,8,10,proto_3;proto_4;proto_5,true cosine similarity,polygon_010,"{""type"":""Polygon"",""coordinates"":[[[-73.66237119435641,-44.15207137539723],[-73.66064385175082,-44.152048281780885],[-73.660676038259,-44.14947713598741],[-73.66243556737277,-44.1495002306098],[-73.66237119435641,-44.15207137539723]]]}"
1_1_1_2_1_10,proto_1;proto_2;proto_3;proto_4;proto_5,ablation,EPSG:32718,30,1,1,1,0,EPSG:32718,2024,59500.0,595.0,1,1.1,2.1,1.02,18S,spatiotemporally held-out,2025,ESA WorldCover 2021 class 80,Raw64 + class similarities + margins,Raw64_ClassSimilarity_Margins,5,predicted positive AND individual object truth / individual object truth,polygon,42800.0,0.719327731092437,428.0,unweighted 10 m pixel counts,42800.0,0,Chile,0.7,5,150,123,8,10,proto_3;proto_4;proto_5,true cosine similarity,polygon_011,"{""type"":""Polygon"",""coordinates"":[[[-73.66087160807166,-44.11986153283052],[-73.65958414774451,-44.120677946679564],[-73.6564835141233,-44.11768950898279],[-73.65799628000771,-44.11683454152631],[-73.66087160807166,-44.11986153283052]]]}"
1_1_1_2_1_11,proto_1;proto_2;proto_3;proto_4;proto_5,ablation,EPSG:32718,30,1,1,1,0,EPSG:32718,2024,53700.0,537.0,1,1.1,2.1,1.02,18S,spatiotemporally held-out,2025,ESA WorldCover 2021 class 80,Raw64 + class similarities + margins,Raw64_ClassSimilarity_Margins,5,predicted positive AND individual object truth / individual object truth,polygon,37000.0,0.6890130353817505,370.0,unweighted 10 m pixel counts,37000.0,0,Chile,0.7,5,150,123,8,10,proto_3;proto_4;proto_5,true cosine similarity,polygon_012,"{""type"":""Polygon"",""coordinates"":[[[-73.57505973017743,-44.09892872701493],[-73.57332165873578,-44.09976854413258],[-73.57130463755658,-44.097326107121404],[-73.57320364153912,-44.09650166554462],[-73.57505973017743,-44.09892872701493]]]}"
1_1_1_2_1_12,proto_1;proto_2;proto_3;proto_4;proto_5,ablation,EPSG:32718,30,1,1,1,0,EPSG:32718,2024,49100.0,491.0,1,1.1,2.1,1.02,18S,spatiotemporally held-out,2025,ESA WorldCover 2021 class 80,Raw64 + class similarities + margins,Raw64_ClassSimilarity_Margins,5,predicted positive AND individual object truth / individual object truth,polygon,28400.0,0.5784114052953157,284.0,unweighted 10 m pixel counts,28400.0,0,Chile,0.7,5,150,123,8,10,proto_3;proto_4;proto_5,true cosine similarity,polygon_013,"{""type"":""Polygon"",""coordinates"":[[[-73.54372514686786,-44.1523324519816],[-73.54272736511432,-44.15324078970458],[-73.53866113624774,-44.15102380525878],[-73.53959454498492,-44.15025399951401],[-73.54372514686786,-44.1523324519816]]]}"
1_1_1_2_1_13,proto_1;proto_2;proto_3;proto_4;proto_5,ablation,EPSG:32718,30,1,1,1,0,EPSG:32718,2024,28400.0,284.0,1,1.1,2.1,1.02,18S,spatiotemporally held-out,2025,ESA WorldCover 2021 class 80,Raw64 + class similarities + margins,Raw64_ClassSimilarity_Margins,5,predicted positive AND individual object truth / individual object truth,polygon,7600.0,0.2676056338028169,76.0,unweighted 10 m pixel counts,7600.0,0,Chile,0.7,5,150,123,8,10,proto_3;proto_4;proto_5,true cosine similarity,polygon_014,"{""type"":""Polygon"",""coordinates"":[[[-73.73763352942915,-44.2473034780176],[-73.7373223964053,-44.247904859708555],[-73.73676449370832,-44.248175768813674],[-73.73460799766035,-44.247349590630215],[-73.73463750757904,-44.24651763928139],[-73.73591155124159,-44.24652724361251],[-73.73763352942915,-44.2473034780176]]]}"
1_1_1_2_2_0,proto_1;proto_2;proto_3;proto_4;proto_5,ablation,EPSG:32718,30,0,0,0,0,EPSG:32718,2024,7800.0,78.0,1,1.1,2.1,1.02,18S,spatiotemporally held-out,2025,ESA WorldCover 2021 class 80,Raw64 + class similarities + margins,Raw64_ClassSimilarity_Margins,5,predicted positive AND individual object truth / individual object truth,radial,0.0,0.0,0.0,unweighted 10 m pixel counts,0.0,50,Chile,0.7,5,150,123,8,10,proto_3;proto_4;proto_5,true cosine similarity,radial_015,"{""type"":""Polygon"",""coordinates"":[[[-73.85167424051431,-44.23051887457346],[-73.85184963248939,-44.230536782182526],[-73.85201106356254,-44.23058907959523],[-73.85214568402625,-44.23067160402137],[-73.85224277813985,-44.23077778662693],[-73.85229461708742,-44.23089917537892],[-73.85229707423044,-44.23102610779515],[-73.8522499536687,-44.2311484800584],[-73.85215700593136,-44.23125655127924],[-73.85202562951815,-44.23134171888875],[-73.85186628202268,-44.231397203434085],[-73.85169164769819,-44.23141858825763],[-73.85151562773095,-44.231404171090354],[-73.85135223361401,-44.23135509956397],[-73.85121447173763,-44.23127527985159],[-73.8511133080124,-44.23117106571154],[-73.85105679496243,-44.231050752694074],[-73.8510494307782,-44.23092391778288],[-73.85109180133817,-44.23080065704618],[-73.85118053366968,-44.23069078198675],[-73.85130856452386,-44.23060303856249],[-73.85146570265857,-44.23054441103842],[-73.85163944005703,-44.23051956607397],[-73.85167424051431,-44.23051887457346]]]}"
1_1_2_1_0,proto_1;proto_2;proto_3;proto_4;proto_5,ablation,EPSG:32718,30,1,1,1,0,EPSG:32718,2024,35100.0,351.0,1,1.1,2.1,1.02,18S,spatiotemporally held-out,2025,ESA WorldCover 2021 class 80,Raw64 + class similarities + margins + all prototypes,Raw64_ClassSimilarity_Margins_AllPrototypes,5,predicted positive AND individual object truth / individual object truth,polygon,28900.0,0.8233618233618234,289.0,unweighted 10 m pixel counts,28900.0,0,Chile,0.7,5,150,123,8,10,proto_3;proto_4;proto_5,true cosine similarity,polygon_001,"{""type"":""Polygon"",""coordinates"":[[[-73.7223842805395,-44.247953636110516],[-73.71924073157405,-44.24824183616071],[-73.71902615485286,-44.24698143085823],[-73.72213751731013,-44.24673165221081],[-73.7223842805395,-44.247953636110516]]]}"
1_1_2_1_1,proto_1;proto_2;proto_3;proto_4;proto_5,ablation,EPSG:32718,30,1,1,1,0,EPSG:32718,2024,25800.0,258.0,1,1.1,2.1,1.02,18S,spatiotemporally held-out,2025,ESA WorldCover 2021 class 80,Raw64 + class similarities + margins + all prototypes,Raw64_ClassSimilarity_Margins_AllPrototypes,5,predicted positive AND individual object truth / individual object truth,polygon,21100.0,0.8178294573643411,211.0,unweighted 10 m pixel counts,21100.0,0,Chile,0.7,5,150,123,8,10,proto_3;proto_4;proto_5,true cosine similarity,polygon_002,"{""type"":""Polygon"",""coordinates"":[[[-73.843665114265,-44.27338361779464],[-73.84227036557725,-44.273306797443524],[-73.84293555341294,-44.27107896357949],[-73.8441157253795,-44.27117115148332],[-73.843665114265,-44.27338361779464]]]}"
1_1_2_1_2,proto_1;proto_2;proto_3;proto_4;proto_5,ablation,EPSG:32718,30,1,1,1,0,EPSG:32718,2024,43000.0,430.0,1,1.1,2.1,1.02,18S,spatiotemporally held-out,2025,ESA WorldCover 2021 class 80,Raw64 + class similarities + margins + all prototypes,Raw64_ClassSimilarity_Margins_AllPrototypes,5,predicted positive AND individual object truth / individual object truth,polygon,27100.0,0.6302325581395349,271.0,unweighted 10 m pixel counts,27100.0,0,Chile,0.7,5,150,123,8,10,proto_3;proto_4;proto_5,true cosine similarity,polygon_003,"{""type"":""Polygon"",""coordinates"":[[[-73.81250677882419,-44.25593564839703],[-73.80859075366244,-44.25561290647014],[-73.80867658435092,-44.25439108170084],[-73.8125818806766,-44.25472151480322],[-73.81250677882419,-44.25593564839703]]]}"
1_1_2_1_3,proto_1;proto_2;proto_3;proto_4;proto_5,ablation,EPSG:32718,30,1,1,1,0,EPSG:32718,2024,28800.0,288.0,1,1.1,2.1,1.02,18S,spatiotemporally held-out,2025,ESA WorldCover 2021 class 80,Raw64 + class similarities + margins + all prototypes,Raw64_ClassSimilarity_Margins_AllPrototypes,5,predicted positive AND individual object truth / individual object truth,polygon,24600.0,0.8541666666666666,246.0,unweighted 10 m pixel counts,24600.0,0,Chile,0.7,5,150,123,8,10,proto_3;proto_4;proto_5,true cosine similarity,polygon_004,"{""type"":""Polygon"",""coordinates"":[[[-73.88174935840654,-44.25126462486323],[-73.87766167186784,-44.251203145464075],[-73.87769385837602,-44.25039622239297],[-73.88174935840654,-44.25047307268626],[-73.88174935840654,-44.25126462486323]]]}"
1_1_2_1_4,proto_1;proto_2;proto_3;proto_4;proto_5,ablation,EPSG:32718,30,1,1,1,0,EPSG:32718,2024,32700.0,327.0,1,1.1,2.1,1.02,18S,spatiotemporally held-out,2025,ESA WorldCover 2021 class 80,Raw64 + class similarities + margins + all prototypes,Raw64_ClassSimilarity_Margins_AllPrototypes,5,predicted positive AND individual object truth / individual object truth,polygon,21500.0,0.6574923547400612,215.0,unweighted 10 m pixel counts,21500.0,0,Chile,0.7,5,150,123,8,10,proto_3;proto_4;proto_5,true cosine similarity,polygon_005,"{""type"":""Polygon"",""coordinates"":[[[-73.80570972929405,-44.1626216053941],[-73.80415404806541,-44.16512291303475],[-73.80286658773827,-44.1648766351434],[-73.80454028616357,-44.162205993234465],[-73.80570972929405,-44.1626216053941]]]}"
1_1_2_1_5,proto_1;proto_2;proto_3;proto_4;proto_5,ablation,EPSG:32718,30,1,1,1,0,EPSG:32718,2024,28800.0,288.0,1,1.1,2.1,1.02,18S,spatiotemporally held-out,2025,ESA WorldCover 2021 class 80,Raw64 + class similarities + margins + all prototypes,Raw64_ClassSimilarity_Margins_AllPrototypes,5,predicted positive AND individual object truth / individual object truth,polygon,17900.0,0.6215277777777778,179.0,unweighted 10 m pixel counts,17900.0,0,Chile,0.7,5,150,123,8,10,proto_3;proto_4;proto_5,true cosine similarity,polygon_006,"{""type"":""Polygon"",""coordinates"":[[[-73.85201798473032,-44.150770451021216],[-73.85147081409129,-44.15167111486283],[-73.84848819766673,-44.15066267835876],[-73.84922848735484,-44.14976199912788],[-73.85201798473032,-44.150770451021216]]]}"
1_1_2_1_6,proto_1;proto_2;proto_3;proto_4;proto_5,ablation,EPSG:32718,30,1,1,1,0,EPSG:32718,2024,42900.0,429.0,1,1.1,2.1,1.02,18S,spatiotemporally held-out,2025,ESA WorldCover 2021 class 80,Raw64 + class similarities + margins + all prototypes,Raw64_ClassSimilarity_Margins_AllPrototypes,5,predicted positive AND individual object truth / individual object truth,polygon,29300.0,0.682983682983683,293.0,unweighted 10 m pixel counts,29300.0,0,Chile,0.7,5,150,123,8,10,proto_3;proto_4;proto_5,true cosine similarity,polygon_007,"{""type"":""Polygon"",""coordinates"":[[[-73.76096441026534,-44.103648965946014],[-73.75933362718429,-44.10626062656252],[-73.75784231897201,-44.10571365114786],[-73.7592263388237,-44.103225234318515],[-73.76096441026534,-44.103648965946014]]]}"
1_1_2_1_7,proto_1;proto_2;proto_3;proto_4;proto_5,ablation,EPSG:32718,30,1,1,1,0,EPSG:32718,2024,40400.0,404.0,1,1.1,2.1,1.02,18S,spatiotemporally held-out,2025,ESA WorldCover 2021 class 80,Raw64 + class similarities + margins + all prototypes,Raw64_ClassSimilarity_Margins_AllPrototypes,5,predicted positive AND individual object truth / individual object truth,polygon,35400.0,0.8762376237623762,354.0,unweighted 10 m pixel counts,35400.0,0,Chile,0.7,5,150,123,8,10,proto_3;proto_4;proto_5,true cosine similarity,polygon_008,"{""type"":""Polygon"",""coordinates"":[[[-73.73563078138692,-44.12054829126545],[-73.73397316296723,-44.12071003296919],[-73.73351718322839,-44.117983451975114],[-73.7351426180923,-44.11782170203635],[-73.73563078138692,-44.12054829126545]]]}"
1_1_2_1_8,proto_1;proto_2;proto_3;proto_4;proto_5,ablation,EPSG:32718,30,1,1,1,0,EPSG:32718,2024,33000.0,330.0,1,1.1,2.1,1.02,18S,spatiotemporally held-out,2025,ESA WorldCover 2021 class 80,Raw64 + class similarities + margins + all prototypes,Raw64_ClassSimilarity_Margins_AllPrototypes,5,predicted positive AND individual object truth / individual object truth,polygon,10300.0,0.31212121212121213,103.0,unweighted 10 m pixel counts,10300.0,0,Chile,0.7,5,150,123,8,10,proto_3;proto_4;proto_5,true cosine similarity,polygon_009,"{""type"":""Polygon"",""coordinates"":[[[-73.62690880855315,-44.180771442681745],[-73.6238725479483,-44.18074066616904],[-73.62390473445647,-44.17953267535499],[-73.6268980797171,-44.17957884106389],[-73.62690880855315,-44.180771442681745]]]}"
1_1_2_1_9,proto_1;proto_2;proto_3;proto_4;proto_5,ablation,EPSG:32718,30,1,1,1,0,EPSG:32718,2024,39200.0,392.0,1,1.1,2.1,1.02,18S,spatiotemporally held-out,2025,ESA WorldCover 2021 class 80,Raw64 + class similarities + margins + all prototypes,Raw64_ClassSimilarity_Margins_AllPrototypes,5,predicted positive AND individual object truth / individual object truth,polygon,30700.0,0.7831632653061225,307.0,unweighted 10 m pixel counts,30700.0,0,Chile,0.7,5,150,123,8,10,proto_3;proto_4;proto_5,true cosine similarity,polygon_010,"{""type"":""Polygon"",""coordinates"":[[[-73.66237119435641,-44.15207137539723],[-73.66064385175082,-44.152048281780885],[-73.660676038259,-44.14947713598741],[-73.66243556737277,-44.1495002306098],[-73.66237119435641,-44.15207137539723]]]}"
1_1_2_1_10,proto_1;proto_2;proto_3;proto_4;proto_5,ablation,EPSG:32718,30,1,1,1,0,EPSG:32718,2024,59500.0,595.0,1,1.1,2.1,1.02,18S,spatiotemporally held-out,2025,ESA WorldCover 2021 class 80,Raw64 + class similarities + margins + all prototypes,Raw64_ClassSimilarity_Margins_AllPrototypes,5,predicted positive AND individual object truth / individual object truth,polygon,38700.0,0.6504201680672269,387.0,unweighted 10 m pixel counts,38700.0,0,Chile,0.7,5,150,123,8,10,proto_3;proto_4;proto_5,true cosine similarity,polygon_011,"{""type"":""Polygon"",""coordinates"":[[[-73.66087160807166,-44.11986153283052],[-73.65958414774451,-44.120677946679564],[-73.6564835141233,-44.11768950898279],[-73.65799628000771,-44.11683454152631],[-73.66087160807166,-44.11986153283052]]]}"
1_1_2_1_11,proto_1;proto_2;proto_3;proto_4;proto_5,ablation,EPSG:32718,30,1,1,1,0,EPSG:32718,2024,53700.0,537.0,1,1.1,2.1,1.02,18S,spatiotemporally held-out,2025,ESA WorldCover 2021 class 80,Raw64 + class similarities + margins + all prototypes,Raw64_ClassSimilarity_Margins_AllPrototypes,5,predicted positive AND individual object truth / individual object truth,polygon,39500.0,0.7355679702048417,395.0,unweighted 10 m pixel counts,39500.0,0,Chile,0.7,5,150,123,8,10,proto_3;proto_4;proto_5,true cosine similarity,polygon_012,"{""type"":""Polygon"",""coordinates"":[[[-73.57505973017743,-44.09892872701493],[-73.57332165873578,-44.09976854413258],[-73.57130463755658,-44.097326107121404],[-73.57320364153912,-44.09650166554462],[-73.57505973017743,-44.09892872701493]]]}"
1_1_2_1_12,proto_1;proto_2;proto_3;proto_4;proto_5,ablation,EPSG:32718,30,1,1,1,0,EPSG:32718,2024,49100.0,491.0,1,1.1,2.1,1.02,18S,spatiotemporally held-out,2025,ESA WorldCover 2021 class 80,Raw64 + class similarities + margins + all prototypes,Raw64_ClassSimilarity_Margins_AllPrototypes,5,predicted positive AND individual object truth / individual object truth,polygon,28800.0,0.5865580448065173,288.0,unweighted 10 m pixel counts,28800.0,0,Chile,0.7,5,150,123,8,10,proto_3;proto_4;proto_5,true cosine similarity,polygon_013,"{""type"":""Polygon"",""coordinates"":[[[-73.54372514686786,-44.1523324519816],[-73.54272736511432,-44.15324078970458],[-73.53866113624774,-44.15102380525878],[-73.53959454498492,-44.15025399951401],[-73.54372514686786,-44.1523324519816]]]}"
1_1_2_1_13,proto_1;proto_2;proto_3;proto_4;proto_5,ablation,EPSG:32718,30,0,0,0,0,EPSG:32718,2024,28400.0,284.0,1,1.1,2.1,1.02,18S,spatiotemporally held-out,2025,ESA WorldCover 2021 class 80,Raw64 + class similarities + margins + all prototypes,Raw64_ClassSimilarity_Margins_AllPrototypes,5,predicted positive AND individual object truth / individual object truth,polygon,0.0,0.0,0.0,unweighted 10 m pixel counts,0.0,0,Chile,0.7,5,150,123,8,10,proto_3;proto_4;proto_5,true cosine similarity,polygon_014,"{""type"":""Polygon"",""coordinates"":[[[-73.73763352942915,-44.2473034780176],[-73.7373223964053,-44.247904859708555],[-73.73676449370832,-44.248175768813674],[-73.73460799766035,-44.247349590630215],[-73.73463750757904,-44.24651763928139],[-73.73591155124159,-44.24652724361251],[-73.73763352942915,-44.2473034780176]]]}"
1_1_2_2_0,proto_1;proto_2;proto_3;proto_4;proto_5,ablation,EPSG:32718,30,0,0,0,0,EPSG:32718,2024,7800.0,78.0,1,1.1,2.1,1.02,18S,spatiotemporally held-out,2025,ESA WorldCover 2021 class 80,Raw64 + class similarities + margins + all prototypes,Raw64_ClassSimilarity_Margins_AllPrototypes,5,predicted positive AND individual object truth / individual object truth,radial,0.0,0.0,0.0,unweighted 10 m pixel counts,0.0,50,Chile,0.7,5,150,123,8,10,proto_3;proto_4;proto_5,true cosine similarity,radial_015,"{""type"":""Polygon"",""coordinates"":[[[-73.85167424051431,-44.23051887457346],[-73.85184963248939,-44.230536782182526],[-73.85201106356254,-44.23058907959523],[-73.85214568402625,-44.23067160402137],[-73.85224277813985,-44.23077778662693],[-73.85229461708742,-44.23089917537892],[-73.85229707423044,-44.23102610779515],[-73.8522499536687,-44.2311484800584],[-73.85215700593136,-44.23125655127924],[-73.85202562951815,-44.23134171888875],[-73.85186628202268,-44.231397203434085],[-73.85169164769819,-44.23141858825763],[-73.85151562773095,-44.231404171090354],[-73.85135223361401,-44.23135509956397],[-73.85121447173763,-44.23127527985159],[-73.8511133080124,-44.23117106571154],[-73.85105679496243,-44.231050752694074],[-73.8510494307782,-44.23092391778288],[-73.85109180133817,-44.23080065704618],[-73.85118053366968,-44.23069078198675],[-73.85130856452386,-44.23060303856249],[-73.85146570265857,-44.23054441103842],[-73.85163944005703,-44.23051956607397],[-73.85167424051431,-44.23051887457346]]]}"
1_2_1_0,proto_1;proto_2;proto_3;proto_4;proto_5,ablation,EPSG:32718,30,1,1,1,0,EPSG:32718,2024,35100.0,351.0,1,1.1,2.1,1.02,18S,spatiotemporally held-out,2025,ESA WorldCover 2021 class 80,Final selected CR-RF,CRRF_Selected,5,predicted positive AND individual object truth / individual object truth,polygon,28700.0,0.8176638176638177,287.0,unweighted 10 m pixel counts,28700.0,0,Chile,0.7,5,150,123,8,10,proto_3;proto_4;proto_5,true cosine similarity,polygon_001,"{""type"":""Polygon"",""coordinates"":[[[-73.7223842805395,-44.247953636110516],[-73.71924073157405,-44.24824183616071],[-73.71902615485286,-44.24698143085823],[-73.72213751731013,-44.24673165221081],[-73.7223842805395,-44.247953636110516]]]}"
1_2_1_1,proto_1;proto_2;proto_3;proto_4;proto_5,ablation,EPSG:32718,30,1,1,1,0,EPSG:32718,2024,25800.0,258.0,1,1.1,2.1,1.02,18S,spatiotemporally held-out,2025,ESA WorldCover 2021 class 80,Final selected CR-RF,CRRF_Selected,5,predicted positive AND individual object truth / individual object truth,polygon,20900.0,0.810077519379845,209.0,unweighted 10 m pixel counts,20900.0,0,Chile,0.7,5,150,123,8,10,proto_3;proto_4;proto_5,true cosine similarity,polygon_002,"{""type"":""Polygon"",""coordinates"":[[[-73.843665114265,-44.27338361779464],[-73.84227036557725,-44.273306797443524],[-73.84293555341294,-44.27107896357949],[-73.8441157253795,-44.27117115148332],[-73.843665114265,-44.27338361779464]]]}"
1_2_1_2,proto_1;proto_2;proto_3;proto_4;proto_5,ablation,EPSG:32718,30,1,1,1,0,EPSG:32718,2024,43000.0,430.0,1,1.1,2.1,1.02,18S,spatiotemporally held-out,2025,ESA WorldCover 2021 class 80,Final selected CR-RF,CRRF_Selected,5,predicted positive AND individual object truth / individual object truth,polygon,25500.0,0.5930232558139535,255.0,unweighted 10 m pixel counts,25500.0,0,Chile,0.7,5,150,123,8,10,proto_3;proto_4;proto_5,true cosine similarity,polygon_003,"{""type"":""Polygon"",""coordinates"":[[[-73.81250677882419,-44.25593564839703],[-73.80859075366244,-44.25561290647014],[-73.80867658435092,-44.25439108170084],[-73.8125818806766,-44.25472151480322],[-73.81250677882419,-44.25593564839703]]]}"
1_2_1_3,proto_1;proto_2;proto_3;proto_4;proto_5,ablation,EPSG:32718,30,1,1,1,0,EPSG:32718,2024,28800.0,288.0,1,1.1,2.1,1.02,18S,spatiotemporally held-out,2025,ESA WorldCover 2021 class 80,Final selected CR-RF,CRRF_Selected,5,predicted positive AND individual object truth / individual object truth,polygon,24400.0,0.8472222222222222,244.0,unweighted 10 m pixel counts,24400.0,0,Chile,0.7,5,150,123,8,10,proto_3;proto_4;proto_5,true cosine similarity,polygon_004,"{""type"":""Polygon"",""coordinates"":[[[-73.88174935840654,-44.25126462486323],[-73.87766167186784,-44.251203145464075],[-73.87769385837602,-44.25039622239297],[-73.88174935840654,-44.25047307268626],[-73.88174935840654,-44.25126462486323]]]}"
1_2_1_4,proto_1;proto_2;proto_3;proto_4;proto_5,ablation,EPSG:32718,30,1,1,1,0,EPSG:32718,2024,32700.0,327.0,1,1.1,2.1,1.02,18S,spatiotemporally held-out,2025,ESA WorldCover 2021 class 80,Final selected CR-RF,CRRF_Selected,5,predicted positive AND individual object truth / individual object truth,polygon,17900.0,0.5474006116207951,179.0,unweighted 10 m pixel counts,17900.0,0,Chile,0.7,5,150,123,8,10,proto_3;proto_4;proto_5,true cosine similarity,polygon_005,"{""type"":""Polygon"",""coordinates"":[[[-73.80570972929405,-44.1626216053941],[-73.80415404806541,-44.16512291303475],[-73.80286658773827,-44.1648766351434],[-73.80454028616357,-44.162205993234465],[-73.80570972929405,-44.1626216053941]]]}"
1_2_1_5,proto_1;proto_2;proto_3;proto_4;proto_5,ablation,EPSG:32718,30,1,1,1,0,EPSG:32718,2024,28800.0,288.0,1,1.1,2.1,1.02,18S,spatiotemporally held-out,2025,ESA WorldCover 2021 class 80,Final selected CR-RF,CRRF_Selected,5,predicted positive AND individual object truth / individual object truth,polygon,16600.0,0.5763888888888888,166.0,unweighted 10 m pixel counts,16600.0,0,Chile,0.7,5,150,123,8,10,proto_3;proto_4;proto_5,true cosine similarity,polygon_006,"{""type"":""Polygon"",""coordinates"":[[[-73.85201798473032,-44.150770451021216],[-73.85147081409129,-44.15167111486283],[-73.84848819766673,-44.15066267835876],[-73.84922848735484,-44.14976199912788],[-73.85201798473032,-44.150770451021216]]]}"
1_2_1_6,proto_1;proto_2;proto_3;proto_4;proto_5,ablation,EPSG:32718,30,1,1,1,0,EPSG:32718,2024,42900.0,429.0,1,1.1,2.1,1.02,18S,spatiotemporally held-out,2025,ESA WorldCover 2021 class 80,Final selected CR-RF,CRRF_Selected,5,predicted positive AND individual object truth / individual object truth,polygon,28400.0,0.662004662004662,284.0,unweighted 10 m pixel counts,28400.0,0,Chile,0.7,5,150,123,8,10,proto_3;proto_4;proto_5,true cosine similarity,polygon_007,"{""type"":""Polygon"",""coordinates"":[[[-73.76096441026534,-44.103648965946014],[-73.75933362718429,-44.10626062656252],[-73.75784231897201,-44.10571365114786],[-73.7592263388237,-44.103225234318515],[-73.76096441026534,-44.103648965946014]]]}"
1_2_1_7,proto_1;proto_2;proto_3;proto_4;proto_5,ablation,EPSG:32718,30,1,1,1,0,EPSG:32718,2024,40400.0,404.0,1,1.1,2.1,1.02,18S,spatiotemporally held-out,2025,ESA WorldCover 2021 class 80,Final selected CR-RF,CRRF_Selected,5,predicted positive AND individual object truth / individual object truth,polygon,36000.0,0.8910891089108911,360.0,unweighted 10 m pixel counts,36000.0,0,Chile,0.7,5,150,123,8,10,proto_3;proto_4;proto_5,true cosine similarity,polygon_008,"{""type"":""Polygon"",""coordinates"":[[[-73.73563078138692,-44.12054829126545],[-73.73397316296723,-44.12071003296919],[-73.73351718322839,-44.117983451975114],[-73.7351426180923,-44.11782170203635],[-73.73563078138692,-44.12054829126545]]]}"
1_2_1_8,proto_1;proto_2;proto_3;proto_4;proto_5,ablation,EPSG:32718,30,0,0,1,0,EPSG:32718,2024,33000.0,330.0,1,1.1,2.1,1.02,18S,spatiotemporally held-out,2025,ESA WorldCover 2021 class 80,Final selected CR-RF,CRRF_Selected,5,predicted positive AND individual object truth / individual object truth,polygon,500.0,0.015151515151515152,5.0,unweighted 10 m pixel counts,500.0,0,Chile,0.7,5,150,123,8,10,proto_3;proto_4;proto_5,true cosine similarity,polygon_009,"{""type"":""Polygon"",""coordinates"":[[[-73.62690880855315,-44.180771442681745],[-73.6238725479483,-44.18074066616904],[-73.62390473445647,-44.17953267535499],[-73.6268980797171,-44.17957884106389],[-73.62690880855315,-44.180771442681745]]]}"
1_2_1_9,proto_1;proto_2;proto_3;proto_4;proto_5,ablation,EPSG:32718,30,1,1,1,0,EPSG:32718,2024,39200.0,392.0,1,1.1,2.1,1.02,18S,spatiotemporally held-out,2025,ESA WorldCover 2021 class 80,Final selected CR-RF,CRRF_Selected,5,predicted positive AND individual object truth / individual object truth,polygon,30100.0,0.7678571428571429,301.0,unweighted 10 m pixel counts,30100.0,0,Chile,0.7,5,150,123,8,10,proto_3;proto_4;proto_5,true cosine similarity,polygon_010,"{""type"":""Polygon"",""coordinates"":[[[-73.66237119435641,-44.15207137539723],[-73.66064385175082,-44.152048281780885],[-73.660676038259,-44.14947713598741],[-73.66243556737277,-44.1495002306098],[-73.66237119435641,-44.15207137539723]]]}"
1_2_1_10,proto_1;proto_2;proto_3;proto_4;proto_5,ablation,EPSG:32718,30,1,1,1,0,EPSG:32718,2024,59500.0,595.0,1,1.1,2.1,1.02,18S,spatiotemporally held-out,2025,ESA WorldCover 2021 class 80,Final selected CR-RF,CRRF_Selected,5,predicted positive AND individual object truth / individual object truth,polygon,43100.0,0.7243697478991596,431.0,unweighted 10 m pixel counts,43100.0,0,Chile,0.7,5,150,123,8,10,proto_3;proto_4;proto_5,true cosine similarity,polygon_011,"{""type"":""Polygon"",""coordinates"":[[[-73.66087160807166,-44.11986153283052],[-73.65958414774451,-44.120677946679564],[-73.6564835141233,-44.11768950898279],[-73.65799628000771,-44.11683454152631],[-73.66087160807166,-44.11986153283052]]]}"
1_2_1_11,proto_1;proto_2;proto_3;proto_4;proto_5,ablation,EPSG:32718,30,1,1,1,0,EPSG:32718,2024,53700.0,537.0,1,1.1,2.1,1.02,18S,spatiotemporally held-out,2025,ESA WorldCover 2021 class 80,Final selected CR-RF,CRRF_Selected,5,predicted positive AND individual object truth / individual object truth,polygon,38000.0,0.707635009310987,380.0,unweighted 10 m pixel counts,38000.0,0,Chile,0.7,5,150,123,8,10,proto_3;proto_4;proto_5,true cosine similarity,polygon_012,"{""type"":""Polygon"",""coordinates"":[[[-73.57505973017743,-44.09892872701493],[-73.57332165873578,-44.09976854413258],[-73.57130463755658,-44.097326107121404],[-73.57320364153912,-44.09650166554462],[-73.57505973017743,-44.09892872701493]]]}"
1_2_1_12,proto_1;proto_2;proto_3;proto_4;proto_5,ablation,EPSG:32718,30,1,1,1,0,EPSG:32718,2024,49100.0,491.0,1,1.1,2.1,1.02,18S,spatiotemporally held-out,2025,ESA WorldCover 2021 class 80,Final selected CR-RF,CRRF_Selected,5,predicted positive AND individual object truth / individual object truth,polygon,26800.0,0.5458248472505092,268.0,unweighted 10 m pixel counts,26800.0,0,Chile,0.7,5,150,123,8,10,proto_3;proto_4;proto_5,true cosine similarity,polygon_013,"{""type"":""Polygon"",""coordinates"":[[[-73.54372514686786,-44.1523324519816],[-73.54272736511432,-44.15324078970458],[-73.53866113624774,-44.15102380525878],[-73.53959454498492,-44.15025399951401],[-73.54372514686786,-44.1523324519816]]]}"
1_2_1_13,proto_1;proto_2;proto_3;proto_4;proto_5,ablation,EPSG:32718,30,1,1,1,0,EPSG:32718,2024,28400.0,284.0,1,1.1,2.1,1.02,18S,spatiotemporally held-out,2025,ESA WorldCover 2021 class 80,Final selected CR-RF,CRRF_Selected,5,predicted positive AND individual object truth / individual object truth,polygon,8400.0,0.29577464788732394,84.0,unweighted 10 m pixel counts,8400.0,0,Chile,0.7,5,150,123,8,10,proto_3;proto_4;proto_5,true cosine similarity,polygon_014,"{""type"":""Polygon"",""coordinates"":[[[-73.73763352942915,-44.2473034780176],[-73.7373223964053,-44.247904859708555],[-73.73676449370832,-44.248175768813674],[-73.73460799766035,-44.247349590630215],[-73.73463750757904,-44.24651763928139],[-73.73591155124159,-44.24652724361251],[-73.73763352942915,-44.2473034780176]]]}"
1_2_2_0,proto_1;proto_2;proto_3;proto_4;proto_5,ablation,EPSG:32718,30,0,0,0,0,EPSG:32718,2024,7800.0,78.0,1,1.1,2.1,1.02,18S,spatiotemporally held-out,2025,ESA WorldCover 2021 class 80,Final selected CR-RF,CRRF_Selected,5,predicted positive AND individual object truth / individual object truth,radial,0.0,0.0,0.0,unweighted 10 m pixel counts,0.0,50,Chile,0.7,5,150,123,8,10,proto_3;proto_4;proto_5,true cosine similarity,radial_015,"{""type"":""Polygon"",""coordinates"":[[[-73.85167424051431,-44.23051887457346],[-73.85184963248939,-44.230536782182526],[-73.85201106356254,-44.23058907959523],[-73.85214568402625,-44.23067160402137],[-73.85224277813985,-44.23077778662693],[-73.85229461708742,-44.23089917537892],[-73.85229707423044,-44.23102610779515],[-73.8522499536687,-44.2311484800584],[-73.85215700593136,-44.23125655127924],[-73.85202562951815,-44.23134171888875],[-73.85186628202268,-44.231397203434085],[-73.85169164769819,-44.23141858825763],[-73.85151562773095,-44.231404171090354],[-73.85135223361401,-44.23135509956397],[-73.85121447173763,-44.23127527985159],[-73.8511133080124,-44.23117106571154],[-73.85105679496243,-44.231050752694074],[-73.8510494307782,-44.23092391778288],[-73.85109180133817,-44.23080065704618],[-73.85118053366968,-44.23069078198675],[-73.85130856452386,-44.23060303856249],[-73.85146570265857,-44.23054441103842],[-73.85163944005703,-44.23051956607397],[-73.85167424051431,-44.23051887457346]]]}"
2_1_0,proto_1;proto_2;proto_3;proto_4;proto_5,ablation,EPSG:32718,30,1,1,1,0,EPSG:32718,2024,35100.0,351.0,1,1.1,2.1,1.02,18S,spatiotemporally held-out,2025,ESA WorldCover 2021 class 80,Engineered-only selected,EngineeredOnly_Selected,5,predicted positive AND individual object truth / individual object truth,polygon,23600.0,0.6723646723646723,236.0,unweighted 10 m pixel counts,23600.0,0,Chile,0.7,5,150,123,8,10,proto_3;proto_4;proto_5,true cosine similarity,polygon_001,"{""type"":""Polygon"",""coordinates"":[[[-73.7223842805395,-44.247953636110516],[-73.71924073157405,-44.24824183616071],[-73.71902615485286,-44.24698143085823],[-73.72213751731013,-44.24673165221081],[-73.7223842805395,-44.247953636110516]]]}"
2_1_1,proto_1;proto_2;proto_3;proto_4;proto_5,ablation,EPSG:32718,30,1,1,1,0,EPSG:32718,2024,25800.0,258.0,1,1.1,2.1,1.02,18S,spatiotemporally held-out,2025,ESA WorldCover 2021 class 80,Engineered-only selected,EngineeredOnly_Selected,5,predicted positive AND individual object truth / individual object truth,polygon,19700.0,0.7635658914728682,197.0,unweighted 10 m pixel counts,19700.0,0,Chile,0.7,5,150,123,8,10,proto_3;proto_4;proto_5,true cosine similarity,polygon_002,"{""type"":""Polygon"",""coordinates"":[[[-73.843665114265,-44.27338361779464],[-73.84227036557725,-44.273306797443524],[-73.84293555341294,-44.27107896357949],[-73.8441157253795,-44.27117115148332],[-73.843665114265,-44.27338361779464]]]}"
2_1_2,proto_1;proto_2;proto_3;proto_4;proto_5,ablation,EPSG:32718,30,1,1,1,0,EPSG:32718,2024,43000.0,430.0,1,1.1,2.1,1.02,18S,spatiotemporally held-out,2025,ESA WorldCover 2021 class 80,Engineered-only selected,EngineeredOnly_Selected,5,predicted positive AND individual object truth / individual object truth,polygon,25100.0,0.5837209302325581,251.0,unweighted 10 m pixel counts,25100.0,0,Chile,0.7,5,150,123,8,10,proto_3;proto_4;proto_5,true cosine similarity,polygon_003,"{""type"":""Polygon"",""coordinates"":[[[-73.81250677882419,-44.25593564839703],[-73.80859075366244,-44.25561290647014],[-73.80867658435092,-44.25439108170084],[-73.8125818806766,-44.25472151480322],[-73.81250677882419,-44.25593564839703]]]}"
2_1_3,proto_1;proto_2;proto_3;proto_4;proto_5,ablation,EPSG:32718,30,1,1,1,0,EPSG:32718,2024,28800.0,288.0,1,1.1,2.1,1.02,18S,spatiotemporally held-out,2025,ESA WorldCover 2021 class 80,Engineered-only selected,EngineeredOnly_Selected,5,predicted positive AND individual object truth / individual object truth,polygon,24100.0,0.8368055555555556,241.0,unweighted 10 m pixel counts,24100.0,0,Chile,0.7,5,150,123,8,10,proto_3;proto_4;proto_5,true cosine similarity,polygon_004,"{""type"":""Polygon"",""coordinates"":[[[-73.88174935840654,-44.25126462486323],[-73.87766167186784,-44.251203145464075],[-73.87769385837602,-44.25039622239297],[-73.88174935840654,-44.25047307268626],[-73.88174935840654,-44.25126462486323]]]}"
2_1_4,proto_1;proto_2;proto_3;proto_4;proto_5,ablation,EPSG:32718,30,1,1,1,0,EPSG:32718,2024,32700.0,327.0,1,1.1,2.1,1.02,18S,spatiotemporally held-out,2025,ESA WorldCover 2021 class 80,Engineered-only selected,EngineeredOnly_Selected,5,predicted positive AND individual object truth / individual object truth,polygon,22800.0,0.6972477064220184,228.0,unweighted 10 m pixel counts,22800.0,0,Chile,0.7,5,150,123,8,10,proto_3;proto_4;proto_5,true cosine similarity,polygon_005,"{""type"":""Polygon"",""coordinates"":[[[-73.80570972929405,-44.1626216053941],[-73.80415404806541,-44.16512291303475],[-73.80286658773827,-44.1648766351434],[-73.80454028616357,-44.162205993234465],[-73.80570972929405,-44.1626216053941]]]}"
2_1_5,proto_1;proto_2;proto_3;proto_4;proto_5,ablation,EPSG:32718,30,1,1,1,0,EPSG:32718,2024,28800.0,288.0,1,1.1,2.1,1.02,18S,spatiotemporally held-out,2025,ESA WorldCover 2021 class 80,Engineered-only selected,EngineeredOnly_Selected,5,predicted positive AND individual object truth / individual object truth,polygon,15700.0,0.5451388888888888,157.0,unweighted 10 m pixel counts,15700.0,0,Chile,0.7,5,150,123,8,10,proto_3;proto_4;proto_5,true cosine similarity,polygon_006,"{""type"":""Polygon"",""coordinates"":[[[-73.85201798473032,-44.150770451021216],[-73.85147081409129,-44.15167111486283],[-73.84848819766673,-44.15066267835876],[-73.84922848735484,-44.14976199912788],[-73.85201798473032,-44.150770451021216]]]}"
2_1_6,proto_1;proto_2;proto_3;proto_4;proto_5,ablation,EPSG:32718,30,1,1,1,0,EPSG:32718,2024,42900.0,429.0,1,1.1,2.1,1.02,18S,spatiotemporally held-out,2025,ESA WorldCover 2021 class 80,Engineered-only selected,EngineeredOnly_Selected,5,predicted positive AND individual object truth / individual object truth,polygon,28200.0,0.6573426573426573,282.0,unweighted 10 m pixel counts,28200.0,0,Chile,0.7,5,150,123,8,10,proto_3;proto_4;proto_5,true cosine similarity,polygon_007,"{""type"":""Polygon"",""coordinates"":[[[-73.76096441026534,-44.103648965946014],[-73.75933362718429,-44.10626062656252],[-73.75784231897201,-44.10571365114786],[-73.7592263388237,-44.103225234318515],[-73.76096441026534,-44.103648965946014]]]}"
2_1_7,proto_1;proto_2;proto_3;proto_4;proto_5,ablation,EPSG:32718,30,1,1,1,0,EPSG:32718,2024,40400.0,404.0,1,1.1,2.1,1.02,18S,spatiotemporally held-out,2025,ESA WorldCover 2021 class 80,Engineered-only selected,EngineeredOnly_Selected,5,predicted positive AND individual object truth / individual object truth,polygon,29000.0,0.7178217821782178,290.0,unweighted 10 m pixel counts,29000.0,0,Chile,0.7,5,150,123,8,10,proto_3;proto_4;proto_5,true cosine similarity,polygon_008,"{""type"":""Polygon"",""coordinates"":[[[-73.73563078138692,-44.12054829126545],[-73.73397316296723,-44.12071003296919],[-73.73351718322839,-44.117983451975114],[-73.7351426180923,-44.11782170203635],[-73.73563078138692,-44.12054829126545]]]}"
2_1_8,proto_1;proto_2;proto_3;proto_4;proto_5,ablation,EPSG:32718,30,0,0,0,0,EPSG:32718,2024,33000.0,330.0,1,1.1,2.1,1.02,18S,spatiotemporally held-out,2025,ESA WorldCover 2021 class 80,Engineered-only selected,EngineeredOnly_Selected,5,predicted positive AND individual object truth / individual object truth,polygon,0.0,0.0,0.0,unweighted 10 m pixel counts,0.0,0,Chile,0.7,5,150,123,8,10,proto_3;proto_4;proto_5,true cosine similarity,polygon_009,"{""type"":""Polygon"",""coordinates"":[[[-73.62690880855315,-44.180771442681745],[-73.6238725479483,-44.18074066616904],[-73.62390473445647,-44.17953267535499],[-73.6268980797171,-44.17957884106389],[-73.62690880855315,-44.180771442681745]]]}"
2_1_9,proto_1;proto_2;proto_3;proto_4;proto_5,ablation,EPSG:32718,30,1,1,1,0,EPSG:32718,2024,39200.0,392.0,1,1.1,2.1,1.02,18S,spatiotemporally held-out,2025,ESA WorldCover 2021 class 80,Engineered-only selected,EngineeredOnly_Selected,5,predicted positive AND individual object truth / individual object truth,polygon,29500.0,0.7525510204081632,295.0,unweighted 10 m pixel counts,29500.0,0,Chile,0.7,5,150,123,8,10,proto_3;proto_4;proto_5,true cosine similarity,polygon_010,"{""type"":""Polygon"",""coordinates"":[[[-73.66237119435641,-44.15207137539723],[-73.66064385175082,-44.152048281780885],[-73.660676038259,-44.14947713598741],[-73.66243556737277,-44.1495002306098],[-73.66237119435641,-44.15207137539723]]]}"
2_1_10,proto_1;proto_2;proto_3;proto_4;proto_5,ablation,EPSG:32718,30,1,0,1,0,EPSG:32718,2024,59500.0,595.0,1,1.1,2.1,1.02,18S,spatiotemporally held-out,2025,ESA WorldCover 2021 class 80,Engineered-only selected,EngineeredOnly_Selected,5,predicted positive AND individual object truth / individual object truth,polygon,7500.0,0.12605042016806722,75.0,unweighted 10 m pixel counts,7500.0,0,Chile,0.7,5,150,123,8,10,proto_3;proto_4;proto_5,true cosine similarity,polygon_011,"{""type"":""Polygon"",""coordinates"":[[[-73.66087160807166,-44.11986153283052],[-73.65958414774451,-44.120677946679564],[-73.6564835141233,-44.11768950898279],[-73.65799628000771,-44.11683454152631],[-73.66087160807166,-44.11986153283052]]]}"
2_1_11,proto_1;proto_2;proto_3;proto_4;proto_5,ablation,EPSG:32718,30,1,1,1,0,EPSG:32718,2024,53700.0,537.0,1,1.1,2.1,1.02,18S,spatiotemporally held-out,2025,ESA WorldCover 2021 class 80,Engineered-only selected,EngineeredOnly_Selected,5,predicted positive AND individual object truth / individual object truth,polygon,36100.0,0.6722532588454376,361.0,unweighted 10 m pixel counts,36100.0,0,Chile,0.7,5,150,123,8,10,proto_3;proto_4;proto_5,true cosine similarity,polygon_012,"{""type"":""Polygon"",""coordinates"":[[[-73.57505973017743,-44.09892872701493],[-73.57332165873578,-44.09976854413258],[-73.57130463755658,-44.097326107121404],[-73.57320364153912,-44.09650166554462],[-73.57505973017743,-44.09892872701493]]]}"
2_1_12,proto_1;proto_2;proto_3;proto_4;proto_5,ablation,EPSG:32718,30,1,1,1,0,EPSG:32718,2024,49100.0,491.0,1,1.1,2.1,1.02,18S,spatiotemporally held-out,2025,ESA WorldCover 2021 class 80,Engineered-only selected,EngineeredOnly_Selected,5,predicted positive AND individual object truth / individual object truth,polygon,24100.0,0.4908350305498982,241.0,unweighted 10 m pixel counts,24100.0,0,Chile,0.7,5,150,123,8,10,proto_3;proto_4;proto_5,true cosine similarity,polygon_013,"{""type"":""Polygon"",""coordinates"":[[[-73.54372514686786,-44.1523324519816],[-73.54272736511432,-44.15324078970458],[-73.53866113624774,-44.15102380525878],[-73.53959454498492,-44.15025399951401],[-73.54372514686786,-44.1523324519816]]]}"
2_1_13,proto_1;proto_2;proto_3;proto_4;proto_5,ablation,EPSG:32718,30,0,0,0,0,EPSG:32718,2024,28400.0,284.0,1,1.1,2.1,1.02,18S,spatiotemporally held-out,2025,ESA WorldCover 2021 class 80,Engineered-only selected,EngineeredOnly_Selected,5,predicted positive AND individual object truth / individual object truth,polygon,0.0,0.0,0.0,unweighted 10 m pixel counts,0.0,0,Chile,0.7,5,150,123,8,10,proto_3;proto_4;proto_5,true cosine similarity,polygon_014,"{""type"":""Polygon"",""coordinates"":[[[-73.73763352942915,-44.2473034780176],[-73.7373223964053,-44.247904859708555],[-73.73676449370832,-44.248175768813674],[-73.73460799766035,-44.247349590630215],[-73.73463750757904,-44.24651763928139],[-73.73591155124159,-44.24652724361251],[-73.73763352942915,-44.2473034780176]]]}"
2_2_0,proto_1;proto_2;proto_3;proto_4;proto_5,ablation,EPSG:32718,30,0,0,0,0,EPSG:32718,2024,7800.0,78.0,1,1.1,2.1,1.02,18S,spatiotemporally held-out,2025,ESA WorldCover 2021 class 80,Engineered-only selected,EngineeredOnly_Selected,5,predicted positive AND individual object truth / individual object truth,radial,0.0,0.0,0.0,unweighted 10 m pixel counts,0.0,50,Chile,0.7,5,150,123,8,10,proto_3;proto_4;proto_5,true cosine similarity,radial_015,"{""type"":""Polygon"",""coordinates"":[[[-73.85167424051431,-44.23051887457346],[-73.85184963248939,-44.230536782182526],[-73.85201106356254,-44.23058907959523],[-73.85214568402625,-44.23067160402137],[-73.85224277813985,-44.23077778662693],[-73.85229461708742,-44.23089917537892],[-73.85229707423044,-44.23102610779515],[-73.8522499536687,-44.2311484800584],[-73.85215700593136,-44.23125655127924],[-73.85202562951815,-44.23134171888875],[-73.85186628202268,-44.231397203434085],[-73.85169164769819,-44.23141858825763],[-73.85151562773095,-44.231404171090354],[-73.85135223361401,-44.23135509956397],[-73.85121447173763,-44.23127527985159],[-73.8511133080124,-44.23117106571154],[-73.85105679496243,-44.231050752694074],[-73.8510494307782,-44.23092391778288],[-73.85109180133817,-44.23080065704618],[-73.85118053366968,-44.23069078198675],[-73.85130856452386,-44.23060303856249],[-73.85146570265857,-44.23054441103842],[-73.85163944005703,-44.23051956607397],[-73.85167424051431,-44.23051887457346]]]}"
