system:index,all_prototypes,analysis_group,aoi_crs,aoi_size_km,detected_10pct,detected_10pct_rate,detected_25pct,detected_25pct_rate,detected_any,detected_any_rate,development_aoi_overlap_count,development_sampling_crs,development_year,evaluation_aef_dataset_versions,evaluation_aef_model_versions,evaluation_aef_processing_versions,evaluation_aef_utm_zones,evaluation_design,evaluation_year,land_water_mask,max_overlap_fraction,mean_overlap_fraction,method,method_code,minimum_connected_pixels,n_objects_evaluable,n_objects_excluded,n_objects_total,object_overlap_definition,object_type,pixel_counting,region,rf_bag_fraction,rf_min_leaf_population,rf_number_of_trees,rf_seed,rf_variables_per_split,scale_m,selected_prototypes,similarity_definition,.geo
1_1_1_1_1_0,proto_1;proto_2;proto_3;proto_4;proto_5,main,EPSG:32755,30,0.0,0.0,0.0,0.0,0.0,0.0,0,EPSG:32755,2024,1.1,2.1,1.02,55S,spatiotemporally held-out,2025,ESA WorldCover 2021 class 80,0.0,0.0,Cosine 90% target retention,COS90,5,4,0,4,predicted positive AND individual object truth / individual object truth,polygon,unweighted 10 m pixel counts,Tasmania,0.7,5,150,123,8,10,proto_3;proto_4;proto_5,true cosine similarity,"{""type"":""MultiPoint"",""coordinates"":[]}"
1_1_1_1_1_1,proto_1;proto_2;proto_3;proto_4;proto_5,main,EPSG:32755,30,167.0,0.907608695652174,162.0,0.8804347826086957,168.0,0.9130434782608695,0,EPSG:32755,2024,1.1,2.1,1.02,55S,spatiotemporally held-out,2025,ESA WorldCover 2021 class 80,1.0,0.7337631574385822,Cosine 90% target retention,COS90,5,184,0,184,predicted positive AND individual object truth / individual object truth,radial,unweighted 10 m pixel counts,Tasmania,0.7,5,150,123,8,10,proto_3;proto_4;proto_5,true cosine similarity,"{""type"":""MultiPoint"",""coordinates"":[]}"
1_1_1_1_2_0,proto_1;proto_2;proto_3;proto_4;proto_5,main,EPSG:32755,30,167.0,0.8882978723404256,162.0,0.8617021276595744,168.0,0.8936170212765957,0,EPSG:32755,2024,1.1,2.1,1.02,55S,spatiotemporally held-out,2025,ESA WorldCover 2021 class 80,1.0,0.718151175365421,Cosine 90% target retention,COS90,5,188,0,188,predicted positive AND individual object truth / individual object truth,all,unweighted 10 m pixel counts,Tasmania,0.7,5,150,123,8,10,proto_3;proto_4;proto_5,true cosine similarity,"{""type"":""MultiPoint"",""coordinates"":[]}"
1_1_1_2_1_0,proto_1;proto_2;proto_3;proto_4;proto_5,main,EPSG:32755,30,0.0,0.0,0.0,0.0,1.0,0.25,0,EPSG:32755,2024,1.1,2.1,1.02,55S,spatiotemporally held-out,2025,ESA WorldCover 2021 class 80,0.09259259259259259,0.023148148148148147,Cosine 95% target retention,COS95,5,4,0,4,predicted positive AND individual object truth / individual object truth,polygon,unweighted 10 m pixel counts,Tasmania,0.7,5,150,123,8,10,proto_3;proto_4;proto_5,true cosine similarity,"{""type"":""MultiPoint"",""coordinates"":[]}"
1_1_1_2_1_1,proto_1;proto_2;proto_3;proto_4;proto_5,main,EPSG:32755,30,172.0,0.9347826086956522,166.0,0.9021739130434783,175.0,0.9510869565217391,0,EPSG:32755,2024,1.1,2.1,1.02,55S,spatiotemporally held-out,2025,ESA WorldCover 2021 class 80,1.0,0.7995092381253659,Cosine 95% target retention,COS95,5,184,0,184,predicted positive AND individual object truth / individual object truth,radial,unweighted 10 m pixel counts,Tasmania,0.7,5,150,123,8,10,proto_3;proto_4;proto_5,true cosine similarity,"{""type"":""MultiPoint"",""coordinates"":[]}"
1_1_1_2_2_0,proto_1;proto_2;proto_3;proto_4;proto_5,main,EPSG:32755,30,172.0,0.9148936170212766,166.0,0.8829787234042553,176.0,0.9361702127659575,0,EPSG:32755,2024,1.1,2.1,1.02,55S,spatiotemporally held-out,2025,ESA WorldCover 2021 class 80,1.0,0.7829909170620208,Cosine 95% target retention,COS95,5,188,0,188,predicted positive AND individual object truth / individual object truth,all,unweighted 10 m pixel counts,Tasmania,0.7,5,150,123,8,10,proto_3;proto_4;proto_5,true cosine similarity,"{""type"":""MultiPoint"",""coordinates"":[]}"
1_1_2_1_0,proto_1;proto_2;proto_3;proto_4;proto_5,main,EPSG:32755,30,1.0,0.25,0.0,0.0,2.0,0.5,0,EPSG:32755,2024,1.1,2.1,1.02,55S,spatiotemporally held-out,2025,ESA WorldCover 2021 class 80,0.2037037037037037,0.06631054131054132,Cosine 99% target retention,COS99,5,4,0,4,predicted positive AND individual object truth / individual object truth,polygon,unweighted 10 m pixel counts,Tasmania,0.7,5,150,123,8,10,proto_3;proto_4;proto_5,true cosine similarity,"{""type"":""MultiPoint"",""coordinates"":[]}"
1_1_2_1_1,proto_1;proto_2;proto_3;proto_4;proto_5,main,EPSG:32755,30,181.0,0.9836956521739131,176.0,0.9565217391304348,182.0,0.9891304347826086,0,EPSG:32755,2024,1.1,2.1,1.02,55S,spatiotemporally held-out,2025,ESA WorldCover 2021 class 80,1.0,0.8866586413170626,Cosine 99% target retention,COS99,5,184,0,184,predicted positive AND individual object truth / individual object truth,radial,unweighted 10 m pixel counts,Tasmania,0.7,5,150,123,8,10,proto_3;proto_4;proto_5,true cosine similarity,"{""type"":""MultiPoint"",""coordinates"":[]}"
1_1_2_2_0,proto_1;proto_2;proto_3;proto_4;proto_5,main,EPSG:32755,30,182.0,0.9680851063829787,176.0,0.9361702127659575,184.0,0.9787234042553191,0,EPSG:32755,2024,1.1,2.1,1.02,55S,spatiotemporally held-out,2025,ESA WorldCover 2021 class 80,1.0,0.8692044264233069,Cosine 99% target retention,COS99,5,188,0,188,predicted positive AND individual object truth / individual object truth,all,unweighted 10 m pixel counts,Tasmania,0.7,5,150,123,8,10,proto_3;proto_4;proto_5,true cosine similarity,"{""type"":""MultiPoint"",""coordinates"":[]}"
1_2_1_0,proto_1;proto_2;proto_3;proto_4;proto_5,main,EPSG:32755,30,4.0,1.0,3.0,0.75,4.0,1.0,0,EPSG:32755,2024,1.1,2.1,1.02,55S,spatiotemporally held-out,2025,ESA WorldCover 2021 class 80,0.5740740740740741,0.4012968202744618,Standard Random Forest,SRF,5,4,0,4,predicted positive AND individual object truth / individual object truth,polygon,unweighted 10 m pixel counts,Tasmania,0.7,5,150,123,8,10,proto_3;proto_4;proto_5,true cosine similarity,"{""type"":""MultiPoint"",""coordinates"":[]}"
1_2_1_1,proto_1;proto_2;proto_3;proto_4;proto_5,main,EPSG:32755,30,177.0,0.9619565217391305,170.0,0.9239130434782609,179.0,0.9728260869565217,0,EPSG:32755,2024,1.1,2.1,1.02,55S,spatiotemporally held-out,2025,ESA WorldCover 2021 class 80,1.0,0.8348412558514682,Standard Random Forest,SRF,5,184,0,184,predicted positive AND individual object truth / individual object truth,radial,unweighted 10 m pixel counts,Tasmania,0.7,5,150,123,8,10,proto_3;proto_4;proto_5,true cosine similarity,"{""type"":""MultiPoint"",""coordinates"":[]}"
1_2_2_0,proto_1;proto_2;proto_3;proto_4;proto_5,main,EPSG:32755,30,181.0,0.9627659574468085,173.0,0.9202127659574468,183.0,0.973404255319149,0,EPSG:32755,2024,1.1,2.1,1.02,55S,spatiotemporally held-out,2025,ESA WorldCover 2021 class 80,1.0,0.8256169061583406,Standard Random Forest,SRF,5,188,0,188,predicted positive AND individual object truth / individual object truth,all,unweighted 10 m pixel counts,Tasmania,0.7,5,150,123,8,10,proto_3;proto_4;proto_5,true cosine similarity,"{""type"":""MultiPoint"",""coordinates"":[]}"
2_1_0,proto_1;proto_2;proto_3;proto_4;proto_5,main,EPSG:32755,30,2.0,0.5,1.0,0.25,2.0,0.5,0,EPSG:32755,2024,1.1,2.1,1.02,55S,spatiotemporally held-out,2025,ESA WorldCover 2021 class 80,0.4074074074074074,0.1403133903133903,Class-Relationship Random Forest,CRRF,5,4,0,4,predicted positive AND individual object truth / individual object truth,polygon,unweighted 10 m pixel counts,Tasmania,0.7,5,150,123,8,10,proto_3;proto_4;proto_5,true cosine similarity,"{""type"":""MultiPoint"",""coordinates"":[]}"
2_1_1,proto_1;proto_2;proto_3;proto_4;proto_5,main,EPSG:32755,30,177.0,0.9619565217391305,173.0,0.9402173913043478,179.0,0.9728260869565217,0,EPSG:32755,2024,1.1,2.1,1.02,55S,spatiotemporally held-out,2025,ESA WorldCover 2021 class 80,1.0,0.8356348386156303,Class-Relationship Random Forest,CRRF,5,184,0,184,predicted positive AND individual object truth / individual object truth,radial,unweighted 10 m pixel counts,Tasmania,0.7,5,150,123,8,10,proto_3;proto_4;proto_5,true cosine similarity,"{""type"":""MultiPoint"",""coordinates"":[]}"
2_2_0,proto_1;proto_2;proto_3;proto_4;proto_5,main,EPSG:32755,30,179.0,0.9521276595744681,174.0,0.925531914893617,181.0,0.9627659574468085,0,EPSG:32755,2024,1.1,2.1,1.02,55S,spatiotemporally held-out,2025,ESA WorldCover 2021 class 80,1.0,0.8208407652474974,Class-Relationship Random Forest,CRRF,5,188,0,188,predicted positive AND individual object truth / individual object truth,all,unweighted 10 m pixel counts,Tasmania,0.7,5,150,123,8,10,proto_3;proto_4;proto_5,true cosine similarity,"{""type"":""MultiPoint"",""coordinates"":[]}"
