site_id,poly_id,source_id,class,region,year,rad,sampling_radius_m,centroid_lon,centroid_lat,pixel_count,nominal_sampled_area_m2,sampling_crs,sampling_scale_m,aef_utm_zone
Tasmania_target_0,Tasmania_target_0,0,target,Tasmania,2024,50,50,147.44721674208049,-43.18501832797598,79,7900,EPSG:32755,10,55S
Tasmania_target_1,Tasmania_target_1,1,target,Tasmania,2024,50,50,147.43651272937984,-43.16702492417681,76,7600,EPSG:32755,10,55S
Tasmania_target_2,Tasmania_target_2,2,target,Tasmania,2024,50,50,146.99007049588562,-43.19214739248486,78,7800,EPSG:32755,10,55S
Tasmania_target_3,Tasmania_target_3,3,target,Tasmania,2024,50,50,147.4318225638957,-43.12098755269151,79,7900,EPSG:32755,10,55S
Tasmania_target_4,Tasmania_target_4,4,target,Tasmania,2024,50,50,147.42555692363692,-43.11145511664975,79,7900,EPSG:32755,10,55S
Tasmania_target_5,Tasmania_target_5,5,target,Tasmania,2024,50,50,147.00556753074977,-43.212776401849155,78,7800,EPSG:32755,10,55S
Tasmania_target_6,Tasmania_target_6,6,target,Tasmania,2024,50,50,147.72345772894585,-43.098187488052496,78,7800,EPSG:32755,10,55S
Tasmania_target_7,Tasmania_target_7,7,target,Tasmania,2024,50,50,147.68430855438075,-43.109887436449704,76,7600,EPSG:32755,10,55S
Tasmania_target_8,Tasmania_target_8,8,target,Tasmania,2024,50,50,147.3030040959248,-43.134986670310035,78,7800,EPSG:32755,10,55S
Tasmania_target_9,Tasmania_target_9,9,target,Tasmania,2024,50,50,147.28463581464447,-43.17978500812694,78,7800,EPSG:32755,10,55S
Tasmania_target_10,Tasmania_target_10,10,target,Tasmania,2024,50,50,147.30336981313417,-43.08908533818154,79,7900,EPSG:32755,10,55S
Tasmania_target_11,Tasmania_target_11,11,target,Tasmania,2024,50,50,147.28960228660466,-43.108729353357745,78,7800,EPSG:32755,10,55S
Tasmania_target_12,Tasmania_target_12,12,target,Tasmania,2024,50,50,147.6922145353411,-43.10768973921899,78,7800,EPSG:32755,10,55S
Tasmania_target_13,Tasmania_target_13,13,target,Tasmania,2024,50,50,147.69888787137015,-43.103929876188424,79,7900,EPSG:32755,10,55S
Tasmania_target_14,Tasmania_target_14,14,target,Tasmania,2024,50,50,147.44057040187377,-43.173432871681435,78,7800,EPSG:32755,10,55S
Tasmania_target_15,Tasmania_target_15,15,target,Tasmania,2024,50,50,147.4482055315955,-43.186586360763876,78,7800,EPSG:32755,10,55S
Tasmania_target_16,Tasmania_target_16,16,target,Tasmania,2024,50,50,147.29423049432074,-43.13730119230578,79,7900,EPSG:32755,10,55S
Tasmania_target_17,Tasmania_target_17,17,target,Tasmania,2024,50,50,147.29763153535163,-43.13686276577162,76,7600,EPSG:32755,10,55S
Tasmania_target_18,Tasmania_target_18,18,target,Tasmania,2024,50,50,147.28292835488102,-43.17942884384395,79,7900,EPSG:32755,10,55S
Tasmania_target_19,Tasmania_target_19,19,target,Tasmania,2024,50,50,147.44617224512163,-43.19182315675465,77,7700,EPSG:32755,10,55S
Tasmania_ocean_0,Tasmania_ocean_0,0,ocean,Tasmania,2024,50,50,147.31225671348366,-43.205614992434036,76,7600,EPSG:32755,10,55S
Tasmania_ocean_1,Tasmania_ocean_1,1,ocean,Tasmania,2024,50,50,147.56075475852532,-43.01695170248204,78,7800,EPSG:32755,10,55S
Tasmania_ocean_2,Tasmania_ocean_2,2,ocean,Tasmania,2024,50,50,147.26136362461304,-43.15904904674683,78,7800,EPSG:32755,10,55S
Tasmania_ocean_3,Tasmania_ocean_3,3,ocean,Tasmania,2024,50,50,147.27475321201538,-43.18609051843652,77,7700,EPSG:32755,10,55S
Tasmania_ocean_4,Tasmania_ocean_4,4,ocean,Tasmania,2024,50,50,147.2757831802771,-43.13174505126547,79,7900,EPSG:32755,10,55S
Tasmania_ocean_5,Tasmania_ocean_5,5,ocean,Tasmania,2024,50,50,147.45602762607788,-43.20661400939148,78,7800,EPSG:32755,10,55S
Tasmania_ocean_6,Tasmania_ocean_6,6,ocean,Tasmania,2024,50,50,147.31869852451538,-43.07358952468905,74,7400,EPSG:32755,10,55S
Tasmania_ocean_7,Tasmania_ocean_7,7,ocean,Tasmania,2024,50,50,147.01659340618812,-43.2139133244546,80,8000,EPSG:32755,10,55S
Tasmania_ocean_8,Tasmania_ocean_8,8,ocean,Tasmania,2024,50,50,147.70837564149906,-43.113354943291334,78,7800,EPSG:32755,10,55S
Tasmania_ocean_9,Tasmania_ocean_9,9,ocean,Tasmania,2024,50,50,147.35121699678513,-43.20252492705073,76,7600,EPSG:32755,10,55S
Tasmania_ocean_10,Tasmania_ocean_10,10,ocean,Tasmania,2024,50,50,147.33332938520968,-43.50804704650978,78,7800,EPSG:32755,10,55S
Tasmania_ocean_11,Tasmania_ocean_11,11,ocean,Tasmania,2024,50,50,147.42333293837376,-43.133755666960845,78,7800,EPSG:32755,10,55S
Tasmania_ocean_12,Tasmania_ocean_12,12,ocean,Tasmania,2024,50,50,147.3836321388825,-43.28281187406166,77,7700,EPSG:32755,10,55S
Tasmania_ocean_13,Tasmania_ocean_13,13,ocean,Tasmania,2024,50,50,147.4392504250153,-42.99370730407672,79,7900,EPSG:32755,10,55S
Tasmania_ocean_14,Tasmania_ocean_14,14,ocean,Tasmania,2024,50,50,146.94555230489811,-43.53820338838521,77,7700,EPSG:32755,10,55S
Tasmania_ocean_15,Tasmania_ocean_15,15,ocean,Tasmania,2024,50,50,146.92426629415593,-43.566569020939596,78,7800,EPSG:32755,10,55S
Tasmania_ocean_16,Tasmania_ocean_16,16,ocean,Tasmania,2024,50,50,147.36028619161686,-43.42311125216145,74,7400,EPSG:32755,10,55S
Tasmania_ocean_17,Tasmania_ocean_17,17,ocean,Tasmania,2024,50,50,147.42208428732,-43.17574712528,77,7700,EPSG:32755,10,55S
Tasmania_ocean_18,Tasmania_ocean_18,18,ocean,Tasmania,2024,50,50,146.8892473732575,-43.62624250047447,76,7600,EPSG:32755,10,55S
Tasmania_ocean_19,Tasmania_ocean_19,19,ocean,Tasmania,2024,50,50,147.00803704610905,-43.540194394663416,77,7700,EPSG:32755,10,55S
Tasmania_confounding_marine_0,Tasmania_confounding_marine_0,0,confounding_marine,Tasmania,2024,50,50,147.08585984309522,-43.17538132681321,77,7700,EPSG:32755,10,55S
Tasmania_confounding_marine_1,Tasmania_confounding_marine_1,1,confounding_marine,Tasmania,2024,50,50,147.03164362518547,-43.22057406812954,79,7900,EPSG:32755,10,55S
Tasmania_confounding_marine_2,Tasmania_confounding_marine_2,2,confounding_marine,Tasmania,2024,50,50,147.10665964691398,-43.211441554823374,78,7800,EPSG:32755,10,55S
Tasmania_confounding_marine_3,Tasmania_confounding_marine_3,3,confounding_marine,Tasmania,2024,50,50,146.9722366348591,-43.17653573050313,79,7900,EPSG:32755,10,55S
Tasmania_confounding_marine_4,Tasmania_confounding_marine_4,4,confounding_marine,Tasmania,2024,50,50,147.28791349891756,-43.221216367050985,78,7800,EPSG:32755,10,55S
Tasmania_confounding_marine_5,Tasmania_confounding_marine_5,5,confounding_marine,Tasmania,2024,50,50,147.3819019797379,-42.994063928588716,79,7900,EPSG:32755,10,55S
Tasmania_confounding_marine_6,Tasmania_confounding_marine_6,6,confounding_marine,Tasmania,2024,50,50,147.35437178640905,-42.88966868003198,74,7400,EPSG:32755,10,55S
Tasmania_confounding_marine_7,Tasmania_confounding_marine_7,7,confounding_marine,Tasmania,2024,50,50,147.36645245581212,-42.923915877036556,78,7800,EPSG:32755,10,55S
Tasmania_confounding_marine_8,Tasmania_confounding_marine_8,8,confounding_marine,Tasmania,2024,50,50,147.27901555539714,-43.03194695949961,79,7900,EPSG:32755,10,55S
Tasmania_confounding_marine_9,Tasmania_confounding_marine_9,9,confounding_marine,Tasmania,2024,50,50,147.2682246635746,-43.07075373695526,77,7700,EPSG:32755,10,55S
Tasmania_confounding_marine_10,Tasmania_confounding_marine_10,10,confounding_marine,Tasmania,2024,50,50,147.2708159115347,-43.11106848268115,76,7600,EPSG:32755,10,55S
Tasmania_confounding_marine_11,Tasmania_confounding_marine_11,11,confounding_marine,Tasmania,2024,50,50,147.38218065636184,-43.381739836880236,78,7800,EPSG:32755,10,55S
Tasmania_confounding_marine_12,Tasmania_confounding_marine_12,12,confounding_marine,Tasmania,2024,50,50,147.99824447693018,-43.15045919603652,78,7800,EPSG:32755,10,55S
Tasmania_confounding_marine_13,Tasmania_confounding_marine_13,13,confounding_marine,Tasmania,2024,50,50,146.90081154293694,-43.62000654745045,77,7700,EPSG:32755,10,55S
Tasmania_confounding_marine_14,Tasmania_confounding_marine_14,14,confounding_marine,Tasmania,2024,50,50,147.3451038274409,-43.437559124046345,76,7600,EPSG:32755,10,55S
Tasmania_confounding_marine_15,Tasmania_confounding_marine_15,15,confounding_marine,Tasmania,2024,50,50,146.92559267795457,-43.544885810106365,79,7900,EPSG:32755,10,55S
Tasmania_confounding_marine_16,Tasmania_confounding_marine_16,16,confounding_marine,Tasmania,2024,50,50,147.37604777646317,-43.39151707720987,78,7800,EPSG:32755,10,55S
Tasmania_confounding_marine_17,Tasmania_confounding_marine_17,17,confounding_marine,Tasmania,2024,50,50,147.33145976542968,-43.34384742582586,77,7700,EPSG:32755,10,55S
Tasmania_confounding_marine_18,Tasmania_confounding_marine_18,18,confounding_marine,Tasmania,2024,50,50,147.35448631209508,-43.36206860366992,77,7700,EPSG:32755,10,55S
Tasmania_confounding_marine_19,Tasmania_confounding_marine_19,19,confounding_marine,Tasmania,2024,50,50,147.62833307911336,-43.0750766641113,78,7800,EPSG:32755,10,55S
