"Parameter","Value"
"Region","Norway"
"Year","2024"
"Input_File","Analysis/Exports/AEF_Norway_2024_ReferencePixels.csv"
"Input_MD5","a81ebeab9cb7bdde254aaff92ca190da"
"Expected_Sites_Per_Class","20"
"Expected_Radius_m","50"
"Expected_Sampling_Scale_m","10"
"Sampling_CRS","EPSG:32632"
"Sampling_UTM_Zone","31"
"Source_AEF_UTM_Zones","31N|32N"
"AEF_Dataset_Versions","1"
"AEF_Model_Versions","2.1"
"AEF_Processing_Versions","1.01"
"AEF_Dimensions","64"
"K","5"
"KMeans_NStart","50"
"KMeans_Iter_Max","100"
"Prototype_Cumulative_Importance_Target","0.8"
"Production_Selector_RF_Trees","500"
"Internal_CV_Folds","5"
"Internal_RF_Trees","500"
"Bootstrap_Reps","500"
"Seed_KMeans","123"
"Seed_Production_Selector","133"
"Seed_CV_Folds","223"
"Seed_CV_Base","1123"
"Seed_Bootstrap","10123"
"Selected_Prototypes","proto_3;proto_4;proto_1"
"R_Version","R version 4.5.1 (2025-06-13 ucrt)"
"randomForest_Version","4.7.1.2"
"cluster_Version","2.1.8.2"
"dplyr_Version","1.2.0"
