"class","Variable","N","Mean","SD","Q01","Q05","Q10","Q25","Median","Q75","Q90","Q95","Q99"
"confounding_marine","conf_sim",1552,0.965157533517118,0.0787688444271765,0.516114257414996,0.855585261766691,0.949573044879868,0.979005002080824,0.986685964493325,0.990579370843131,0.992267848523511,0.99282987415072,0.993623344984546
"confounding_marine","farm_sim",1552,0.95671146459479,0.0722836055532011,0.526815209766613,0.886995653004485,0.951122572368749,0.96347612581877,0.973704084430577,0.979783530763586,0.984699448649845,0.986622385729017,0.990440684110242
"confounding_marine","margin_best_noise",1552,-0.0104052907603101,0.0155992720370895,-0.0394779940343856,-0.0297663099938837,-0.0260940330168778,-0.0193753580712501,-0.0124595914967977,-0.00535937267125383,0.0109155094102973,0.0227348047486986,0.037013635231927
"confounding_marine","margin_conf",1552,-0.00844606892232859,0.0136081713107909,-0.0237117835687644,-0.0225540238145729,-0.0211426240088676,-0.0168198431383396,-0.0124293926035395,-0.00535937267125383,0.0109155094102973,0.0227348047486986,0.037013635231927
"confounding_marine","margin_ocean",1552,0.00209470129520552,0.0286226307645089,-0.0394779940343856,-0.0297663099938837,-0.0260940330168778,-0.0176800292756593,-0.00370581225449773,0.0104426682394577,0.0455843858656326,0.0717626168059615,0.0842462177079953
"confounding_marine","ocean_sim",1552,0.954616763299584,0.0915095955006687,0.452517258914156,0.817056251584784,0.919184617698556,0.966451398526912,0.978678224464888,0.990004657007648,0.995633694141968,0.996083402823348,0.996804824105087
"confounding_marine","proto_1",1552,0.956352672003305,0.0804441147537276,0.488907643850032,0.863322401377937,0.943530135339284,0.965714283062048,0.97477022267421,0.985824959546646,0.987474559156342,0.988073517837438,0.989666767603934
"confounding_marine","proto_2",1552,0.942888199835166,0.0674032709629368,0.541825550092651,0.90333408616898,0.925790089029514,0.942919370802985,0.957684736032309,0.967508322512592,0.975022084788286,0.978763201918864,0.983868973113483
"confounding_marine","proto_3",1552,0.943261251198355,0.0695490925976392,0.531700805770203,0.880746501613792,0.921278750121568,0.949681800816151,0.958741681200624,0.967709735221443,0.972840294755406,0.975490274820743,0.979776608072776
"confounding_marine","proto_4",1552,0.959204697259736,0.0822830183416598,0.493914826062235,0.845461116355121,0.938614691995226,0.975791532024307,0.981924409739009,0.986492677921875,0.988842172337784,0.989876164522158,0.992203906362055
"confounding_marine","proto_5",1552,0.935469243909025,0.060402578684359,0.575416915484465,0.913420023056213,0.918059921461993,0.933995855203218,0.945943410449312,0.957406137496444,0.96719036768962,0.971831294193633,0.979544072119984
"ocean","conf_sim",1545,0.982975952589509,0.00566803415841643,0.965005501717672,0.969638087550347,0.975968395483081,0.980661686608293,0.982987851622394,0.987463743125251,0.98922759078577,0.989962933332144,0.990774483340656
"ocean","farm_sim",1545,0.96486620683425,0.00664970499753072,0.947757694421839,0.951703710521367,0.955926615750295,0.961652560370926,0.964549281458586,0.970495938011052,0.972948316138653,0.974484739228188,0.97671361026978
"ocean","margin_best_noise",1545,-0.0289644854200569,0.00449412322210164,-0.0375400600251296,-0.0356969692342084,-0.0343671187955643,-0.0328394894832951,-0.0293405759882064,-0.0249935625229483,-0.0231428098471983,-0.0221570638855884,-0.019415698629103
"ocean","margin_conf",1545,-0.0181097457552591,0.00225561988601289,-0.0235562131517993,-0.0219431343662565,-0.0213950533136476,-0.020022907274755,-0.0176561387442375,-0.0164787622253355,-0.0155715103247616,-0.0150612045466434,-0.0139216666601444
"ocean","margin_ocean",1545,-0.0289644698292956,0.00449415074394376,-0.0375400600251296,-0.0356969692342084,-0.0343671187955643,-0.0328394894832951,-0.0293405759882064,-0.0249935625229483,-0.0231428098471983,-0.0221570638855884,-0.019415698629103
"ocean","ocean_sim",1545,0.993830676663546,0.00496131133350858,0.978314378479679,0.980181940792385,0.984604596768849,0.993786995365237,0.995507874881298,0.996737087538773,0.997889922650543,0.998407340897366,0.998774608462492
"ocean","proto_1",1545,0.978603070231402,0.00778733143414191,0.950968314768996,0.955279141740162,0.971355132103492,0.975441067461771,0.981259082723301,0.983720425759053,0.98629794025575,0.986969860878379,0.98797230402474
"ocean","proto_2",1545,0.955153014902395,0.0107582579931096,0.919993197349225,0.926807076439327,0.940453624440801,0.952099555616528,0.957847155095281,0.961861732772359,0.9658084069196,0.967920264210352,0.969663642872989
"ocean","proto_3",1545,0.938591156265536,0.00961032453318143,0.910185686087466,0.916706483096964,0.926531340549789,0.932416148165998,0.9405182230717,0.945994153576101,0.949357944681645,0.950399736556678,0.952849209455532
"ocean","proto_4",1545,0.970700334489755,0.00963482089219809,0.939498234512641,0.946517598603498,0.959336293776687,0.964940864035306,0.975449775438223,0.977483427369477,0.979115452528428,0.980303959382839,0.981955111524624
"ocean","proto_5",1545,0.931197819583187,0.00742011177475492,0.914621424250686,0.918579733278535,0.921716116344048,0.926241534532222,0.930499409296318,0.936927145483794,0.940474758212185,0.942793803010441,0.947481913640522
"target","conf_sim",1560,0.974755083965211,0.0139324316113807,0.935009430800682,0.946917574285859,0.954357528149143,0.966340117763475,0.979088557797953,0.985159807243966,0.989270259081196,0.990621918586281,0.993119224939152
"target","farm_sim",1560,0.983359896197834,0.00657317289171076,0.964672863247496,0.971573040314376,0.974697009456026,0.979949176282624,0.984548445836842,0.988143701193367,0.99041353104822,0.991607736735412,0.993967985609668
"target","margin_best_noise",1560,0.0084865628408299,0.0114398276664067,-0.0137271992869815,-0.00960599094932051,-0.00626586851222051,-0.000317802233621267,0.00752185780415909,0.0175931252459797,0.0245601036004075,0.0273570262708345,0.0312084209874129
"target","margin_conf",1560,0.0086048122326235,0.0112434189989839,-0.0126831635273161,-0.00881746648123608,-0.00603345473964354,-0.000317802233621267,0.00752185780415909,0.0175931252459797,0.0245601036004075,0.0273570262708345,0.0312084209874129
"target","margin_ocean",1560,0.0286603189215498,0.022159683973291,-0.0116899096078198,-0.00442464590916978,0.00117495111340517,0.0118316104020164,0.0240925181491405,0.0495009797237134,0.0600121657556843,0.0641931350100434,0.0701435805678017
"target","ocean_sim",1560,0.954699577276284,0.0244813325003834,0.895931882979637,0.911435294913995,0.920203808004891,0.936625302812346,0.960423781432159,0.973571755776345,0.984066536144864,0.987609142613309,0.993667483173093
"target","proto_1",1560,0.974863854528535,0.0169254765210278,0.933136751066084,0.948483636061743,0.954506520978115,0.963091907979599,0.973037817502184,0.991844164052928,0.996409802355391,0.997747350844871,0.998476273573508
"target","proto_2",1560,0.973946004312634,0.0156037590531033,0.939495481903882,0.946676163557116,0.951780457424731,0.961528823087954,0.976272408274289,0.987188637983566,0.993373099876699,0.995346986583316,0.997181438018538
"target","proto_3",1560,0.976405542041789,0.0109409289799595,0.9480206044184,0.959028349684511,0.962680719138002,0.969014496261473,0.976036916115795,0.985509910947185,0.9911551626229,0.993527293747269,0.995462805006559
"target","proto_4",1560,0.973959605106397,0.0138027624385144,0.935875727061603,0.947546517494832,0.955539865786597,0.96560047155519,0.97583076338266,0.983659666178922,0.991412148368441,0.993137540658641,0.99498544122948
"target","proto_5",1560,0.973580470456547,0.013761608148828,0.942127929558645,0.951061713052749,0.955840296347047,0.96356703505035,0.973078880239316,0.985310805105056,0.992593808142234,0.994206245714248,0.995888306691056
