"class","site_key","site_id","n_pixels","farm_sim","ocean_sim","conf_sim","margin_ocean","margin_conf","margin_best_noise"
"confounding_marine","confounding_marine::Norway_confounding_marine_0","Norway_confounding_marine_0",79,0.987470620861995,0.994834500327735,0.996115223047077,-0.00736387946573924,-0.00864460218508123,-0.00864460218508123
"confounding_marine","confounding_marine::Norway_confounding_marine_1","Norway_confounding_marine_1",80,0.993504609881128,0.990077027134843,0.996216408137493,0.0034275827462853,-0.00271179825636492,-0.00271179825636492
"confounding_marine","confounding_marine::Norway_confounding_marine_10","Norway_confounding_marine_10",79,0.984703261806942,0.996947706021503,0.995882412255734,-0.0122444442145617,-0.0111791504487923,-0.0122444442145617
"confounding_marine","confounding_marine::Norway_confounding_marine_11","Norway_confounding_marine_11",79,0.98851435742061,0.969503756100451,0.981492173901632,0.0190106013201595,0.00702218351897843,0.00702218351897843
"confounding_marine","confounding_marine::Norway_confounding_marine_12","Norway_confounding_marine_12",80,0.977285253167768,0.986543427237919,0.989525522636798,-0.00925817407015128,-0.0122402694690301,-0.0122402694690301
"confounding_marine","confounding_marine::Norway_confounding_marine_13","Norway_confounding_marine_13",78,0.981572967746759,0.995000766257586,0.993618031746769,-0.0134277985108274,-0.0120450640000104,-0.0134277985108274
"confounding_marine","confounding_marine::Norway_confounding_marine_14","Norway_confounding_marine_14",79,0.967974597166872,0.988486356968481,0.985997915642611,-0.0205117598016091,-0.0180233184757392,-0.0205117598016091
"confounding_marine","confounding_marine::Norway_confounding_marine_15","Norway_confounding_marine_15",79,0.978369679056549,0.995062713028638,0.992957534753645,-0.0166930339720894,-0.0145878556970968,-0.0166930339720894
"confounding_marine","confounding_marine::Norway_confounding_marine_16","Norway_confounding_marine_16",77,0.971730056963238,0.986119836233114,0.986923766258698,-0.0143897792698765,-0.0151937092954608,-0.0151937092954608
"confounding_marine","confounding_marine::Norway_confounding_marine_17","Norway_confounding_marine_17",76,0.979348474444934,0.979068107218955,0.98393211033039,0.000280367225979128,-0.00458363588545663,-0.00458363588545663
"confounding_marine","confounding_marine::Norway_confounding_marine_18","Norway_confounding_marine_18",81,0.983789449160564,0.993463405243267,0.993484836721715,-0.00967395608270283,-0.00969538756115051,-0.00969538756115051
"confounding_marine","confounding_marine::Norway_confounding_marine_19","Norway_confounding_marine_19",78,0.984629088175035,0.996004387154147,0.995699868137935,-0.0113752989791118,-0.0110707799629,-0.0113752989791118
"confounding_marine","confounding_marine::Norway_confounding_marine_2","Norway_confounding_marine_2",77,0.98419813267542,0.995515198835825,0.994746776724731,-0.0113170661604051,-0.0105486440493113,-0.0113170661604051
"confounding_marine","confounding_marine::Norway_confounding_marine_3","Norway_confounding_marine_3",80,0.984994680613911,0.981532861072113,0.988924683186507,0.00346181954179747,-0.00393000257259613,-0.00393000257259613
"confounding_marine","confounding_marine::Norway_confounding_marine_4","Norway_confounding_marine_4",79,0.984026876564356,0.993090533773296,0.993756381353768,-0.00906365720894031,-0.00972950478941215,-0.00972950478941215
"confounding_marine","confounding_marine::Norway_confounding_marine_5","Norway_confounding_marine_5",78,0.987071204013168,0.981903309545217,0.98627342218666,0.00516789446795052,0.000797781826508026,0.000797781826508026
"confounding_marine","confounding_marine::Norway_confounding_marine_6","Norway_confounding_marine_6",76,0.988165548293234,0.985599383039124,0.990217963274398,0.00256616525411013,-0.00205241498116471,-0.00205241498116471
"confounding_marine","confounding_marine::Norway_confounding_marine_7","Norway_confounding_marine_7",78,0.990200107609452,0.988182077442746,0.992588058483109,0.00201803016670543,-0.00238795087365706,-0.00238795087365706
"confounding_marine","confounding_marine::Norway_confounding_marine_8","Norway_confounding_marine_8",79,0.989082413874598,0.981075582976126,0.988479722396774,0.00800683089847209,0.000602691477823991,0.000602691477823991
"confounding_marine","confounding_marine::Norway_confounding_marine_9","Norway_confounding_marine_9",79,0.981659569908939,0.998291624007516,0.996170414010623,-0.0166320540985767,-0.0145108441016834,-0.0166320540985767
"ocean","ocean::Norway_ocean_0","Norway_ocean_0",77,0.970079606760829,0.9910746376091,0.985818760335702,-0.0209950308482701,-0.0157391535748723,-0.0209950308482701
"ocean","ocean::Norway_ocean_1","Norway_ocean_1",78,0.979689161906483,0.995517899788024,0.992466391836408,-0.0158287378815409,-0.012777229929925,-0.0158287378815409
"ocean","ocean::Norway_ocean_10","Norway_ocean_10",78,0.97399694785318,0.995989373634074,0.990584907410255,-0.0219924257808939,-0.0165879595570748,-0.0219924257808939
"ocean","ocean::Norway_ocean_11","Norway_ocean_11",77,0.969340589754949,0.989194405721765,0.984077198899152,-0.0198538159668161,-0.0147366091442026,-0.0198538159668161
"ocean","ocean::Norway_ocean_12","Norway_ocean_12",77,0.974197393178709,0.993778301138425,0.988861459092753,-0.019580907959716,-0.0146640659140447,-0.019580907959716
"ocean","ocean::Norway_ocean_13","Norway_ocean_13",79,0.980266945725572,0.997658426408355,0.994391422616872,-0.0173914806827834,-0.0141244768913001,-0.0173914806827834
"ocean","ocean::Norway_ocean_14","Norway_ocean_14",77,0.975460950804526,0.994900608333136,0.991173921412146,-0.0194396575286099,-0.0157129706076201,-0.0194396575286099
"ocean","ocean::Norway_ocean_15","Norway_ocean_15",79,0.973166371867706,0.995427822583573,0.990808068578612,-0.0222614507158669,-0.0176416967109064,-0.0222614507158669
"ocean","ocean::Norway_ocean_16","Norway_ocean_16",76,0.973469312983574,0.982565989977059,0.984757333927702,-0.00909667699348493,-0.0112880209441278,-0.0112880209441278
"ocean","ocean::Norway_ocean_17","Norway_ocean_17",78,0.978643589666267,0.993428773364984,0.990736337072036,-0.0147851836987175,-0.012092747405769,-0.0147851836987175
"ocean","ocean::Norway_ocean_18","Norway_ocean_18",79,0.977500825898322,0.998671149393491,0.994290972130641,-0.0211703234951687,-0.0167901462323187,-0.0211703234951687
"ocean","ocean::Norway_ocean_19","Norway_ocean_19",79,0.98548676072763,0.997996319636012,0.996484572740791,-0.0125095589083825,-0.0109978120131617,-0.0125095589083825
"ocean","ocean::Norway_ocean_2","Norway_ocean_2",77,0.977606889183238,0.985030368124102,0.986025632065731,-0.00742347894086404,-0.008418742882493,-0.008418742882493
"ocean","ocean::Norway_ocean_3","Norway_ocean_3",79,0.985950587779741,0.991586908170196,0.993824233349445,-0.00563632039045547,-0.0078736455697046,-0.0078736455697046
"ocean","ocean::Norway_ocean_4","Norway_ocean_4",79,0.968957319201026,0.983952016911673,0.98495314666473,-0.0149946977106473,-0.0159958274637034,-0.0159958274637034
"ocean","ocean::Norway_ocean_5","Norway_ocean_5",77,0.959472619225548,0.97840604426475,0.977617540040203,-0.018933425039202,-0.0181449208146555,-0.018933425039202
"ocean","ocean::Norway_ocean_6","Norway_ocean_6",78,0.975677546889706,0.994700390672259,0.992041309704748,-0.0190228437825528,-0.0163637628150414,-0.0190228437825528
"ocean","ocean::Norway_ocean_7","Norway_ocean_7",79,0.981064330371723,0.997316225942553,0.994843250282635,-0.0162518955708302,-0.0137789199109121,-0.0162518955708302
"ocean","ocean::Norway_ocean_8","Norway_ocean_8",80,0.985167664236426,0.998736192454216,0.997495003380668,-0.0135685282177893,-0.012327339144242,-0.0135685282177893
"ocean","ocean::Norway_ocean_9","Norway_ocean_9",76,0.981517157707977,0.993813243262381,0.992157453752633,-0.0122960855544038,-0.0106402960446558,-0.0122960855544038
"target","target::Norway_target_0","Norway_target_0",79,0.987684843740456,0.992830895822699,0.994584541165397,-0.00514605208224306,-0.00689969742494101,-0.00689969742494101
"target","target::Norway_target_1","Norway_target_1",78,0.989830000147896,0.983760995982569,0.987096301827336,0.00606900416532685,0.00273369832055959,0.00273369832055959
"target","target::Norway_target_10","Norway_target_10",79,0.992783007092472,0.983141433266941,0.990758508213966,0.00964157382553066,0.00202449887850653,0.00202449887850653
"target","target::Norway_target_11","Norway_target_11",76,0.992835421357748,0.981121082556875,0.988957237995563,0.0117143388008729,0.00387818336218482,0.00387818336218482
"target","target::Norway_target_12","Norway_target_12",80,0.994547475092041,0.968756657940392,0.979114808811068,0.025790817151649,0.0154326662809732,0.0154326662809732
"target","target::Norway_target_13","Norway_target_13",79,0.993487105710967,0.974981627108514,0.985773111888213,0.0185054786024523,0.00771399382275406,0.00771399382275406
"target","target::Norway_target_14","Norway_target_14",79,0.996670182576148,0.981198534265294,0.989684113734307,0.0154716483108538,0.00698606884184083,0.00698606884184083
"target","target::Norway_target_15","Norway_target_15",78,0.991918956569304,0.96933596654673,0.980947830400479,0.0225829900225736,0.010971126168825,0.010971126168825
"target","target::Norway_target_16","Norway_target_16",78,0.997546961611642,0.982894348173271,0.989718871672468,0.0146526134383712,0.00782808993917372,0.00782808993917372
"target","target::Norway_target_17","Norway_target_17",78,0.996218814772883,0.979825582734542,0.987179587576923,0.0163932320383408,0.00903922719596018,0.00903922719596018
"target","target::Norway_target_18","Norway_target_18",79,0.990807583809678,0.965975345048867,0.979171981995494,0.0248322387608111,0.0116356018141838,0.0116356018141838
"target","target::Norway_target_19","Norway_target_19",80,0.994804957447083,0.972380255888943,0.984184658791283,0.02242470155814,0.0106202986557993,0.0106202986557993
"target","target::Norway_target_2","Norway_target_2",79,0.995337051821017,0.970025815872966,0.981643315730426,0.0253112359480503,0.0136937360905912,0.0136937360905912
"target","target::Norway_target_3","Norway_target_3",78,0.993257013314411,0.977005064039916,0.984358913946811,0.0162519492744949,0.00889809936760022,0.00889809936760022
"target","target::Norway_target_4","Norway_target_4",78,0.996462562998103,0.979181369883652,0.987532016517164,0.0172811931144511,0.00893054648093894,0.00893054648093894
"target","target::Norway_target_5","Norway_target_5",79,0.989961445000332,0.97646900112429,0.9847143175277,0.0134924438760421,0.00524712747263256,0.00524712747263256
"target","target::Norway_target_6","Norway_target_6",77,0.996807283109484,0.981340599822142,0.988633586754075,0.0154666832873425,0.00817369635540921,0.00817369635540921
"target","target::Norway_target_7","Norway_target_7",77,0.991648638076435,0.972669695769579,0.979689888590994,0.0189789423068562,0.0119587494854408,0.0119587494854408
"target","target::Norway_target_8","Norway_target_8",75,0.996230083151237,0.981363584662283,0.988570139095563,0.0148664984889536,0.00765994405567383,0.00765994405567383
"target","target::Norway_target_9","Norway_target_9",78,0.994327167608628,0.975666498505426,0.984882498621507,0.0186606691032024,0.00944466898712149,0.00944466898712149
