"class","site_key","site_id","Fold"
"target","target::Chile_target_2","Chile_target_2",1
"target","target::Chile_target_12","Chile_target_12",2
"target","target::Chile_target_4","Chile_target_4",3
"target","target::Chile_target_6","Chile_target_6",4
"target","target::Chile_target_14","Chile_target_14",5
"target","target::Chile_target_7","Chile_target_7",1
"target","target::Chile_target_19","Chile_target_19",2
"target","target::Chile_target_13","Chile_target_13",3
"target","target::Chile_target_9","Chile_target_9",4
"target","target::Chile_target_16","Chile_target_16",5
"target","target::Chile_target_8","Chile_target_8",1
"target","target::Chile_target_18","Chile_target_18",2
"target","target::Chile_target_17","Chile_target_17",3
"target","target::Chile_target_5","Chile_target_5",4
"target","target::Chile_target_1","Chile_target_1",5
"target","target::Chile_target_11","Chile_target_11",1
"target","target::Chile_target_3","Chile_target_3",2
"target","target::Chile_target_15","Chile_target_15",3
"target","target::Chile_target_10","Chile_target_10",4
"target","target::Chile_target_0","Chile_target_0",5
"ocean","ocean::Chile_ocean_0","Chile_ocean_0",1
"ocean","ocean::Chile_ocean_5","Chile_ocean_5",2
"ocean","ocean::Chile_ocean_16","Chile_ocean_16",3
"ocean","ocean::Chile_ocean_13","Chile_ocean_13",4
"ocean","ocean::Chile_ocean_19","Chile_ocean_19",5
"ocean","ocean::Chile_ocean_2","Chile_ocean_2",1
"ocean","ocean::Chile_ocean_1","Chile_ocean_1",2
"ocean","ocean::Chile_ocean_14","Chile_ocean_14",3
"ocean","ocean::Chile_ocean_4","Chile_ocean_4",4
"ocean","ocean::Chile_ocean_8","Chile_ocean_8",5
"ocean","ocean::Chile_ocean_12","Chile_ocean_12",1
"ocean","ocean::Chile_ocean_9","Chile_ocean_9",2
"ocean","ocean::Chile_ocean_3","Chile_ocean_3",3
"ocean","ocean::Chile_ocean_11","Chile_ocean_11",4
"ocean","ocean::Chile_ocean_18","Chile_ocean_18",5
"ocean","ocean::Chile_ocean_17","Chile_ocean_17",1
"ocean","ocean::Chile_ocean_6","Chile_ocean_6",2
"ocean","ocean::Chile_ocean_10","Chile_ocean_10",3
"ocean","ocean::Chile_ocean_7","Chile_ocean_7",4
"ocean","ocean::Chile_ocean_15","Chile_ocean_15",5
"confounding_marine","confounding_marine::Chile_confounding_marine_2","Chile_confounding_marine_2",1
"confounding_marine","confounding_marine::Chile_confounding_marine_8","Chile_confounding_marine_8",2
"confounding_marine","confounding_marine::Chile_confounding_marine_17","Chile_confounding_marine_17",3
"confounding_marine","confounding_marine::Chile_confounding_marine_7","Chile_confounding_marine_7",4
"confounding_marine","confounding_marine::Chile_confounding_marine_9","Chile_confounding_marine_9",5
"confounding_marine","confounding_marine::Chile_confounding_marine_3","Chile_confounding_marine_3",1
"confounding_marine","confounding_marine::Chile_confounding_marine_11","Chile_confounding_marine_11",2
"confounding_marine","confounding_marine::Chile_confounding_marine_15","Chile_confounding_marine_15",3
"confounding_marine","confounding_marine::Chile_confounding_marine_5","Chile_confounding_marine_5",4
"confounding_marine","confounding_marine::Chile_confounding_marine_10","Chile_confounding_marine_10",5
"confounding_marine","confounding_marine::Chile_confounding_marine_18","Chile_confounding_marine_18",1
"confounding_marine","confounding_marine::Chile_confounding_marine_4","Chile_confounding_marine_4",2
"confounding_marine","confounding_marine::Chile_confounding_marine_13","Chile_confounding_marine_13",3
"confounding_marine","confounding_marine::Chile_confounding_marine_12","Chile_confounding_marine_12",4
"confounding_marine","confounding_marine::Chile_confounding_marine_0","Chile_confounding_marine_0",5
"confounding_marine","confounding_marine::Chile_confounding_marine_1","Chile_confounding_marine_1",1
"confounding_marine","confounding_marine::Chile_confounding_marine_6","Chile_confounding_marine_6",2
"confounding_marine","confounding_marine::Chile_confounding_marine_14","Chile_confounding_marine_14",3
"confounding_marine","confounding_marine::Chile_confounding_marine_16","Chile_confounding_marine_16",4
"confounding_marine","confounding_marine::Chile_confounding_marine_19","Chile_confounding_marine_19",5
