"Truth","Predicted","N","Variant"
"target","target",1438,"Raw64"
"ocean","target",118,"Raw64"
"confounding_marine","target",374,"Raw64"
"target","ocean",0,"Raw64"
"ocean","ocean",827,"Raw64"
"confounding_marine","ocean",311,"Raw64"
"target","confounding_marine",126,"Raw64"
"ocean","confounding_marine",614,"Raw64"
"confounding_marine","confounding_marine",886,"Raw64"
"target","target",1430,"Raw64_ClassSimilarity"
"ocean","target",67,"Raw64_ClassSimilarity"
"confounding_marine","target",352,"Raw64_ClassSimilarity"
"target","ocean",0,"Raw64_ClassSimilarity"
"ocean","ocean",871,"Raw64_ClassSimilarity"
"confounding_marine","ocean",308,"Raw64_ClassSimilarity"
"target","confounding_marine",134,"Raw64_ClassSimilarity"
"ocean","confounding_marine",621,"Raw64_ClassSimilarity"
"confounding_marine","confounding_marine",911,"Raw64_ClassSimilarity"
"target","target",1427,"Raw64_ClassSimilarity_Margins"
"ocean","target",10,"Raw64_ClassSimilarity_Margins"
"confounding_marine","target",331,"Raw64_ClassSimilarity_Margins"
"target","ocean",0,"Raw64_ClassSimilarity_Margins"
"ocean","ocean",907,"Raw64_ClassSimilarity_Margins"
"confounding_marine","ocean",443,"Raw64_ClassSimilarity_Margins"
"target","confounding_marine",137,"Raw64_ClassSimilarity_Margins"
"ocean","confounding_marine",642,"Raw64_ClassSimilarity_Margins"
"confounding_marine","confounding_marine",797,"Raw64_ClassSimilarity_Margins"
"target","target",1423,"Raw64_ClassSimilarity_Margins_AllPrototypes"
"ocean","target",19,"Raw64_ClassSimilarity_Margins_AllPrototypes"
"confounding_marine","target",297,"Raw64_ClassSimilarity_Margins_AllPrototypes"
"target","ocean",0,"Raw64_ClassSimilarity_Margins_AllPrototypes"
"ocean","ocean",904,"Raw64_ClassSimilarity_Margins_AllPrototypes"
"confounding_marine","ocean",421,"Raw64_ClassSimilarity_Margins_AllPrototypes"
"target","confounding_marine",141,"Raw64_ClassSimilarity_Margins_AllPrototypes"
"ocean","confounding_marine",636,"Raw64_ClassSimilarity_Margins_AllPrototypes"
"confounding_marine","confounding_marine",853,"Raw64_ClassSimilarity_Margins_AllPrototypes"
"target","target",1431,"CRRF_Selected"
"ocean","target",10,"CRRF_Selected"
"confounding_marine","target",298,"CRRF_Selected"
"target","ocean",0,"CRRF_Selected"
"ocean","ocean",894,"CRRF_Selected"
"confounding_marine","ocean",401,"CRRF_Selected"
"target","confounding_marine",133,"CRRF_Selected"
"ocean","confounding_marine",655,"CRRF_Selected"
"confounding_marine","confounding_marine",872,"CRRF_Selected"
"target","target",1331,"EngineeredOnly_Selected"
"ocean","target",71,"EngineeredOnly_Selected"
"confounding_marine","target",165,"EngineeredOnly_Selected"
"target","ocean",4,"EngineeredOnly_Selected"
"ocean","ocean",876,"EngineeredOnly_Selected"
"confounding_marine","ocean",456,"EngineeredOnly_Selected"
"target","confounding_marine",229,"EngineeredOnly_Selected"
"ocean","confounding_marine",612,"EngineeredOnly_Selected"
"confounding_marine","confounding_marine",950,"EngineeredOnly_Selected"
