"class","site_key","site_id","n_pixels","source_id","centroid_lon","centroid_lat","sampling_radius_m","sampling_scale_m","sampling_crs"
"confounding_marine","confounding_marine::Tasmania_confounding_marine_0","Tasmania_confounding_marine_0",77,0,147.085859843095,-43.1753813268132,50,10,"EPSG:32755"
"confounding_marine","confounding_marine::Tasmania_confounding_marine_1","Tasmania_confounding_marine_1",79,1,147.031643625185,-43.2205740681295,50,10,"EPSG:32755"
"confounding_marine","confounding_marine::Tasmania_confounding_marine_10","Tasmania_confounding_marine_10",76,10,147.270815911535,-43.1110684826811,50,10,"EPSG:32755"
"confounding_marine","confounding_marine::Tasmania_confounding_marine_11","Tasmania_confounding_marine_11",78,11,147.382180656362,-43.3817398368802,50,10,"EPSG:32755"
"confounding_marine","confounding_marine::Tasmania_confounding_marine_12","Tasmania_confounding_marine_12",78,12,147.99824447693,-43.1504591960365,50,10,"EPSG:32755"
"confounding_marine","confounding_marine::Tasmania_confounding_marine_13","Tasmania_confounding_marine_13",77,13,146.900811542937,-43.6200065474505,50,10,"EPSG:32755"
"confounding_marine","confounding_marine::Tasmania_confounding_marine_14","Tasmania_confounding_marine_14",76,14,147.345103827441,-43.4375591240463,50,10,"EPSG:32755"
"confounding_marine","confounding_marine::Tasmania_confounding_marine_15","Tasmania_confounding_marine_15",79,15,146.925592677955,-43.5448858101064,50,10,"EPSG:32755"
"confounding_marine","confounding_marine::Tasmania_confounding_marine_16","Tasmania_confounding_marine_16",78,16,147.376047776463,-43.3915170772099,50,10,"EPSG:32755"
"confounding_marine","confounding_marine::Tasmania_confounding_marine_17","Tasmania_confounding_marine_17",77,17,147.33145976543,-43.3438474258259,50,10,"EPSG:32755"
"confounding_marine","confounding_marine::Tasmania_confounding_marine_18","Tasmania_confounding_marine_18",77,18,147.354486312095,-43.3620686036699,50,10,"EPSG:32755"
"confounding_marine","confounding_marine::Tasmania_confounding_marine_19","Tasmania_confounding_marine_19",78,19,147.628333079113,-43.0750766641113,50,10,"EPSG:32755"
"confounding_marine","confounding_marine::Tasmania_confounding_marine_2","Tasmania_confounding_marine_2",78,2,147.106659646914,-43.2114415548234,50,10,"EPSG:32755"
"confounding_marine","confounding_marine::Tasmania_confounding_marine_3","Tasmania_confounding_marine_3",79,3,146.972236634859,-43.1765357305031,50,10,"EPSG:32755"
"confounding_marine","confounding_marine::Tasmania_confounding_marine_4","Tasmania_confounding_marine_4",78,4,147.287913498918,-43.221216367051,50,10,"EPSG:32755"
"confounding_marine","confounding_marine::Tasmania_confounding_marine_5","Tasmania_confounding_marine_5",79,5,147.381901979738,-42.9940639285887,50,10,"EPSG:32755"
"confounding_marine","confounding_marine::Tasmania_confounding_marine_6","Tasmania_confounding_marine_6",74,6,147.354371786409,-42.889668680032,50,10,"EPSG:32755"
"confounding_marine","confounding_marine::Tasmania_confounding_marine_7","Tasmania_confounding_marine_7",78,7,147.366452455812,-42.9239158770366,50,10,"EPSG:32755"
"confounding_marine","confounding_marine::Tasmania_confounding_marine_8","Tasmania_confounding_marine_8",79,8,147.279015555397,-43.0319469594996,50,10,"EPSG:32755"
"confounding_marine","confounding_marine::Tasmania_confounding_marine_9","Tasmania_confounding_marine_9",77,9,147.268224663575,-43.0707537369553,50,10,"EPSG:32755"
"ocean","ocean::Tasmania_ocean_0","Tasmania_ocean_0",76,0,147.312256713484,-43.205614992434,50,10,"EPSG:32755"
"ocean","ocean::Tasmania_ocean_1","Tasmania_ocean_1",78,1,147.560754758525,-43.016951702482,50,10,"EPSG:32755"
"ocean","ocean::Tasmania_ocean_10","Tasmania_ocean_10",78,10,147.33332938521,-43.5080470465098,50,10,"EPSG:32755"
"ocean","ocean::Tasmania_ocean_11","Tasmania_ocean_11",78,11,147.423332938374,-43.1337556669608,50,10,"EPSG:32755"
"ocean","ocean::Tasmania_ocean_12","Tasmania_ocean_12",77,12,147.383632138882,-43.2828118740617,50,10,"EPSG:32755"
"ocean","ocean::Tasmania_ocean_13","Tasmania_ocean_13",79,13,147.439250425015,-42.9937073040767,50,10,"EPSG:32755"
"ocean","ocean::Tasmania_ocean_14","Tasmania_ocean_14",77,14,146.945552304898,-43.5382033883852,50,10,"EPSG:32755"
"ocean","ocean::Tasmania_ocean_15","Tasmania_ocean_15",78,15,146.924266294156,-43.5665690209396,50,10,"EPSG:32755"
"ocean","ocean::Tasmania_ocean_16","Tasmania_ocean_16",74,16,147.360286191617,-43.4231112521614,50,10,"EPSG:32755"
"ocean","ocean::Tasmania_ocean_17","Tasmania_ocean_17",77,17,147.42208428732,-43.17574712528,50,10,"EPSG:32755"
"ocean","ocean::Tasmania_ocean_18","Tasmania_ocean_18",76,18,146.889247373257,-43.6262425004745,50,10,"EPSG:32755"
"ocean","ocean::Tasmania_ocean_19","Tasmania_ocean_19",77,19,147.008037046109,-43.5401943946634,50,10,"EPSG:32755"
"ocean","ocean::Tasmania_ocean_2","Tasmania_ocean_2",78,2,147.261363624613,-43.1590490467468,50,10,"EPSG:32755"
"ocean","ocean::Tasmania_ocean_3","Tasmania_ocean_3",77,3,147.274753212015,-43.1860905184365,50,10,"EPSG:32755"
"ocean","ocean::Tasmania_ocean_4","Tasmania_ocean_4",79,4,147.275783180277,-43.1317450512655,50,10,"EPSG:32755"
"ocean","ocean::Tasmania_ocean_5","Tasmania_ocean_5",78,5,147.456027626078,-43.2066140093915,50,10,"EPSG:32755"
"ocean","ocean::Tasmania_ocean_6","Tasmania_ocean_6",74,6,147.318698524515,-43.073589524689,50,10,"EPSG:32755"
"ocean","ocean::Tasmania_ocean_7","Tasmania_ocean_7",80,7,147.016593406188,-43.2139133244546,50,10,"EPSG:32755"
"ocean","ocean::Tasmania_ocean_8","Tasmania_ocean_8",78,8,147.708375641499,-43.1133549432913,50,10,"EPSG:32755"
"ocean","ocean::Tasmania_ocean_9","Tasmania_ocean_9",76,9,147.351216996785,-43.2025249270507,50,10,"EPSG:32755"
"target","target::Tasmania_target_0","Tasmania_target_0",79,0,147.44721674208,-43.185018327976,50,10,"EPSG:32755"
"target","target::Tasmania_target_1","Tasmania_target_1",76,1,147.43651272938,-43.1670249241768,50,10,"EPSG:32755"
"target","target::Tasmania_target_10","Tasmania_target_10",79,10,147.303369813134,-43.0890853381815,50,10,"EPSG:32755"
"target","target::Tasmania_target_11","Tasmania_target_11",78,11,147.289602286605,-43.1087293533577,50,10,"EPSG:32755"
"target","target::Tasmania_target_12","Tasmania_target_12",78,12,147.692214535341,-43.107689739219,50,10,"EPSG:32755"
"target","target::Tasmania_target_13","Tasmania_target_13",79,13,147.69888787137,-43.1039298761884,50,10,"EPSG:32755"
"target","target::Tasmania_target_14","Tasmania_target_14",78,14,147.440570401874,-43.1734328716814,50,10,"EPSG:32755"
"target","target::Tasmania_target_15","Tasmania_target_15",78,15,147.448205531596,-43.1865863607639,50,10,"EPSG:32755"
"target","target::Tasmania_target_16","Tasmania_target_16",79,16,147.294230494321,-43.1373011923058,50,10,"EPSG:32755"
"target","target::Tasmania_target_17","Tasmania_target_17",76,17,147.297631535352,-43.1368627657716,50,10,"EPSG:32755"
"target","target::Tasmania_target_18","Tasmania_target_18",79,18,147.282928354881,-43.179428843844,50,10,"EPSG:32755"
"target","target::Tasmania_target_19","Tasmania_target_19",77,19,147.446172245122,-43.1918231567547,50,10,"EPSG:32755"
"target","target::Tasmania_target_2","Tasmania_target_2",78,2,146.990070495886,-43.1921473924849,50,10,"EPSG:32755"
"target","target::Tasmania_target_3","Tasmania_target_3",79,3,147.431822563896,-43.1209875526915,50,10,"EPSG:32755"
"target","target::Tasmania_target_4","Tasmania_target_4",79,4,147.425556923637,-43.1114551166498,50,10,"EPSG:32755"
"target","target::Tasmania_target_5","Tasmania_target_5",78,5,147.00556753075,-43.2127764018492,50,10,"EPSG:32755"
"target","target::Tasmania_target_6","Tasmania_target_6",78,6,147.723457728946,-43.0981874880525,50,10,"EPSG:32755"
"target","target::Tasmania_target_7","Tasmania_target_7",76,7,147.684308554381,-43.1098874364497,50,10,"EPSG:32755"
"target","target::Tasmania_target_8","Tasmania_target_8",78,8,147.303004095925,-43.13498667031,50,10,"EPSG:32755"
"target","target::Tasmania_target_9","Tasmania_target_9",78,9,147.284635814644,-43.1797850081269,50,10,"EPSG:32755"
