"Metric","Mean","SD","Q025","Median","Q975"
"Conf_Centroid_Stability",0.998747322237895,0.00110912640346354,0.995973158566093,0.999047106981139,0.999812348865431
"Ocean_Centroid_Stability",0.999708736793136,0.000214705746622576,0.999120708474955,0.999767452667856,0.999932797238908
"Ocean_vs_Conf_Centroid_Similarity",0.98733378583108,0.00442815916685418,0.977355562926943,0.987929174026584,0.994106327068654
"Target_Centroid_Stability",0.9995105379924,0.00034026425533278,0.998654291466869,0.999610204206632,0.999886991769581
"Target_vs_Conf_Centroid_Similarity",0.989573547676923,0.00284657232252754,0.983405843829008,0.990002146416089,0.994115832115892
"Target_vs_Ocean_Centroid_Similarity",0.970042665459283,0.00381622596679117,0.962118125978125,0.970221323516395,0.976584841188805
"Threshold_Retain90",0.974993353408655,0.00113981369339401,0.972849429036649,0.974960459715565,0.97735993528156
"Threshold_Retain95",0.971587464174259,0.00137308833403294,0.968492413369713,0.971641478719475,0.974072405054235
"Threshold_Retain99",0.963657368613232,0.00367178097420245,0.954959114082747,0.964444376292651,0.968575865005365
