"Feature","MeanDecreaseGini","Relative_Importance","Cumulative_Importance","Fold","Selected_Prototype_Count"
"proto_1",124.78728594976,0.484352953168273,0.484352953168273,1,3
"proto_3",52.4489000819797,0.203576666098519,0.687929619266792,1,3
"proto_2",40.0589937691345,0.155486128136816,0.843415747403607,1,3
"proto_2",145.935929752609,0.604132595186003,0.604132595186003,2,3
"proto_5",32.1119346535051,0.132934133845942,0.737066729031945,2,3
"proto_4",27.5668703168467,0.114118880346358,0.851185609378304,2,3
"proto_5",96.7262657675349,0.364311316703303,0.364311316703303,3,3
"proto_4",85.4754213101054,0.321935960580686,0.686247277283989,3,3
"proto_3",34.2254676931413,0.128907335573577,0.815154612857567,3,3
"proto_3",111.313714479436,0.432867775331087,0.432867775331087,4,3
"proto_4",64.9392882694233,0.252530655150876,0.685398430481963,4,3
"proto_5",33.3129473313195,0.129544696881838,0.814943127363801,4,3
"proto_1",129.107071579259,0.466056047689772,0.466056047689772,5,3
"proto_5",85.0935951831284,0.307174379913155,0.773230427602927,5,3
"proto_4",25.6894905117717,0.0927349855327647,0.865965413135692,5,3
