"class","site_key","site_id","A00","A01","A02","A03","A04","A05","A06","A07","A08","A09","A10","A11","A12","A13","A14","A15","A16","A17","A18","A19","A20","A21","A22","A23","A24","A25","A26","A27","A28","A29","A30","A31","A32","A33","A34","A35","A36","A37","A38","A39","A40","A41","A42","A43","A44","A45","A46","A47","A48","A49","A50","A51","A52","A53","A54","A55","A56","A57","A58","A59","A60","A61","A62","A63","n_pixels"
"confounding_marine","confounding_marine::Tasmania_confounding_marine_0","Tasmania_confounding_marine_0",0.0121319971839003,-0.0616010825007365,-0.0896182786840226,-0.138488992745048,-0.125277690398798,-0.054092282189168,0.111187605166844,0.132198505070477,0.108086300473844,0.0468798713781413,0.273510787559231,-0.163841080104056,0.026270814921334,0.0443873235568737,0.159491104819825,-0.0113027456972094,0.0869923156428347,-0.0384819025649475,-0.0729525607034258,0.0743178697503957,0.029694872601447,0.117433354803597,-0.0117796851360865,0.198696804925179,-0.204491978609626,-0.165563494560034,-0.0742347848230201,-0.233160273021865,0.000699830734432811,-0.119916315902475,-0.248336853457961,0.183836586327936,0.0572191514752068,-0.157519435581719,-0.0672292874368999,-0.0768671390124677,0.122181977960525,-0.0190855664904108,-0.0509510328195449,0.0625821237585944,-0.132725774801899,-0.200984037108605,0.137147650504052,0.0930471297253304,0.043196972193512,0.0958041113058414,-0.199621923635764,0.0879278199693425,-0.17096800930711,-0.0693767132521458,-0.0152564697893418,0.000967460067806088,-0.114978354978355,-0.0906544435956201,-0.0871001662697165,-0.122605391532727,-0.0759364280471547,0.0703154131527834,0.00303899099746851,-0.0581346834634032,0.0621355422739506,-0.171979408519201,0.0880444584250813,0.346921114256754,77
"confounding_marine","confounding_marine::Tasmania_confounding_marine_1","Tasmania_confounding_marine_1",0.0275189192082889,-0.0355469902033784,-0.13458582142214,-0.160160405686226,-0.0936379873369055,-0.0576938762598611,0.0881405885759615,0.150705035551078,0.116601696523732,0.0595517790139138,0.207220007884017,-0.111161140554509,0.0256929418578054,0.0335528204828717,0.153324475980514,-0.0109504134242429,0.0626111670779009,-0.0841974119009729,-0.0544172397179274,0.0557822453876065,0.0326137464169088,0.122778094111807,-0.0351436399826746,0.222871242316733,-0.157876571328457,-0.152724901328116,-0.0561069501019569,-0.276980908024664,0.0154822633943128,-0.159153587471226,-0.27500854101879,0.247911660072319,0.0640182208400858,-0.143246949809956,-0.0788066907080529,-0.10807994977589,0.185154882007407,0.00152385401914551,-0.00703059680064629,0.0509210186929078,-0.10108828639423,-0.174637408202298,0.167568656651045,0.0618706534487709,0.0407235775918707,0.0811613838883779,-0.222023272451199,0.0690951386759718,-0.141216961343982,-0.0449447388784255,0.0105291538308051,-0.00759513137595569,-0.132197645501487,-0.0858014687632313,-0.0555829062823938,-0.125779860715694,-0.0755386195182963,0.0612959961845249,-0.0148616646956623,-0.0450179337061208,0.101768063889741,-0.101766506552981,0.0636709347427231,0.347196550499078,79
"confounding_marine","confounding_marine::Tasmania_confounding_marine_10","Tasmania_confounding_marine_10",0.00411339768105385,-0.0602569861794047,-0.12556708958093,-0.135308282239624,-0.115683441591291,-0.0454537728404055,0.124620894797548,0.164718832837573,0.088009065339242,0.0681422125093588,0.245549282664562,-0.132672858617131,0.0565442441166353,0.022426192355167,0.143635443857626,0.000534207491045954,0.0580270746069326,-0.0580821141666161,-0.0556296161395415,0.0744741900888322,0.0341512373783363,0.110776826726563,-0.0302523320989903,0.17415245148627,-0.173849733908011,-0.160879823549647,-0.0444865335194966,-0.228084744733807,-0.00214087699063113,-0.117750662700581,-0.263594164187863,0.248537606993262,0.0404985936583096,-0.139297031506101,-0.088408911552237,-0.0810425140128291,0.113751391165341,-0.0175899957506222,-0.0229579716303446,0.0782613974382323,-0.0979687974260912,-0.197702907788502,0.149531151986078,0.0733329286306886,0.042276857079261,0.110589044699407,-0.213708087982355,0.0763568667921245,-0.178293368947166,-0.0742516036342298,0.00985369999392946,-0.00313644549667132,-0.126972217163439,-0.101580363827678,-0.109487444100447,-0.119872923369554,-0.0642068839919869,0.0910799490074668,0.0177041218964366,-0.0543062384912685,0.0683656083692507,-0.169877172747324,0.0945927679637387,0.353371780084583,76
"confounding_marine","confounding_marine::Tasmania_confounding_marine_11","Tasmania_confounding_marine_11",0.0124662112205365,-0.112636757065823,-0.1759630911188,-0.242380938297893,-0.120737783298337,-0.101282544189119,0.104829897771074,0.108951389505023,0.0760701505338184,0.0766072220743501,0.223189108725441,-0.0851467384339357,0.054501325920011,-0.0165971667701772,0.1243269353996,-0.0162730310827197,0.151212847129802,-0.00589359122231095,-0.0652033241652619,0.139974565995327,0.0510052346730547,0.11872908841767,-0.021485227575193,0.217372016679975,-0.157857234397027,-0.140285294610554,-0.162131724484666,-0.144152051972121,0.0202517769299776,-0.121887636904938,-0.206151874525577,0.187310994785043,0.0396344601188892,-0.149100050276521,-0.0591575232405682,-0.133720561125405,0.107597275209732,0.00201027218328256,-0.0296304182809373,0.0560068612663768,-0.0917217243860843,-0.261054623961198,0.131636155719201,0.106221867329134,0.0514941984838179,0.130895612141287,-0.136694565206676,0.0666394581965516,-0.136025788897761,-0.00693145634322105,-0.0567529254034444,-0.0038557162432595,-0.128502844073778,-0.027783396918345,-0.0315641912873747,-0.122423131142854,-0.0663113792525557,0.0480209781247844,-0.00611756819369276,-0.0315105629984523,0.0812720945592918,-0.213558098956023,0.0670700618105462,0.287385325170792,78
"confounding_marine","confounding_marine::Tasmania_confounding_marine_12","Tasmania_confounding_marine_12",0.0300436715661629,-0.0846017803803271,-0.187109100050277,-0.251953587870543,-0.134565995327241,-0.0866751446682242,0.100596417551435,0.0970522185747099,0.0886018198128925,0.0817989136328237,0.242141188300358,-0.0895411035203423,0.0474981023077909,-0.012693342797149,0.111675391121758,-0.0306501444217707,0.125581679630123,-0.0259395301609834,-0.0652916531117223,0.1372308480959,0.0519232247951971,0.147727797001153,-0.0233559084770157,0.224822405583651,-0.18567533197291,-0.14622147300348,-0.165314721162472,-0.157873796074488,0.0277210934650381,-0.109000285886099,-0.18576050631414,0.181862202900265,0.0512749534202821,-0.115880479894321,-0.0664123266199391,-0.12774337286448,0.116946736462307,0.0254395252319128,-0.00461439880125001,0.0568625479352123,-0.07520184544406,-0.241920365934207,0.120886838395489,0.109868590975857,0.0653019055787222,0.0949252259978904,-0.134776565226392,0.0533932708327172,-0.129922416427607,-0.00506314139532132,-0.0563996096176027,-0.0225656798667179,-0.112836285846666,-0.049385344887075,-0.0497536450477627,-0.149145792052366,-0.0655487534380268,0.0454476089078165,-0.00844014629481757,-0.0360965703526257,0.0738642928262305,-0.208139275820937,0.0548940742712369,0.326771360127762,78
"confounding_marine","confounding_marine::Tasmania_confounding_marine_13","Tasmania_confounding_marine_13",0.0116822201251267,-0.0338970525821737,-0.152844310629778,-0.192910419069589,-0.0932660265532238,-0.0426617135267654,0.101348432421097,0.135604987092876,0.121021984551396,0.0638395821786825,0.19382115769659,-0.112528148514308,0.0258258312237551,-0.0295694463168512,0.133456762384098,-0.0266646694328355,0.0777411285369763,-0.0696411470113892,-0.017650753706117,0.0726250143551182,0.0711302845558901,0.179388347139212,-0.0446134104265592,0.192562101489437,-0.16743130763892,-0.194090384817028,-0.0537879037533017,-0.244662742102188,0.0245380148494335,-0.169104190695886,-0.204556688985755,0.307286408324471,0.0916274959181534,-0.104349076529007,-0.0870314614259251,-0.10311478602136,0.148571828018195,0.00746486116728331,-0.012524253908337,0.0336030597622293,-0.0519065094843642,-0.203905590756802,0.151651562585819,0.076053865396426,0.0334113253144395,0.0806187430408884,-0.177069159214488,0.0462886901641227,-0.132248835363022,-0.031116104195689,0.00148274639624121,-0.00401364110706671,-0.147705028535478,-0.0835946214492927,-0.0688414545853992,-0.142969986568602,-0.0722295620565517,0.0537215955901077,-0.0143225632498989,-0.0328017695491744,0.0982806812564598,-0.188387882782346,0.0529850157531818,0.342806812564598,77
"confounding_marine","confounding_marine::Tasmania_confounding_marine_14","Tasmania_confounding_marine_14",0.0172322386126793,-0.0696986988809972,-0.151858192193286,-0.195903599830025,-0.110810012343431,-0.0805471579756774,0.0874141524514863,0.116385195977256,0.0822274833566037,0.0752131771181125,0.262984682004897,-0.110831056880957,0.048520609482183,-0.00496246382970113,0.127572795888221,-0.0371039478742994,0.145857261377203,-0.0227645237661628,-0.0764993221230701,0.15173192496813,0.0467633905987576,0.13087840709039,-0.0320168356300208,0.212489933021712,-0.192160100366256,-0.145373237014104,-0.113176713409822,-0.167735486351403,0.00482324611991339,-0.116426475647018,-0.195702867318238,0.169892551447824,0.0451283919140412,-0.148262813897489,-0.0623484894473785,-0.103505939011311,0.109841154211943,0.00861288168518181,-0.0537995507800643,0.0694655901576317,-0.122074505756895,-0.226684473583035,0.128498755539367,0.0924729355106336,0.0500277221311641,0.109635565268419,-0.156619114105911,0.0540690827414557,-0.149807968595075,-0.0305186264392238,-0.0621947024423805,-0.0169440903296303,-0.102961209251502,-0.0580392156862745,-0.0508193205042595,-0.13190554240272,-0.0760007284647605,0.0388530727048301,-0.000864444849147089,-0.0238993099819907,0.0769809182703009,-0.194619883040936,0.0603055504967725,0.323906189926951,76
"confounding_marine","confounding_marine::Tasmania_confounding_marine_15","Tasmania_confounding_marine_15",0.0218548854140812,-0.0229528078295106,-0.00572554859620691,-0.138770385294848,-0.191797701954944,-0.0356840358382122,0.00363326665985332,0.153299558592362,0.105164615362154,0.171422286462364,0.241613011548625,-0.131017184237805,0.0495848237532789,0.135708661225721,0.130779690381986,-0.0330007446016381,0.020887000618068,0.0209866701706744,-0.13965183790071,0.214224129959753,0.00838314377624964,0.126590454499,-0.0331089795064216,0.203973739408893,-0.184042943561143,0.0549443982110094,-0.121637344935492,-0.0941433431153549,-0.119579324407847,-0.150608480671991,-0.0928562042836494,-0.0238054497053227,0.0279697682001567,-0.166768185556675,-0.0233546007134549,-0.0959700991342181,0.0900062780138116,0.182482492128149,-0.117043201495043,0.0714085624321707,-0.163176966989327,-0.137962127516681,-0.0081199538638985,0.0761366368339344,0.22788508801386,0.000287328632122991,-0.168341095683744,0.0256096243411736,-0.0842877374330224,0.0165708417891853,-0.0707459156410144,0.0144466344492625,0.0704414563045372,-0.0304755230461507,-0.0608311311618219,-0.204144267784056,0.029926561838436,0.108263715513507,-0.101224553360684,0.0585208220791419,0.0379733208746393,-0.141301057528993,0.013748947581018,0.200092856204284,79
"confounding_marine","confounding_marine::Tasmania_confounding_marine_16","Tasmania_confounding_marine_16",-0.0102848017034868,-0.0680109228206114,-0.172489870759767,-0.195329212630251,-0.126488628633957,-0.0548002247656227,0.102861424107099,0.124319837537831,0.080633287000069,0.0849574621200919,0.228837429391063,-0.117226707676535,0.07372154693954,-0.0100095623971056,0.133692958329637,-0.00752373347529057,0.0938944587387494,-0.0526929484714952,-0.0533538382673331,0.107908003824959,0.0502765208647562,0.122301678841471,-0.0285105334240282,0.204229142637447,-0.181840909314958,-0.130885359674287,-0.113701436331194,-0.180787271167894,0.00884866767219708,-0.136853872770828,-0.229227811788365,0.250875501532941,0.0484500044361636,-0.122862409921233,-0.0632316958960558,-0.102294383816875,0.126173956762192,-0.0140521890002859,-0.060511637535859,0.0986807835250742,-0.0684817476512978,-0.233004662900857,0.151017261605497,0.0834929366417256,0.0414128688177131,0.11356657695758,-0.166571831346918,0.0637892723705872,-0.16963022111811,-0.0520162856495036,-0.0133408255207563,-0.00225712004258717,-0.113599700312503,-0.0684793816973748,-0.0771277319374205,-0.142526641626988,-0.0505415077041375,0.0871814588077564,-0.0122493321109238,-0.045123473220359,0.0721316259032522,-0.202591902522698,0.0881822573172054,0.342549118189257,78
"confounding_marine","confounding_marine::Tasmania_confounding_marine_17","Tasmania_confounding_marine_17",-0.000262037078646075,-0.0787101863918473,-0.157501859924005,-0.160088677182103,-0.0930958622308103,-0.0483354553942789,0.10071890431752,0.158308742391787,0.0976096106891955,0.0778010455519106,0.205854092082466,-0.113355802213934,0.0419123513933203,0.00293593373178148,0.15133679853403,-0.0218233746261428,0.064564977506154,-0.0692177334391867,-0.0390722848854337,0.0790984486486217,0.0470164821721915,0.138167837545,-0.053425206089566,0.185479111430669,-0.157902105583766,-0.161819879466938,-0.05871228348737,-0.235781442701858,0.0150950932957853,-0.157997173914129,-0.245081362313196,0.292994203028805,0.0603979488408554,-0.124518741542963,-0.0996060456268069,-0.0976287841339745,0.131180714710126,0.00374840845429081,-0.00161536272262916,0.0616074736489961,-0.0607175062538384,-0.208898675334661,0.162386294981451,0.0693056117277571,0.0364654952890247,0.0903181094184554,-0.198509064945051,0.0550637367246364,-0.163873834738887,-0.0376662322683084,0.0317376433639409,0.00510732635300109,-0.13568407755259,-0.10076124567474,-0.0799868182567145,-0.107132421596089,-0.0826663071645771,0.0808032874468861,-0.0105917304533221,-0.0422734512699911,0.0915707744773489,-0.171557592734063,0.0643133260434298,0.348554052637098,77
"confounding_marine","confounding_marine::Tasmania_confounding_marine_18","Tasmania_confounding_marine_18",-0.0130347468755773,-0.0891900717506254,-0.151715474068415,-0.162236102997349,-0.0973531658652766,-0.0623200866799483,0.102399776309811,0.138194999925104,0.0853985230455819,0.0630838288969777,0.229740209809414,-0.140097964319418,0.045248530784863,-0.00721880195928639,0.157215856039385,-0.0176555470673118,0.0891029923555875,-0.0450000748962687,-0.0451374845838514,0.0925614024575962,0.0468990448229203,0.119129405773004,-0.042650529017311,0.183663226431393,-0.171313930206664,-0.15657035006516,-0.0643309017011439,-0.204623796042481,0.0105597747120238,-0.138696705063487,-0.227667879986219,0.25727966766029,0.0575866425001373,-0.131977211561987,-0.0816029798728761,-0.0830833295885199,0.124601027576806,-0.00564657948740994,-0.0500035450900503,0.0788939319043125,-0.0760866200312567,-0.238026333528064,0.151685116114182,0.081471961333553,0.0223762089506034,0.10830280062114,-0.18553822955207,0.0628361719019158,-0.167279517867753,-0.0503846173050325,-0.00608517203672913,0.00581195044862865,-0.130345072075176,-0.0832375160402842,-0.0750672318838409,-0.12033413721995,-0.0838358872960949,0.0917553188833466,0.00959870579247742,-0.0508639534245071,0.0815750185992401,-0.208877105209285,0.0775438018344593,0.354273331435961,77
"confounding_marine","confounding_marine::Tasmania_confounding_marine_19","Tasmania_confounding_marine_19",0.0151381618509646,-0.0632569327379016,-0.135058113743235,-0.195001133686255,-0.130416112146216,-0.0568475635603663,0.0840662861424107,0.123206261891383,0.0971310837054782,0.0616812074251521,0.242158538629127,-0.113503484852966,0.0711986514062639,-0.00119953863898501,0.163524482694033,-0.000130127465767604,0.137156714872978,-0.0511945109868985,-0.0455801023275072,0.0993795285836808,0.0492741450526918,0.12727727994164,-0.0132517079229882,0.204760693618825,-0.189527893610939,-0.153421859442621,-0.109842565482704,-0.20855331775747,0.000274450655073492,-0.12263212373939,-0.243955874959335,0.239038634055935,0.0527702362996481,-0.152906870138704,-0.0834487721684954,-0.116957777580615,0.113947495539191,-0.00217273435266515,-0.0482725578919351,0.0987107522747661,-0.0840386833466418,-0.205427103973817,0.142663078303217,0.105621703683987,0.0414097142124824,0.106486065517207,-0.17275091434261,0.0687759145890634,-0.150924989402498,-0.0674218002937726,-0.00594643085992567,0.006012677569771,-0.120727530831337,-0.0677766933822297,-0.0804826546003017,-0.107015250544662,-0.0487149912755449,0.059279764193259,-0.0034826841747257,-0.0333757233411213,0.0517915200268141,-0.195968808840781,0.0736829030254636,0.339130314770453,78
"confounding_marine","confounding_marine::Tasmania_confounding_marine_2","Tasmania_confounding_marine_2",0.0174843994913199,-0.0521645520953479,-0.12345232109938,-0.137095988722286,-0.120858446948412,-0.077685308411952,0.143739587338203,0.13645481520914,0.119415215055353,0.0465446228768028,0.243140409507192,-0.135074675420696,0.0330697266337405,0.0608744171373929,0.139608631788563,0.0133140113762951,0.0532379065251038,-0.0564027642228334,-0.0745575173256834,0.0825836216839677,0.013408649533217,0.0831798420725756,-0.00790465205690119,0.195264543223021,-0.17437080412859,-0.167201963741756,-0.0777318388391053,-0.219379134258027,-0.000420351146994746,-0.135564427882767,-0.271398574512761,0.191230591784225,0.058512406470884,-0.136690621950138,-0.0691110913948284,-0.0898068790110313,0.1218426837804,-0.0164449570677944,-0.00855765533966226,0.0444539082601366,-0.125152653318743,-0.196371021007699,0.143549522373052,0.0746490008773746,0.0343497077061091,0.0830859925669614,-0.234186851211073,0.0766277270083499,-0.202886069460464,-0.0571929928331312,-0.00885655418527391,-0.0249852620786877,-0.101729709480575,-0.0866775106221473,-0.0859432762546949,-0.10784964362819,-0.0904961602539457,0.075787813365668,-0.00962943246680271,-0.0727948816530131,0.0599020100750205,-0.143816875166356,0.0856002129358531,0.367303305434793,78
"confounding_marine","confounding_marine::Tasmania_confounding_marine_3","Tasmania_confounding_marine_3",0.0337934290122105,-0.0506726234797717,-0.10674686950978,-0.151191703288414,-0.115913353676045,-0.0569292239109593,0.121409195100229,0.158279921549161,0.124761362474997,0.0459172956847172,0.236405277424944,-0.122960302512666,0.0509848695000462,0.0513235902452319,0.154774356503584,0.0180067062814205,0.074363608933273,-0.0768351023705586,-0.069757785467128,0.052356883185143,0.0265541490857947,0.0491799161958156,-0.00353281843886723,0.1898549243475,-0.16891653161637,-0.150649750096117,-0.0471032076270568,-0.235424933934855,-0.00888304887604086,-0.110098258216168,-0.291853474077643,0.206562811771519,0.0265884104945031,-0.13775655906443,-0.0742327926454771,-0.095570642255413,0.146603789195003,-0.0377996778259579,-0.00293869446512782,0.0583682030767134,-0.107444556378024,-0.1967874089323,0.135756938665265,0.062785588794962,0.0340729709605361,0.106424500800568,-0.225686907177862,0.0887534005908146,-0.20454761800476,-0.0883352556708958,-0.0191326607585203,-0.0234355822249476,-0.100121958934976,-0.0937392142262713,-0.0915036573080461,-0.109577329070124,-0.0810656076776702,0.0800455521002146,0.000814487125205009,-0.0898731257208766,0.075720049250775,-0.130280563950574,0.109689457316806,0.351571888124821,79
"confounding_marine","confounding_marine::Tasmania_confounding_marine_4","Tasmania_confounding_marine_4",0.00691174006052899,-0.0637529944104339,-0.160245270556689,-0.167826575577441,-0.0977430771202398,-0.0469129230374905,0.0668003430633188,0.148797996825679,0.0862421751003066,0.073689212235925,0.211647985488816,-0.116215656700086,0.0240988180088526,0.0205908969922811,0.153871390688,-0.0160924299332604,0.081234239296523,-0.0657120042587171,-0.0531519435325664,0.0709857155531896,0.0453387750273563,0.143875235363125,-0.0486045800924694,0.222130738670531,-0.171306105146936,-0.14903222626406,-0.0762878182947387,-0.244554461301866,0.0175916560691647,-0.150200218850738,-0.256137383057798,0.256747799169944,0.0772657459162649,-0.150898175258037,-0.0881365155413598,-0.107956111554727,0.151999132483562,0.0129520204260689,-0.0249505614211497,0.0636378513195122,-0.0926657400013801,-0.195050818718639,0.174234367452361,0.0808359703861434,0.0383789272370587,0.0751166711028303,-0.203398692810458,0.0573483571407447,-0.144637072526346,-0.0265452143652836,0.0290200021687911,0.00514200652608957,-0.136498191031063,-0.0919275623773894,-0.0668531827009336,-0.107739232445115,-0.0843620303827916,0.0589020002168791,-0.00622482477153757,-0.0192817358215282,0.0875387178501365,-0.151132404696419,0.0565368349451394,0.346616192982975,78
"confounding_marine","confounding_marine::Tasmania_confounding_marine_5","Tasmania_confounding_marine_5",0.00220752485655468,-0.0655911309671548,-0.157878128665216,-0.166336024605921,-0.103675801420096,-0.0529027297193387,0.0829063797273687,0.160169749706783,0.0883173462981618,0.0813272402532619,0.210491972415673,-0.112027798461157,0.0311155884542946,0.0172303739068226,0.154188019213642,-0.01655682575835,0.0941900632181391,-0.0671803931301982,-0.0376859922425163,0.0695202916113082,0.0368933078319439,0.135971072469693,-0.0526270811129118,0.209213398936144,-0.164252308021744,-0.156854179745862,-0.0904189722550723,-0.234834703303014,0.0105517352138175,-0.15890519225809,-0.267865815971462,0.259101124689141,0.0708401345149626,-0.150473771042296,-0.0963461959616311,-0.108615673621149,0.145512874794991,-0.00259841638318271,-0.0127911854739414,0.0632356591184501,-0.0940179775062172,-0.194676438954832,0.183026781325586,0.0887339338813212,0.0390066138145504,0.0788666481732927,-0.200494649088228,0.0633181979667022,-0.152400975282146,-0.0249407482029794,0.0496696986066703,0.0206674161349822,-0.142872410319303,-0.0784625192842091,-0.0702366665206663,-0.0918914341611552,-0.0781829773358835,0.0496299865193037,0.00484020264844583,-0.0350751171652578,0.0887767606422067,-0.152168153436604,0.0515875588259627,0.332390949926756,79
"confounding_marine","confounding_marine::Tasmania_confounding_marine_6","Tasmania_confounding_marine_6",0.000756465808368923,-0.0683055373712813,-0.168548894915677,-0.158930141213878,-0.115679416440662,-0.0527107037833681,0.0800058189677567,0.149475149890375,0.0819842680050293,0.0822153641530804,0.223786693267662,-0.114420856843002,0.0240173737751592,0.0334416076976631,0.153047164811871,-0.0135340877209389,0.0968026850379792,-0.0486839780957428,-0.0581364755759219,0.0938732504130428,0.0315762128910918,0.130277543979966,-0.0346768914242963,0.222892234795349,-0.174352068331307,-0.142943774224051,-0.0956629986387772,-0.227205752465268,0.00730114197242225,-0.151768654467616,-0.269522117272982,0.218637738084105,0.0665548593576275,-0.170287103712709,-0.0746806321892827,-0.11317642902418,0.137255317601338,0.00787223209368538,-0.0338364662240095,0.0791645624863618,-0.124226648794123,-0.192331847418353,0.177037106310463,0.0981410476220165,0.0425649178590355,0.0883211238920582,-0.207361409852759,0.0695308457246174,-0.150847594999844,-0.0174402776478901,0.0279983790018392,0.0175350436942132,-0.126456976007149,-0.0693138813554039,-0.0644774878684913,-0.0841647183515696,-0.0778968587965128,0.0534231116930079,0.00802352525535916,-0.0270049980776624,0.068693745648763,-0.157674906740651,0.0571015305963403,0.339733782225132,74
"confounding_marine","confounding_marine::Tasmania_confounding_marine_7","Tasmania_confounding_marine_7",-0.00343063318841866,-0.0824763651061229,-0.172724100198149,-0.156659273060657,-0.106730547422589,-0.0534098325101785,0.0750243988998314,0.146400496850324,0.0848864835024005,0.0794242845453918,0.233118228689163,-0.111061820404381,0.0232305129190942,0.0302345251826221,0.155088279655754,-0.0111704571220142,0.0891830558266545,-0.0528696063644161,-0.0693760782342097,0.0904851191356382,0.0217549463224204,0.122569820286083,-0.0324411715415176,0.218900422914264,-0.179435522826526,-0.145081083212571,-0.0997139167381382,-0.208511519238163,0.00318772858565246,-0.149839805203127,-0.265691893650371,0.222557399027987,0.0589327576178787,-0.158470016463096,-0.0756080008675164,-0.108040497244649,0.134932718185313,0.00824771537574306,-0.0375232405682233,0.0822184761285107,-0.0996145466733702,-0.205516221571585,0.180041995682134,0.098537248987076,0.0419294354242451,0.088992990861503,-0.204058793954988,0.0541401236210925,-0.166422776249766,-0.0225570047023334,0.0255728073029111,0.0119354488904662,-0.111897002139217,-0.0726986661934759,-0.0745701357466063,-0.0871309851240647,-0.0767247311191948,0.0504949772769842,-0.00251974092804543,-0.0346620136239513,0.0746931653506048,-0.154884018967064,0.0661654787606345,0.348175356618263,78
"confounding_marine","confounding_marine::Tasmania_confounding_marine_8","Tasmania_confounding_marine_8",-0.00704617016824104,-0.060327332720132,-0.112881219005348,-0.130718954248366,-0.134713523036417,-0.0530802661099188,0.130928416042515,0.153131366222339,0.0880518203806715,0.0505332418397987,0.265934718389714,-0.149755060127799,0.0289726930732581,0.0321893721499521,0.148573041527358,-0.0139973427941541,0.0707583743350902,-0.0276162527557561,-0.0697468841098117,0.0920946666082665,0.0263244419137722,0.121681729033137,-0.0226935112590581,0.170800909095333,-0.188903391587461,-0.152235118917262,-0.0601996311058551,-0.224192642557147,0.00852252541622258,-0.129203665581398,-0.243373580755211,0.230579280607751,0.0370420334924737,-0.137988602241592,-0.0714552825349549,-0.0579196900899849,0.103587033224806,-0.0287710179629062,-0.0253697944802145,0.0651114712452368,-0.118206532054371,-0.213363701400143,0.134984499632566,0.086951561960103,0.0353437577562671,0.0955924449700456,-0.201889244156337,0.0839272139732041,-0.183766516286336,-0.0632605765066016,-0.000468758364601735,0.0023422344862492,-0.127561453968532,-0.0774697171000443,-0.119225030295067,-0.119003109806842,-0.0792614330418194,0.0914740679096161,0.0228679329761192,-0.0497911708739093,0.0566434526155958,-0.188310046282102,0.082573888329221,0.354508246584809,79
"confounding_marine","confounding_marine::Tasmania_confounding_marine_9","Tasmania_confounding_marine_9",-0.00335854841045152,-0.0680585389235908,-0.113852713991122,-0.138748633143097,-0.121811291361464,-0.0486805774003006,0.143751304443346,0.176938140675165,0.0814080498509564,0.0664887131323117,0.234181258956345,-0.132344702586917,0.0634217608612072,0.0295111270889818,0.143473289494051,-0.0141052642090704,0.0633051224054684,-0.066831438457736,-0.0520263435142328,0.0852099841719219,0.0289670805933782,0.108593597866954,-0.0513672563499553,0.163739620625434,-0.164405098937971,-0.156402582423344,-0.046603454215911,-0.23658832516964,0.0130659037233432,-0.119268413247652,-0.251647468256465,0.249588719623322,0.0202447610060067,-0.131006555920051,-0.0877304932668255,-0.0650954428117058,0.111245924394713,-0.0337468605980717,-0.00416223530410382,0.0751846692331121,-0.100009486860698,-0.205691916695377,0.15289384202879,0.0665845803562067,0.0438257014035561,0.108863623880925,-0.210066657679114,0.0777746820653395,-0.179437878538225,-0.0747788313186237,0.00340807980946389,0.0147747369892699,-0.136448618663152,-0.0760027362103487,-0.116790245509969,-0.126003884619802,-0.0725075770058469,0.078838808250573,0.0231846892054504,-0.0635479860393355,0.0675033079185328,-0.18163723243308,0.0894065718979214,0.351831912800771,77
"ocean","ocean::Tasmania_ocean_0","Tasmania_ocean_0",0.00383172464032052,-0.052140269936664,-0.162834537323701,-0.171095327707967,-0.100980594508185,-0.053907201683563,0.0778283656083693,0.151072259657217,0.0970250308585767,0.0718007244177341,0.201169590643275,-0.118326149861389,0.0285129201319331,0.00183330298063498,0.161250531172221,-0.0222764523766163,0.0745389425119893,-0.0562496205912706,-0.0429810396810943,0.0729832655456403,0.0422914263744714,0.148341326210567,-0.0531002246099678,0.20694065035715,-0.168377344745948,-0.159112082397458,-0.0732592727493474,-0.245801817114875,0.023159513547421,-0.162089075052105,-0.246214613812501,0.267119933628766,0.0713717396143184,-0.149703555312734,-0.091763087071774,-0.100349258382404,0.150501628928145,0.0131900685970983,-0.0201987089985633,0.0488136141969688,-0.0922762500252939,-0.200895202250147,0.172808029300471,0.0833468908719319,0.034412675286833,0.0855047653736417,-0.201909387077845,0.0512903943827273,-0.136116878123799,-0.0235480280863635,0.0394965499099537,0.011230498391307,-0.137582711103017,-0.0875064246544851,-0.0618984601064368,-0.115853416702078,-0.0828677229405694,0.0549068172160505,-0.00397337056597665,-0.0255051700762864,0.102357392905563,-0.158534976426071,0.0459612699568992,0.342885125154293,76
"ocean","ocean::Tasmania_ocean_1","Tasmania_ocean_1",0.00262305424935183,-0.0502307790889106,-0.157132463845267,-0.174482792614281,-0.111394631256223,-0.0515312650952789,0.0797965279626179,0.148018809333688,0.0993834718402193,0.0805465353562239,0.190459290805312,-0.120638413233569,0.015425230926961,-0.01224381155177,0.15269393428563,-0.0219781346424945,0.0760370271788957,-0.0608728398347776,-0.0277912834314218,0.0865394966433029,0.0497173670876093,0.172802965328917,-0.0455911434458147,0.191247153461686,-0.167253226076755,-0.190459290805312,-0.0731434655310088,-0.236078037046895,0.0323291830558267,-0.175328226816116,-0.225461213142874,0.289846705902069,0.0832413568745749,-0.136794723922752,-0.0959410088821854,-0.0890955155315017,0.134569149932472,0.0155253896430367,-0.0103849604195625,0.0307834264927691,-0.0862390204950759,-0.19407367974842,0.180676071333511,0.0984410335275387,0.039808752057887,0.0775630674592612,-0.199966482319424,0.0470738079042577,-0.134932718185313,-0.0124441289839214,0.0570581334595175,0.0277715671487298,-0.147701771508,-0.0774384605526474,-0.0650030067331105,-0.105371701219452,-0.0756545312946697,0.0394325653841225,-0.00307416279734619,-0.0214410631019628,0.0936965072605211,-0.179208391249914,0.0267518410078964,0.335463874841038,78
"ocean","ocean::Tasmania_ocean_10","Tasmania_ocean_10",-0.020889007186585,-0.0442504362227546,-0.150429716381273,-0.196742475773618,-0.112744802294975,-0.034878892733564,0.0661307781030964,0.128666094894469,0.0987541280966887,0.0792476266524709,0.20176776190617,-0.127517818590483,0.0057563658947742,-0.0445753605615197,0.145402064294798,-0.0347243170772583,0.0569871548418261,-0.0411447273731011,-0.0339750983349599,0.094389731759974,0.0869361882510671,0.203039067814154,-0.0498585356716845,0.197009828566922,-0.173314011376295,-0.194960123818255,-0.0672979820384665,-0.230642652234348,0.0444546969114443,-0.170145210422027,-0.171978036061081,0.29342639418764,0.0961933773006437,-0.121271700233638,-0.0735724918423881,-0.076167943295971,0.142655980441448,0.0440438095801418,-0.0279860803044194,0.0098723370695689,-0.0563617543548339,-0.227762497658691,0.135084139236388,0.0830173799031931,0.0397141139009651,0.0655921292599493,-0.170726446435789,0.0343213162590325,-0.113710111495579,1.02524669998718e-05,0.0351809461844064,0.0175017498200889,-0.135973737911454,-0.0943865771547433,-0.0464294797858812,-0.159208194087087,-0.0712980214710319,0.0591504253787991,-0.0358118672305523,-0.0214592020820395,0.113970366427114,-0.213124340736798,0.0353378877946352,0.33500014787212,78
"ocean","ocean::Tasmania_ocean_11","Tasmania_ocean_11",0.0190617021066848,-0.0454397223947397,-0.160899851142066,-0.178872425792841,-0.102588550754641,-0.047770975660249,0.0881862005737438,0.146632360334782,0.118412839243289,0.0677483019351532,0.196565817880697,-0.110060233243624,0.00858525813543115,-0.0187746330306884,0.158888001656168,-0.0248606551720739,0.0774881455850314,-0.052767870345725,-0.0409302142174114,0.067656818383462,0.05120082019736,0.167828152880056,-0.0385232504263646,0.194871006220487,-0.156656118455426,-0.194339455239109,-0.0668689557270872,-0.23824051893256,0.0304096057729276,-0.16717672689991,-0.223838957402971,0.288009937006477,0.0746797582783742,-0.135602283145536,-0.0969938583779414,-0.0896578239138793,0.148727806859295,0.0176279340293181,-0.00163645146344108,0.0301667011701614,-0.0732538767140843,-0.212195309496348,0.171978036061081,0.0942603929455141,0.0276950679718846,0.0827981348396573,-0.197991699444987,0.0471156064235649,-0.126505190311419,-0.00762310354005856,0.0357148631197074,0.0220672522402626,-0.152540935931939,-0.0779439860408719,-0.0561117518902986,-0.10681177850728,-0.090895217815633,0.0361722808781632,-0.00397480259071955,-0.0281343467502637,0.105633533453603,-0.172799810723686,0.0370808071846134,0.336742278610791,78
"ocean","ocean::Tasmania_ocean_12","Tasmania_ocean_12",0.00727073003889613,-0.0533668868616965,-0.150307024770693,-0.193361793915427,-0.0962794529576537,-0.0434158690214054,0.0730468301402558,0.146857402497541,0.109136046575493,0.0624535018998687,0.189098898026234,-0.109807117142757,0.0145390633971949,-0.0235921249070038,0.159519066093461,-0.0293912930591131,0.0728295310994273,-0.0577815725220569,-0.0331692605741049,0.0743841779135897,0.0622977176610395,0.177673921618558,-0.0497335190760796,0.198331710580846,-0.162799322937731,-0.195347843237117,-0.0691154750670322,-0.236464496672109,0.0441828068125646,-0.175446606450067,-0.204179611238435,0.292107431207777,0.0868221513204212,-0.136504541210424,-0.10219126509784,-0.0944747524678321,0.128935823883921,0.0355443710461011,-0.000869995056846268,0.00885733259435681,-0.058316032295271,-0.211048497830505,0.156933846622428,0.0844710076543987,0.0418436465495289,0.0814951292459943,-0.193732480514487,0.0395348442407266,-0.129365628604383,-0.00127902854546453,0.0415248880300783,0.0143952625613525,-0.150624984396611,-0.101665593153482,-0.0576433639409418,-0.125517358458535,-0.0883056966101949,0.0404280072100141,-0.0282129250987382,-0.023983582737908,0.117634675973776,-0.184863164517144,0.0372891545209884,0.328047254552445,77
"ocean","ocean::Tasmania_ocean_13","Tasmania_ocean_13",-0.0170761975676346,-0.0597277580677344,-0.158272913533743,-0.144373682955436,-0.117128076348435,-0.0592527703560948,0.0779003207140389,0.161690489052409,0.0534906243460402,0.0902803692834791,0.206861820429338,-0.129177969524866,0.0308259238170324,0.0151162892558364,0.142944826478618,-0.0176017987239572,0.0857492979817889,-0.0632816005528545,-0.0304739657093912,0.0852268114989853,0.047075954233766,0.146951075292366,-0.0661338628278316,0.176544367064274,-0.180232140510709,-0.158351559040097,-0.0558788002666939,-0.226542663727194,0.022430321346707,-0.154738537758116,-0.253275127871948,0.262354401179683,0.0926786678930694,-0.148024080319643,-0.0760914740679096,-0.0845462553350951,0.125282291621042,0.001101815757328,-0.0458666822400343,0.0617912292740377,-0.122017335104804,-0.195377240496596,0.18677529090564,0.0899821392940398,0.0258315448293986,0.072071209223327,-0.215156974678678,0.057791988475708,-0.152558266294853,-0.0216259569104385,0.0791290594172641,0.0282500888168621,-0.140851765873885,-0.0965813538123117,-0.0743472568972985,-0.101075827700154,-0.0792365156536678,0.0601202069311219,0.0233460353612778,-0.00948184486005869,0.0774627090846267,-0.170015232700179,0.0276178100925155,0.346491076947036,79
"ocean","ocean::Tasmania_ocean_14","Tasmania_ocean_14",0.0305209285140081,-0.0394661393969352,-0.144141963380718,-0.179378760416823,-0.0986969047868702,-0.04426908731407,0.112937182002926,0.146778312037828,0.113072993903444,0.0496648142322883,0.204640572806663,-0.104162934335945,0.0414593787604168,-0.0109520314364605,0.143667420622438,-0.00940377577055778,0.0838750330791853,-0.0804533720796697,-0.0101683168811196,0.0519512475221818,0.0609292130399397,0.141657404494775,-0.0333442182577131,0.208337852074876,-0.143205660160677,-0.167594281919541,-0.060517782870724,-0.251863169510228,0.00670511341791619,-0.149600003994468,-0.251663446127114,0.28175137434653,0.0864626492308153,-0.133062907872596,-0.103745911912002,-0.112261318074467,0.143514033064206,-0.00343284550897008,-0.0132232857492373,0.0414362108479756,-0.0843831293658283,-0.19463043684497,0.162145828028181,0.0682287032460043,0.0336821502219426,0.102907872596454,-0.203628374701039,0.0721241081102673,-0.139377362353141,-0.0406261328060636,-0.0111853083479381,-0.00266430993074592,-0.140218597242819,-0.0909268662901881,-0.0675959795682979,-0.110685101134928,-0.0722814901361614,0.0756080828053146,-0.00852419399132202,-0.0296693080084084,0.0885437668828672,-0.161069718439961,0.0480087079395038,0.352655572032735,77
"ocean","ocean::Tasmania_ocean_15","Tasmania_ocean_15",0.0295736353867842,-0.0335555358392729,-0.155386389850058,-0.178786462800304,-0.0911396997210146,-0.0505809402695216,0.124715740494287,0.139107838208184,0.125508335058508,0.0559595421879159,0.209703960015379,-0.100154772819133,0.0246004002405386,-0.00217825491181893,0.143795581581049,-0.0198542966709057,0.0737822730902316,-0.0664493932314002,-0.0277668352408837,0.0676441999625391,0.0537828645787123,0.150429716381273,-0.0333386567296602,0.195762182198168,-0.147783002592691,-0.171388913534242,-0.0612711087451572,-0.249961454667337,0.0079850944902848,-0.166348643026844,-0.240701899663837,0.267457683928272,0.0886720097792762,-0.122391585090547,-0.0971807687378622,-0.115328423978943,0.145865791263715,0.00645353365076548,-0.00417985193071698,0.0428679304803872,-0.0924464949378444,-0.188445864016798,0.162355701456047,0.0753729827778271,0.0347913524384113,0.087728782815288,-0.206391624523112,0.071141079860803,-0.139785289681483,-0.0249576592829188,0.00158676643105709,-0.0142012440974379,-0.140531353818551,-0.0809479588718343,-0.0741166612446889,-0.113341811334891,-0.0904685574581768,0.0680684943660722,0.0105986849239444,-0.0343686353374935,0.085647532014314,-0.153866658780154,0.0423277043346247,0.364845079308747,78
"ocean","ocean::Tasmania_ocean_16","Tasmania_ocean_16",0.0068455999251847,-0.0488228020407951,-0.158236852769725,-0.186273470702536,-0.106245207144861,-0.057099036753016,0.0706755198104679,0.138416617309351,0.117864854473851,0.0728484886270354,0.212970894770203,-0.116706048609163,0.0201070274426676,-0.00361191641468458,0.156557664931367,-0.0262992404168875,0.0694551991437805,-0.0570998680341241,-0.0488602096906595,0.0842752787389466,0.0573002067811756,0.172024481228633,-0.0378183027317975,0.207034716377277,-0.182910938620281,-0.187650903498654,-0.0697943618358843,-0.245630266945146,0.0304489957085113,-0.160535345033615,-0.214634288267506,0.270283570768,0.0803516319087253,-0.139676839469227,-0.0889786672485634,-0.0887292829161341,0.14625227303428,0.0335579870527967,-0.0129738042540811,0.034113282833006,-0.0656047050510718,-0.211510333863275,0.156305786755614,0.0810798341594189,0.0286534285150202,0.0771462119559005,-0.182729719338716,0.0489092552760373,-0.128284131882748,-0.0230522564086578,0.032590375842971,0.00758128370585118,-0.128349803090288,-0.0886029281877033,-0.059821482382036,-0.139439924353419,-0.080705757660775,0.0611157870673442,-0.0204312270748257,-0.0212841214917339,0.10582624146638,-0.167470723318474,0.0521105188233216,0.335999667487557,74
"ocean","ocean::Tasmania_ocean_17","Tasmania_ocean_17",0.015723023612297,-0.0585756726933198,-0.139151275483455,-0.180335035975174,-0.0890390808729909,-0.0318606729679394,0.0886651986998008,0.144213064905106,0.123221338446252,0.0574292604742432,0.207788213324546,-0.12923141449093,0.0371181913050425,-0.00464556589124063,0.16893642305407,-0.015647927620246,0.0917864757311124,-0.0453475935828877,-0.0350562470977696,0.0868029778756422,0.0486110736629768,0.147314369598107,-0.0390698882048363,0.186538444254707,-0.164856473783809,-0.187680063112589,-0.0740566315652821,-0.240956675005118,0.0354804595635045,-0.162305606734672,-0.231944357065464,0.268291616111685,0.0769142737308827,-0.138773398842603,-0.104997778077363,-0.0903828197945845,0.114723507941501,0.00215701253763537,0.000853218292664659,0.0351097729644442,-0.0687439895744394,-0.202894990438243,0.161571423578344,0.0920437194485638,0.0311592444464417,0.0877113198220465,-0.198781487639619,0.0659638400814871,-0.170368839157766,-0.0331412993004689,0.0366013071895425,-0.00541490036299725,-0.135375704649061,-0.100699730872741,-0.0817771386629518,-0.101537770188289,-0.0819409118371056,0.0528420138108719,-0.00851061280127024,-0.0499963550482582,0.0842345351687912,-0.185646879072485,0.0592123908386884,0.336974090884125,77
"ocean","ocean::Tasmania_ocean_18","Tasmania_ocean_18",0.0201784738663267,-0.040600578724782,-0.149626661810235,-0.194648212226067,-0.0902033630789777,-0.0383917116898359,0.108595479471458,0.1262761286145,0.115016491632773,0.0531973532447035,0.200895202250147,-0.116565693356806,0.0265274489568789,-0.0155575790687792,0.12751370930209,-0.017006414536919,0.0815564863716384,-0.0709791780489286,-0.00989902669013942,0.0665832979218519,0.0691750136587143,0.171605253040329,-0.0440373135838443,0.206661405532285,-0.160841781501042,-0.188957283635849,-0.0744895687893321,-0.24918917825128,0.0171221594933123,-0.161023088285882,-0.216163823630587,0.289436046864566,0.0984479653574536,-0.114248366013072,-0.10112466864971,-0.113699589226816,0.143619255751836,0.000501831279467411,-0.0134733604484105,0.0324174912483053,-0.0713911653412655,-0.195562840203161,0.164837006009834,0.0845399542686011,0.0407373682187013,0.0817580282887149,-0.186805884376454,0.0619429773973573,-0.138271515004351,-0.0250737570570024,-0.000958335862724863,-0.00591756207126813,-0.15314919362998,-0.0758922681559724,-0.0847827758554402,-0.114097816629232,-0.0691207835043202,0.058761205204476,-0.00910904712762298,-0.0429065743944637,0.0771403711123252,-0.181494566866994,0.030958942916692,0.346389040652381,76
"ocean","ocean::Tasmania_ocean_19","Tasmania_ocean_19",0.0157645660759848,-0.0487980147495718,-0.153562515915457,-0.187944496871833,-0.0940185842607988,-0.0427368095188164,0.0897548894780729,0.145449752093351,0.132840016577041,0.0544853378071371,0.196613290592529,-0.0991562685680333,0.0195872716287941,-0.0248208231599235,0.158311937965917,-0.0310473993518976,0.0945818042011814,-0.0596669612586568,-0.0281418235743495,0.0648326068395273,0.0612799273006885,0.162058748633143,-0.025244236732126,0.200414426019962,-0.165185617919182,-0.186881968473664,-0.0572503083229727,-0.239658473014874,0.0299385351288465,-0.163375325174633,-0.218696305616721,0.288603484174418,0.0818354578908212,-0.138771801055538,-0.094081696849863,-0.0954685760222092,0.148888189857048,0.0121503717351468,-0.00698312836721141,0.032677142158111,-0.0531639679044523,-0.218983108394873,0.151651562585819,0.0789921958088048,0.0265384442547072,0.0969249589318794,-0.18051239033938,0.0534028370706571,-0.126384956834784,-0.023608102777653,-0.00602445612826236,0.0138831718070472,-0.145683827898361,-0.0935863828597393,-0.0499284490979993,-0.130838788278235,-0.0879414011593942,0.0503822206244352,-0.0148586208101779,-0.0169892698612422,0.108529686384358,-0.18723507941501,0.0566071990293444,0.335798119604348,77
"ocean","ocean::Tasmania_ocean_2","Tasmania_ocean_2",0.00969646782795572,-0.0598491704374057,-0.151054328216958,-0.150039333983971,-0.0816309309042873,-0.0570084484271335,0.0916956988929307,0.170229596111949,0.092109740829464,0.0717302023876418,0.193898599158115,-0.106024704502213,0.0339814075454214,0.0164836009818709,0.154503889036761,-0.0234481806800146,0.0761569021776634,-0.0746813355809896,-0.0348970317136407,0.0571511943138241,0.0250964619130709,0.126940525833259,-0.0561535504096058,0.193624937154349,-0.150663945819655,-0.147250662960006,-0.0459389386725027,-0.265582271118603,0.00555683711393054,-0.161549699819596,-0.272888336832974,0.284781198552825,0.0593515314622581,-0.140236398229478,-0.0841254349904869,-0.101527814745808,0.16316801230296,-0.00281154191188793,-0.00401108055087294,0.0613452419680793,-0.0821167401098197,-0.186715563047743,0.175917349342955,0.0647979573931131,0.0308165498476917,0.0870079555200663,-0.216763966521752,0.0576354262167411,-0.159609617602697,-0.040690464219876,0.0362929445282386,0.0156894291150346,-0.148793264917832,-0.0875339859422904,-0.070122931022585,-0.103866165873086,-0.0779439860408719,0.0593365470874121,0.00130600656552214,-0.0417164995711709,0.10905785743156,-0.135973737911454,0.0574414179950512,0.3421429627658,78
"ocean","ocean::Tasmania_ocean_3","Tasmania_ocean_3",0.0151446246947977,-0.0647303484673727,-0.157014534869206,-0.162386294981451,-0.0912280491519246,-0.0579573290991976,0.0929504636079031,0.152844310629778,0.095586812265013,0.075149517917684,0.201974665088852,-0.110686698921993,0.0354205425485702,0.0107650903498654,0.158466923311214,-0.00984476500047434,0.094898964933567,-0.0757231234739885,-0.0301302695766364,0.0593194425720377,0.0371629293428601,0.143825601541865,-0.0542952011464122,0.21086155674391,-0.165763217943149,-0.156046275907868,-0.0700142302910469,-0.254438003365339,0.0201816484169425,-0.152208391377942,-0.265865376453612,0.272102338261508,0.0622417951137674,-0.145062288730109,-0.0886084772589963,-0.112743050874539,0.14927884879442,-0.0104631085945965,-0.0211003759792687,0.0721888184863964,-0.0870490370836392,-0.187326952171243,0.175617569666013,0.0857228738197596,0.0280411629892599,0.0931573770328096,-0.198778292065489,0.0645521952096347,-0.156049471481997,-0.0457054978854287,0.0301981755268953,0.0164540111944956,-0.148100480834045,-0.077408788827474,-0.0681264448738497,-0.100623835987158,-0.0700517782870724,0.0571887935209735,0.00767976352751439,-0.027624140565317,0.0901271738641981,-0.140439890751309,0.0538318428975868,0.33039600153787,77
"ocean","ocean::Tasmania_ocean_4","Tasmania_ocean_4",0.0151178465925958,-0.0662047216503876,-0.148170469975034,-0.143240720462918,-0.0728459842611654,-0.0552473002107271,0.0965167243367935,0.173552723149324,0.0946868536444114,0.0706633767927623,0.195289250969685,-0.103112824181547,0.0354987127638347,0.0215200580107943,0.158112507847517,-0.0196053124650208,0.089560879700602,-0.0810001995337723,-0.0325249782216188,0.0477876571328457,0.0260238759191937,0.108467726628999,-0.0549654222572623,0.188502377371897,-0.142120216664477,-0.141748791847342,-0.048888694221794,-0.254978075618433,0.00266382452708063,-0.158431761883209,-0.290738420957859,0.281609312873822,0.0528466655959976,-0.146416130115486,-0.0928569829520292,-0.107967821529207,0.16675416952584,-0.0157010692090189,0.000761537675382886,0.0651971247670078,-0.0871127463147086,-0.184647190223819,0.184045279566282,0.0619290535772512,0.0318374140423109,0.0793626599311852,-0.220448026318991,0.0591390847726532,-0.168134748563114,-0.0513235902452319,0.0419040388555521,0.0165256790231605,-0.142490084144852,-0.0836040665956132,-0.0672800626828046,-0.0915254600226787,-0.0819634123195071,0.0580388263520846,0.00610709610227809,-0.047238695925131,0.109848305666272,-0.135163593359905,0.0595346483095596,0.337551185279274,79
"ocean","ocean::Tasmania_ocean_5","Tasmania_ocean_5",0.0145301116927414,-0.0442504362227546,-0.156893502499039,-0.188710062204872,-0.100471021993513,-0.0541677264168614,0.0716742081447964,0.145481718076874,0.115188044046176,0.0637742879957413,0.20176776190617,-0.113764528435809,0.0201255927207484,-0.0124654225692288,0.158731848697247,-0.0333836098541981,0.0804298149626869,-0.0558357239326097,-0.0342929248119559,0.0751119391949842,0.0517560307179684,0.175326649513501,-0.0459413046264257,0.201766184603555,-0.166345488421613,-0.191947475822908,-0.0706639458196552,-0.244152249134948,0.0308969922810753,-0.17406086416467,-0.215822316860379,0.282316663216317,0.0886112836285847,-0.135457171304922,-0.0947012490265085,-0.098840091089226,0.137539210757204,0.0303338952473901,-0.00896775401965713,0.0235081181793985,-0.0646102583818847,-0.208692120387622,0.161949546032591,0.0820323544198977,0.0301737990319305,0.0709344532181903,-0.188974260392946,0.0415382643756346,-0.12421810151914,-0.0121704669801556,0.035713285817092,0.0105111446287917,-0.142115754295685,-0.0904732893660229,-0.0610739459182366,-0.130168475635604,-0.0875884028825205,0.0399712142272696,-0.018636619051844,-0.0254095564822208,0.108668263685565,-0.171635761393547,0.0406565522136456,0.336043533552184,78
"ocean","ocean::Tasmania_ocean_6","Tasmania_ocean_6",-0.00117792533017447,-0.0623095067385725,-0.154378045865935,-0.163596122073631,-0.0929372278853248,-0.0558446335608965,0.0901108721177925,0.160610991614452,0.0927418768249218,0.0738909151365899,0.201588993838129,-0.108262726394214,0.0215085673909203,0.0200754387605599,0.153457817679271,-0.0261363093197003,0.0684003034176045,-0.0673213005392936,-0.0488801604372539,0.0712266591851367,0.037694441846691,0.140389247378867,-0.0629570747217806,0.197231418269481,-0.163172999989609,-0.161656743248439,-0.0729291228945208,-0.24869187526627,0.0186755613745233,-0.162916134127207,-0.258613215291416,0.270943607967829,0.0641607697663061,-0.140316925922462,-0.0854789737834721,-0.10577387075657,0.150906615958519,0.0064465849932978,-0.00935523759053171,0.0458709228259401,-0.0843160115132433,-0.201582343589264,0.175376206656483,0.0754395918409759,0.0367027234847304,0.0713447011024866,-0.202444382098361,0.0495335473882187,-0.155550152228353,-0.025869468084001,0.0491661211384395,0.0115232187204506,-0.145361970967507,-0.0873967392998535,-0.0686737949021686,-0.109080707004582,-0.0860301131581408,0.0516857341770837,-0.00201336284381267,-0.0329070939451562,0.106167898001808,-0.1483587393622,0.0545037771335349,0.345525317705249,74
"ocean","ocean::Tasmania_ocean_7","Tasmania_ocean_7",0.0394294502114571,-0.0251095732410611,-0.111006535947712,-0.140349865436371,-0.10197385620915,-0.0491018838908112,0.140565936178393,0.159307189542484,0.122240676662822,0.0562475970780469,0.218991926182238,-0.112109957708574,0.0340130718954248,0.0452856593617839,0.134535178777393,0.00366013071895425,0.03639600153787,-0.0800453671664744,-0.0485336409073433,0.050795847750865,0.0316962706651288,0.0974579008073818,-0.0205805459438677,0.19163783160323,-0.137931564782776,-0.161427143406382,-0.0480238369857747,-0.26877816224529,0.00225528642829681,-0.142196078431373,-0.284662821991542,0.245527104959631,0.0662775855440215,-0.128838908112265,-0.0849711649365629,-0.0850003844675125,0.15557785467128,-0.0140130718954248,0.00675740099961553,0.0355378700499808,-0.109985390234525,-0.175848519800077,0.150594386774318,0.0492979623221838,0.0373402537485582,0.0776247597078047,-0.250602076124567,0.0830049980776624,-0.183735486351403,-0.0428358323721645,0.00593694732795079,-0.0139154171472511,-0.115483275663206,-0.100240676662822,-0.0889657823913879,-0.113482506728181,-0.0747358708189158,0.0845221068819685,-0.0158008458285275,-0.0657539407920031,0.0733394848135333,-0.109243367935409,0.0671703191080354,0.374022299115725,80
"ocean","ocean::Tasmania_ocean_8","Tasmania_ocean_8",0.0168503238399432,-0.0492126302506925,-0.147245931052159,-0.17963505160737,-0.107534971756425,-0.0533845956683327,0.0726923569830144,0.144641804434192,0.102971835290174,0.080084385689922,0.198800067035361,-0.109196660061712,0.0359830045643194,-0.00111357564644762,0.157371425191494,-0.0180695787616203,0.0661292008004811,-0.056416171295064,-0.0419672906870139,0.0786096077445558,0.04024329892842,0.15562377389367,-0.0411234337877936,0.206210234722345,-0.159208194087087,-0.171317146265243,-0.0739021480889993,-0.255627125661728,0.0271863878784294,-0.161220043572985,-0.249560819803034,0.275102081053638,0.0708800362779602,-0.14578929208687,-0.0981933970169264,-0.0987107522747661,0.148799574128294,0.0215672473111919,-0.000488963810763119,0.0292573862124035,-0.0784392590620964,-0.199519317027968,0.166603377399225,0.0741150839420736,0.051166119539822,0.0776766332475675,-0.201586372105403,0.0575888957895878,-0.134497382663473,-0.0252218574709924,0.0366509922219265,0.0122729916501543,-0.127366397539408,-0.0979410285984681,-0.0684880568617593,-0.119588718343044,-0.0736829030254636,0.0416234387168643,-0.0109953765317087,-0.0400516566606532,0.100982068040892,-0.159362769743393,0.052931909817723,0.344375634617849,78
"ocean","ocean::Tasmania_ocean_9","Tasmania_ocean_9",-0.00305793318359335,-0.0500544325057164,-0.167372063376434,-0.163751593516664,-0.111131346243348,-0.0633343450899452,0.0782978206762581,0.146378518383618,0.100261033205852,0.0804565045832575,0.205730589449402,-0.122054270624659,0.0387947955239887,0.00809486229992513,0.159427750460349,-0.0252979623221838,0.0695497683077359,-0.0568218701309213,-0.0495598858738542,0.0924235617879763,0.0330601590481394,0.153472955745766,-0.0532831502053866,0.207040207207754,-0.176172727088772,-0.156893502499039,-0.0711297274327688,-0.24867520589247,0.0240101985066472,-0.169060482810255,-0.245591371739614,0.253542159898015,0.0721965236042818,-0.15290880025901,-0.0779068779214472,-0.0931585017908092,0.144242497824723,0.0222999251300107,-0.0258572613772031,0.0538545903397479,-0.100032780914223,-0.194016066694996,0.171608490661486,0.0832813290434853,0.0341148141403104,0.0830611708047512,-0.201543535887007,0.0527991258422874,-0.131746089560695,-0.0291887735486351,0.0450976345130415,0.0067803881098363,-0.125541188611668,-0.0916449138995123,-0.0648487423865315,-0.123493393229325,-0.080743843461017,0.0578959509500395,-0.0116570549788543,-0.0184301584410854,0.0992824622108906,-0.152347882393411,0.0461166757724762,0.343849936259333,76
"target","target::Tasmania_target_0","Tasmania_target_0",0.00599730386073516,-0.0973428914876946,-0.190597773981769,-0.206919441889439,-0.121835126703945,-0.0598141902578852,0.0347683218236413,0.114695516330136,0.109980679290828,0.0896862453097397,0.245639505740246,-0.12371716817777,0.0233701740810496,-0.00793930279979949,0.171549209408261,-0.0321831428029142,0.118868400177147,-0.00399612612481081,-0.0798205169384706,0.121270592128636,0.0401761737209155,0.15093630005986,-0.0147791258474102,0.218490454012332,-0.188887039551487,-0.161385251047552,-0.149538590318232,-0.176186179609595,0.0313678770093294,-0.14222845156926,-0.200891769961894,0.2030050759445,0.0615428340609016,-0.180244599204785,-0.0734704763017145,-0.0965268470257301,0.119434492089216,0.0356217423678332,-0.0426663551993148,0.0720400624881375,-0.0721249373415288,-0.251416446449515,0.144643102214825,0.116189002282472,0.0443116814856993,0.0916025481922727,-0.148663367059408,0.0471289036835881,-0.119851079672375,-0.00595914911012804,-0.0044555404688557,0.0193429012210494,-0.100401500883302,-0.0634599156118144,-0.0421057139659041,-0.109902033784474,-0.0893864579835409,0.0581486185936276,-0.0201130042486093,-0.0210769957027239,0.0990193645092686,-0.202861800962629,0.0746384788713202,0.31158882416208,79
"target","target::Tasmania_target_1","Tasmania_target_1",0.0031591088447763,-0.0751330459944556,-0.182869746453793,-0.199531354337401,-0.11005726542423,-0.0611635201036039,0.047064489366438,0.13489305732613,0.0952208664683624,0.0877970011534025,0.241533823023533,-0.124473583034865,0.0237657581092292,0.00140674639308768,0.16618628462737,-0.0370877597685101,0.115266597867217,-0.0190501628928145,-0.059904894878488,0.109094882535057,0.042620854327283,0.141236366579656,-0.0230559096703697,0.205428681276432,-0.176239098322508,-0.159919868876343,-0.132192881280479,-0.193060159048139,0.0238847406867804,-0.14596814990186,-0.209272546996095,0.233158906493454,0.0613035472186811,-0.160481596147231,-0.0703745522976993,-0.0942560553633218,0.136031081163115,0.0289346202877436,-0.0379174001902102,0.0693118031526336,-0.0746967765434347,-0.258413160930007,0.156051720997997,0.113180760436269,0.0393419534996661,0.0771597968392723,-0.153341022683583,0.0449786519354904,-0.132200165928084,0.00389809587405654,-9.95568506040185e-05,0.0197478702523321,-0.104748376130638,-0.0556700864040146,-0.0533479026285437,-0.109552196523604,-0.0874044395880127,0.0546639956292114,-0.00475444667030899,-0.0404961654424412,0.0960610291588256,-0.189386268439264,0.0559582346870637,0.337368218701309,76
"target","target::Tasmania_target_10","Tasmania_target_10",0.00511974459677145,-0.0738979652421902,-0.180798232422778,-0.194132149757396,-0.131848802067365,-0.0760065992145183,0.109829617625159,0.126160629553385,0.0711274631470856,0.0830216226475698,0.265577309603414,-0.136407126762346,0.037414236977988,0.0229239970994603,0.135126995946058,-0.00862141630044919,0.0871929491578215,0.00378744299904126,-0.103436750227517,0.144934324188847,0.0162391290594173,0.0942430126679612,-0.0101047795638484,0.199923106497501,-0.168579368207943,-0.126074197363234,-0.133559536497647,-0.140459317010497,0.00656028109928508,-0.128294959582244,-0.229233741647565,0.154986932971253,0.0421999328398522,-0.153429596211778,-0.047772083765251,-0.0959599764452815,0.093725198195436,0.0182815762194677,-0.04730098939551,0.0552395135269298,-0.113021379313701,-0.261891872162119,0.129975325945717,0.115520126144278,0.0727252906623061,0.110276573275128,-0.194293334112002,0.0616970104000895,-0.190403106886835,-0.000717153577737872,-0.0223197504367843,-0.0177038042817028,-0.0698333162999625,-0.0576728522136082,-0.0876951902627519,-0.0901729130470754,-0.0787880026669392,0.0820366071472024,-0.00689588717095178,-0.0737764929749512,0.0566979594021774,-0.192736776020907,0.0756234943716876,0.356940027934728,79
"target","target::Tasmania_target_11","Tasmania_target_11",0.00813967014659056,-0.0498293555733002,-0.159457407900314,-0.150523565886888,-0.119912065379193,-0.0660022279399442,0.142211181103915,0.168595510602431,0.0673137550646201,0.0893983576336518,0.233268072437623,-0.127856938652786,0.0530975265923363,0.0335697315628111,0.125763858082197,-0.00151026725421189,0.0467496722168002,-0.0311572472126105,-0.0605337197724741,0.0972446494937844,0.0167643608474058,0.0695282879365924,-0.0293054939421721,0.187078342649277,-0.132132217391733,-0.129297015940615,-0.0755102081053638,-0.203964155798066,-0.007944873273593,-0.130759964116366,-0.273632823667426,0.230896597955422,0.0409396780331036,-0.139387809422411,-0.0424034148601623,-0.0801111998343832,0.126244935379883,-0.0102280188093337,-0.0110829168268615,0.054384605526474,-0.110580743106695,-0.242108064945435,0.132408245349422,0.0853801792210097,0.0541819221403997,0.121213340036869,-0.229316140734826,0.0823225781011248,-0.197475921489762,-0.0201113969972101,-0.00958605664488017,-0.00155837498398052,-0.0965490590404085,-0.0868738847977602,-0.100599572156666,-0.104668224252999,-0.0730133380652412,0.106840169954357,-0.0113431717583967,-0.0846333264326344,0.0532110923806426,-0.162779207208273,0.0744053076233007,0.36648783998265,78
"target","target::Tasmania_target_12","Tasmania_target_12",0.026201362395134,-0.082230305898126,-0.18809806879011,-0.223246680270902,-0.141870483738996,-0.0558641153796863,0.082299707213202,0.108691923224795,0.0698240321769734,0.0872429736097556,0.257710742416625,-0.114800027602796,0.0426234485750057,0.00243220063289267,0.136145663896529,0.00691489466575972,0.111497944577529,-0.0150182868521969,-0.0873494415362927,0.129156636007847,0.0405177495834935,0.0970025335423259,0.00386202545372096,0.227798775618845,-0.166619150425379,-0.130294659844833,-0.153750727037924,-0.144886286339574,0.00634391111899762,-0.0997659677244452,-0.236916373386962,0.183065684795789,0.0500525438933743,-0.158611973698479,-0.0718619071560248,-0.114211693727265,0.10876526779641,0.027400901034119,-0.0416171295064029,0.0666781021106281,-0.0877445558414417,-0.256785654432713,0.132874338272262,0.127403464150869,0.0710511736117272,0.114669900137028,-0.181132700440659,0.0670621752974694,-0.163779217066414,-0.0143234850501286,-0.0380863376019085,-0.0151649759954258,-0.0666962410907048,-0.0660519129723282,-0.0734912607576967,-0.0816419720225949,-0.0652932304143377,0.0772578594031881,-0.0142769546229754,-0.0538073127692505,0.0595045298159485,-0.192174607399521,0.0677143899289228,0.344794408462229,78
"target","target::Tasmania_target_13","Tasmania_target_13",0.0288364261068041,-0.0738784985326968,-0.180593442638907,-0.223372704753284,-0.137292472710107,-0.0755362835131571,0.10005110011242,0.112457623406771,0.0616931170581909,0.0716390482725729,0.253519629743185,-0.122410562636571,0.0359316523829686,0.0163123238871126,0.130546868536444,0.0106841088383728,0.0955472822040209,-0.00707498089829131,-0.0858217141411045,0.134458898476243,0.0365055309788348,0.0824158186481344,0.00076854569080052,0.226623645238686,-0.153228699769806,-0.127629198117569,-0.154067325614783,-0.140970123467605,0.0180020342711421,-0.104350906905329,-0.234103533694441,0.163093649472696,0.0623129370884616,-0.160186101742757,-0.0631009494887555,-0.111034217608612,0.109612369147212,0.0262091989935711,-0.030445154979341,0.0401053148983594,-0.120954452766463,-0.257462806418174,0.140886805950973,0.1266480759591,0.0762433144019584,0.113671567410782,-0.19868113043182,0.0730904861324028,-0.172049893176432,0.00852252541622258,-0.0366316752563522,-0.0223773718968848,-0.0773949649355895,-0.063043328028655,-0.0800876001927204,-0.0743908623265638,-0.0764301948130953,0.0769082971982538,-0.00593345305359672,-0.0585535261510909,0.0544413784376992,-0.185423522598416,0.0464413395042802,0.354727052399515,79
"target","target::Tasmania_target_14","Tasmania_target_14",0.00919488559626968,-0.0846159761038654,-0.181123236624967,-0.197058724947998,-0.110259762024468,-0.0611244196019283,0.0553625331480003,0.138278177032502,0.095405514644269,0.0904701347607922,0.243265805065113,-0.122153412395627,0.0362937331795463,-0.00876585928489043,0.171939392147005,-0.0403339938288035,0.127973659046323,-0.0229071658829444,-0.0694849121146699,0.108874890328178,0.0324806041069017,0.131088043060361,-0.0201626593322095,0.204527252831751,-0.174075848539516,-0.14249194096945,-0.129762320212147,-0.179810920848983,0.0157075680951113,-0.145796389948639,-0.22636421889017,0.232762546949398,0.0530644032374136,-0.168444089551356,-0.0760110016857422,-0.0915529530062402,0.137228482141977,0.0209331716598153,-0.0335484379775037,0.0803895937459951,-0.0572276934906693,-0.253841619101135,0.155145062549907,0.110957718431767,0.0416518301639409,0.0892666528652688,-0.154292530486302,0.0509602815485168,-0.135226096471771,-0.019771488283599,-0.00947564546180463,0.0171137333767092,-0.101454470174193,-0.0524547757765751,-0.0510722700342078,-0.105787320458601,-0.0933140113762951,0.0646946440718067,-0.0179615335324678,-0.0333173631443528,0.101900058163034,-0.188287345103954,0.0756308717554392,0.328560021293585,78
"target","target::Tasmania_target_15","Tasmania_target_15",0.00698193002691273,-0.0817097960350556,-0.186176914204596,-0.208171610524552,-0.111357564644762,-0.0569406244146729,0.044507536549059,0.123658159090685,0.0972241445597847,0.0837200682183381,0.235211309259752,-0.124651071087057,0.0249852620786877,-0.00272794487327359,0.168515856820355,-0.0385043227949802,0.121010656650795,-0.015221758889579,-0.0715401374224904,0.116019282524473,0.0383418606255976,0.147719121836769,-0.0184086988239237,0.218681966502036,-0.181550685633731,-0.150902118514575,-0.137301826713591,-0.186507359102515,0.0230617415392502,-0.156567789508966,-0.198639182168594,0.223223020731671,0.0647806070643441,-0.171963051686235,-0.0723910921834797,-0.100783327911356,0.122519346602392,0.0375382249430692,-0.0344198976724928,0.0674028726623882,-0.072072477055176,-0.248525320636047,0.148849259160678,0.109168268614635,0.0456392511755834,0.092541921746074,-0.157460542789263,0.0477275998383265,-0.133689015073098,-0.00895829020396494,-0.0154378493478839,0.0167824998274825,-0.0969694101874033,-0.0539808160569406,-0.0473356401384083,-0.111575232405682,-0.0889764291840416,0.0551204171965418,-0.0215088871144234,-0.0197919932175988,0.0980490738276205,-0.206906613827029,0.0741142952907659,0.319869083882925,78
"target","target::Tasmania_target_16","Tasmania_target_16",-0.00149192861557629,-0.0798127302546732,-0.174768224490094,-0.163771869631447,-0.124002160804754,-0.0752248161612622,0.101129555818356,0.143559974498611,0.0788868935511658,0.0842830654227439,0.260896733972815,-0.138278266878854,0.041519376675962,0.0360297645988154,0.142085176587389,-0.0087872726653332,0.0890742119632663,-0.01563877573864,-0.0853700864808569,0.111305194204761,0.00954102365691871,0.0728919256955699,-0.0268617230957908,0.19035872278919,-0.161613400882815,-0.120567454581733,-0.10846227595034,-0.175856024216587,-0.00303135600231654,-0.127464899089445,-0.2537726969666,0.196129434151422,0.0435267837589243,-0.158189596017111,-0.0455419775256839,-0.09051474846578,0.121493291285241,0.00648007825617216,-0.0223781505652646,0.0849916536483047,-0.106287455165735,-0.249972016605103,0.142543812263054,0.106762442877374,0.0573528195095363,0.0973133020892646,-0.202304274402737,0.0595330909728001,-0.188382462441417,-0.0268663951060692,-0.000797356420850793,-0.00205802052764516,-0.0849457122139002,-0.0801234189381883,-0.0900498834430769,-0.0886802057631194,-0.0822818876868196,0.110964916122815,-0.0101078942373673,-0.0634482355861183,0.0757839000579135,-0.161576803468968,0.0597542327926455,0.354573654728707,79
"target","target::Tasmania_target_17","Tasmania_target_17",-0.0048119144458609,-0.101192658694025,-0.175769643254619,-0.176926283413262,-0.146494263340011,-0.0891681337137538,0.11601610716526,0.150293611768753,0.0609546935389223,0.0946105748801069,0.264093567251462,-0.122020275602501,0.0472854570104616,0.0502915882555292,0.135762358607013,0.00717375908051559,0.0982156660393776,0.00748133309051175,-0.102907788502398,0.117748234484712,0.00868329994536514,0.052318339100346,0.000397417997126611,0.191040692850928,-0.165720876585928,-0.111379024261924,-0.130256783828082,-0.139462150185151,-0.00536635706914345,-0.0993909225196787,-0.269997369432809,0.152334122503491,0.0315813755842894,-0.167756530888929,-0.0531520265484935,-0.11432687832615,0.0975940427770696,0.000997996721908578,-0.0161314474190089,0.0775216010036626,-0.122940569416621,-0.265708330803942,0.124901758432991,0.103592545377284,0.0686521378417208,0.11218357311965,-0.197837269066553,0.0630024889212651,-0.187371658673789,-0.0211449037819462,-0.00279082943807038,-0.0108646472004695,-0.0749306946720897,-0.0783811894210729,-0.0910330035006779,-0.0810740808191182,-0.0904494222869747,0.108212630769542,0.0029235719055424,-0.0615925049070196,0.0682547198445942,-0.169226410894595,0.0817863574738461,0.328364394261316,76
"target","target::Tasmania_target_18","Tasmania_target_18",0.00991556314757226,-0.087567488648475,-0.181300473527708,-0.183064936076193,-0.114598961451049,-0.0728553282817222,0.0849612855814949,0.136464748222446,0.0674498123895873,0.0874031896203505,0.241340477615717,-0.119379985302634,0.0495482263394313,0.0318319633636527,0.137527630560787,-0.00463774886971418,0.109402128684683,-0.0353686751444187,-0.0811465891891629,0.1168757877934,0.0109846748329513,0.0787303812068387,-0.0348134845896661,0.218015466300693,-0.164584020751512,-0.104279269414393,-0.126508694319128,-0.177790236471854,0.0102239158259482,-0.12036967281328,-0.266162868224977,0.188802943366475,0.0271155689875851,-0.16417755585729,-0.0568762744611371,-0.116509813654923,0.123119929530512,0.00710301295996184,-0.0377116882990476,0.0942858394288467,-0.103578467872629,-0.239633636527334,0.152561380968371,0.0991587461492415,0.0437362455530736,0.109802364231868,-0.203232447111384,0.0667186427810141,-0.183689428116742,-0.0351319599569786,-0.0218151733267147,0.0066467132894359,-0.0832349777836178,-0.0608178937993664,-0.0647283664024061,-0.0883593943906677,-0.0648981161091888,0.0864719022381849,-0.000403350220703819,-0.0463362192730157,0.069816964263988,-0.156318455900603,0.0693295178582726,0.345910969004132,79
"target","target::Tasmania_target_19","Tasmania_target_19",0.0107858615817093,-0.0775949310205366,-0.169468486146687,-0.200809079424996,-0.1066970246209,-0.0635479860393355,0.0535482356935644,0.131316526610644,0.0959271409098399,0.0788300204217159,0.234675774052937,-0.123978689515022,0.0369568148114861,-0.00099302466084473,0.166228972872571,-0.0371285769209645,0.113932603344368,-0.0397289753691138,-0.0629208546163564,0.0905106427597777,0.041568028280831,0.149015213928709,-0.0338986503692386,0.215155609480869,-0.185074072409713,-0.154089785646879,-0.122940127922827,-0.200587785916506,0.0262372613929707,-0.147560428806104,-0.222691572172541,0.24134733394249,0.0633027257248711,-0.161337347773334,-0.0902022698562491,-0.0957250208461281,0.126757241220909,0.0228379694123639,-0.0324614409043475,0.0728694757760502,-0.0590326397938855,-0.23493701223805,0.15331645670746,0.0950859060201621,0.0367379179835927,0.0834492228263855,-0.160893162969288,0.0467312771811042,-0.146486715898481,-0.0331053490915083,0.00659646389750196,0.0131018539323038,-0.118563789152024,-0.0685953953774023,-0.061411744733544,-0.121115455094694,-0.0895487749466988,0.0602525502179481,-0.018469619576886,-0.0273253543841779,0.103188284226347,-0.182543976592419,0.073747459768221,0.328696754994333,77
"target","target::Tasmania_target_2","Tasmania_target_2",0.0399475546880391,-0.0607245733889333,-0.144514831573655,-0.167727205512673,-0.119770896795118,-0.0664202131330159,0.108000276027958,0.119116316209742,0.120520115537417,0.0451723696014353,0.250832125711018,-0.123522511065764,0.0208913731405081,0.0482686146353966,0.138219028184426,0.02295290765879,0.0786301126785556,-0.0414262758899437,-0.075902167805282,0.0944512465619732,0.0382353926990605,0.0820079062293595,0.0267707686392808,0.232498348761325,-0.167268999102909,-0.15910488076578,-0.105075956979071,-0.195885211802167,-0.000976350318910872,-0.120294561263419,-0.248358915210126,0.178515166750461,0.0671489269413145,-0.156543341318428,-0.073917921115153,-0.112162777629906,0.126924752807106,0.00837784284151066,-0.0324388055875945,0.0542773489486292,-0.122403414860162,-0.218359408117194,0.145126036337109,0.09372411005629,0.0423348021963939,0.108210057275801,-0.227608710653693,0.0940206429479786,-0.187956111554727,-0.0320917990122142,-0.0438781928055284,-0.0214315992862706,-0.0847326964974024,-0.0727759540216288,-0.0760985419808949,-0.0795891126686974,-0.0852760772483956,0.0804858092055324,-0.015889746547186,-0.0643862814105029,0.0377235580003746,-0.155933713857589,0.0835512968384941,0.350154082749238,78
"target","target::Tasmania_target_3","Tasmania_target_3",0.00189372149952063,-0.0717324884781413,-0.17320933039386,-0.186116537456382,-0.102996023924586,-0.049803629567985,0.071691997722395,0.151496162624891,0.0887479499121565,0.0897197280500684,0.208503253373824,-0.119173638182004,0.0166393646066021,0.00887292618710428,0.158848349466369,-0.0300550421210927,0.0837076294901182,-0.0344957878907334,-0.0601108629105651,0.0830496547092404,0.0315773388034787,0.135207198789171,-0.0409540634322729,0.204138817105398,-0.157682682901902,-0.160337163408426,-0.105606899001844,-0.225908048997708,0.0193701546143402,-0.151602061524535,-0.239836090306065,0.261057139659041,0.0581852160074752,-0.151183137936237,-0.0712411487305272,-0.101641140943843,0.159605993799853,0.0198973131074222,-0.0197797341820819,0.0627544420597725,-0.08180689997518,-0.243649229361638,0.165500513434463,0.0997692221589554,0.0402719499316232,0.0815553900885249,-0.185252215554874,0.0411315998228529,-0.146437932830119,0.00143274981871627,0.0162531450902525,0.0290521172479913,-0.126645739953961,-0.0669522432949353,-0.0596678006024947,-0.097184821806608,-0.0803725928197042,0.041113690450119,-0.0046213968337397,-0.0494431061081668,0.0967542181926134,-0.172977287216699,0.0541922045561834,0.337464753089123,79
"target","target::Tasmania_target_4","Tasmania_target_4",0.0115110546576536,-0.089789029535865,-0.185906296993853,-0.185879043600563,-0.11746679709362,-0.0673112094179941,0.0539866361039328,0.134092145669387,0.101886421483461,0.10209432594085,0.240997084860253,-0.114591953435631,0.0437603842728454,0.0121028426262538,0.17069189552217,-0.0355563342239353,0.119503014906633,-0.0282181634132928,-0.0825217175477786,0.109935516524803,0.0208091337800943,0.119149499462232,-0.0253300823928479,0.1980901211316,-0.185622861703629,-0.139844947658885,-0.132082402581286,-0.196338117277191,0.0182317414431645,-0.131186155276208,-0.24370140014308,0.219002039137819,0.0311459565211043,-0.179043113894851,-0.0786486210269663,-0.100691944188944,0.135970293801313,0.0216804636970201,-0.0321161773222568,0.105698781870653,-0.0721031346268962,-0.249593583772551,0.156518573674195,0.102499233498314,0.0312012419760657,0.0857664286861431,-0.166897444507711,0.0481442872507653,-0.135377727164333,-0.041957766973754,0.00536736114152784,0.0280912404673957,-0.0950364757469133,-0.0467123161004288,-0.0663277512543861,-0.0988799828692957,-0.0855748762647278,0.0641412504440843,0.00158225414762579,-0.0414430671747478,0.0948760700606875,-0.15778001644937,0.0806661507988651,0.320717932246118,79
"target","target::Tasmania_target_5","Tasmania_target_5",0.0314104042823766,-0.0637892723705872,-0.152402133301787,-0.17603801299303,-0.124839558749593,-0.0585076745630379,0.109159593450251,0.12686560395903,0.0972817161052455,0.0694904326738237,0.26591350466783,-0.102073561450724,0.042990171433078,0.0430658819586155,0.147442305227772,0.00598507477400211,0.0493427577164601,-0.0254466230936819,-0.0993803172349885,0.0928211043089936,0.0241461370873136,0.0721103323179448,0.00333914963672749,0.220608641646704,-0.153122171945701,-0.112329183055827,-0.127249677145871,-0.18605309594929,-0.00156231824051893,-0.106870138704049,-0.281714133617248,0.170477232622561,0.046904247873106,-0.169301353522807,-0.0768911365451158,-0.112758209367206,0.121169964214947,0.0141823164660535,-0.0194110746359881,0.0663799919163241,-0.125367166474433,-0.219677244452331,0.137316811088437,0.074037007462613,0.0667159573733968,0.107775510405268,-0.228884748469524,0.0712988101223395,-0.170855785250249,-0.0331832924220467,-0.0240964520549296,-0.0315823302674514,-0.0653996983408748,-0.094041936533286,-0.0939133863701338,-0.095256459547117,-0.0774353059474167,0.0878888790307475,-0.019403976774219,-0.0544760890781652,0.0731261152022398,-0.134053371977247,0.109139877167559,0.354885201944025,78
"target","target::Tasmania_target_6","Tasmania_target_6",0.00640384861838149,-0.0922043789863859,-0.162717692406274,-0.191665927306066,-0.147678111968769,-0.0823620106665089,0.102848805686176,0.116983014422461,0.0783761669574818,0.0886806849436607,0.265629590197064,-0.121709401709402,0.0556014944942281,0.0213929553721941,0.129769418073916,0.0179221009670837,0.0751939589309832,-0.0108707696250949,-0.113729827778271,0.138450891668885,0.030865446228768,0.0846751249519416,-0.0033344177288814,0.194320527607725,-0.180452883013437,-0.130118001951912,-0.127733909048788,-0.145081871863879,0.00176342432397796,-0.0823273100089709,-0.244647522156173,0.15803310363864,0.0233866658780154,-0.153065389051548,-0.0732436242470845,-0.097556166760319,0.0749589408412938,0.0165301314090241,-0.0247636510612289,0.0630014097142125,-0.116695945346464,-0.25356401384083,0.133158252743028,0.0941184357101312,0.0667143800707815,0.11281814686659,-0.194642297341259,0.0718603298534094,-0.186870927355356,-0.0473435266514851,-0.0119362375417739,-0.025034158459764,-0.0652735141316456,-0.0746458462721439,-0.0948495154723528,-0.105272331154684,-0.0753595757055965,0.0958905351984937,0.0100418971007206,-0.059947751850866,0.0657656325476395,-0.194714064610258,0.0982904011277714,0.35010597501947,78
"target","target::Tasmania_target_7","Tasmania_target_7",0.0170930209028916,-0.0983467896962707,-0.205512859426536,-0.216774115218843,-0.139105202452498,-0.0987620146097655,0.0433363686031688,0.0999251300107246,0.0780833282745503,0.0980432627127218,0.242875816993464,-0.102427001760457,0.0406863756854651,0.0172565207713632,0.134671280276817,-0.0154515469758595,0.127766243752403,-0.00125781581982638,-0.102040915437382,0.152729921690038,0.0211910398834456,0.12090572451891,-0.015740504664198,0.245709544911876,-0.177921042514013,-0.145548877961917,-0.175652279487646,-0.145691333292863,0.0354997065905826,-0.119512738015743,-0.213763127542038,0.148440073655881,0.0422881887533135,-0.185537546287865,-0.0605807482951901,-0.120590056456019,0.104997672959793,0.0436585119083753,-0.0436075193751391,0.0614330520649952,-0.0923725692547401,-0.261448430765495,0.14415751026933,0.115996681438313,0.0585313341022684,0.105453368137761,-0.166070539670977,0.0530217122968899,-0.131566401586434,0.00850523078168316,-0.0316218458487626,0.00644367550941945,-0.0672041117788705,-0.0521159877779801,-0.0428507254294907,-0.0963977417592424,-0.0770302919929582,0.0474441004471964,-0.0260304741091483,-0.0506873874420769,0.0721107266435986,-0.183233978834052,0.0671733543778709,0.328191181529371,76
"target","target::Tasmania_target_8","Tasmania_target_8",-0.0197572925600607,-0.113303956072122,-0.160523664468301,-0.172302171748539,-0.136414593992449,-0.0929748913139917,0.106133538382673,0.161618312483364,0.0538443793807116,0.0914827630398565,0.261167401098197,-0.120389199420341,0.0509792091799012,0.0613728447638482,0.155415569948442,-0.0130103806228374,0.0874969193308294,0.0180664241563896,-0.103035716046097,0.120973590039334,0.00420666607517819,0.0513719575311271,-0.0140648074212088,0.175850313981802,-0.156224726190124,-0.101771507999882,-0.12336714675815,-0.158894310866629,-0.0134961898283698,-0.115386784175712,-0.278886818679206,0.165239010636935,0.026866984098818,-0.169530062402035,-0.0572276934906693,-0.114538984019953,0.103277043346248,-0.00155127712221138,0.00058912252683879,0.067440727925157,-0.12290105383531,-0.26458304991177,0.122093474896243,0.0847934226480939,0.0621449343940693,0.0870907639073729,-0.198572935458749,0.0569437790199036,-0.199470420646891,-0.0204789085065902,0.0229316140734826,-0.00411360522087166,-0.0718445568272558,-0.0912146215952444,-0.0940143337375171,-0.0753966423170575,-0.0948290105383531,0.0934804168022161,-0.00586204517000365,-0.0641236605250446,0.0775875156497994,-0.160550478612762,0.0871412375910646,0.323937735979258,78
"target","target::Tasmania_target_9","Tasmania_target_9",0.00508758958585948,-0.113449067912736,-0.192994804759511,-0.193972732381037,-0.125593509399738,-0.0983266790879248,0.0784376817594811,0.13516852492631,0.0601748834274786,0.0980191050779286,0.253552184071215,-0.102455268683642,0.0626528258362168,0.0291028105560978,0.138928025710033,0.00172399175859383,0.128149528287937,-0.000478711343763247,-0.0949078756691213,0.129453168899536,0.0107974250534804,0.0572300594445923,-0.011426768797011,0.220251382604324,-0.157227890653496,-0.0912674612328592,-0.145565315115488,-0.146944666252625,0.00646457476907304,-0.0870962844665267,-0.283920779976143,0.147838996835537,0.0138297893315194,-0.200569011918493,-0.0573310068119757,-0.135883043011071,0.105034947111072,0.00653161013022605,-0.0356777965082463,0.0990199035873776,-0.116000354893088,-0.263310955352478,0.134733978055777,0.091861315667544,0.043005155807924,0.126626642612802,-0.187658790011731,0.0691363282366743,-0.166267411942152,-0.0349798401009474,-0.0251019824722247,0.0062327112846144,-0.0812255641321385,-0.0593389130413352,-0.05809520992912,-0.0772625913110342,-0.0766529638501957,0.0850197655733988,0.0103904809787163,-0.0517654945336606,0.0738043553268467,-0.154273602854918,0.0955096166168831,0.307517227102002,78
