"Truth","Predicted","N","Fold","Variant"
"target","target",300,1,"Raw64"
"ocean","target",0,1,"Raw64"
"confounding_marine","target",120,1,"Raw64"
"target","ocean",0,1,"Raw64"
"ocean","ocean",232,1,"Raw64"
"confounding_marine","ocean",17,1,"Raw64"
"target","confounding_marine",7,1,"Raw64"
"ocean","confounding_marine",77,1,"Raw64"
"confounding_marine","confounding_marine",181,1,"Raw64"
"target","target",298,1,"Raw64_ClassSimilarity"
"ocean","target",0,1,"Raw64_ClassSimilarity"
"confounding_marine","target",120,1,"Raw64_ClassSimilarity"
"target","ocean",0,1,"Raw64_ClassSimilarity"
"ocean","ocean",232,1,"Raw64_ClassSimilarity"
"confounding_marine","ocean",8,1,"Raw64_ClassSimilarity"
"target","confounding_marine",9,1,"Raw64_ClassSimilarity"
"ocean","confounding_marine",77,1,"Raw64_ClassSimilarity"
"confounding_marine","confounding_marine",190,1,"Raw64_ClassSimilarity"
"target","target",302,1,"Raw64_ClassSimilarity_Margins"
"ocean","target",0,1,"Raw64_ClassSimilarity_Margins"
"confounding_marine","target",112,1,"Raw64_ClassSimilarity_Margins"
"target","ocean",0,1,"Raw64_ClassSimilarity_Margins"
"ocean","ocean",232,1,"Raw64_ClassSimilarity_Margins"
"confounding_marine","ocean",5,1,"Raw64_ClassSimilarity_Margins"
"target","confounding_marine",5,1,"Raw64_ClassSimilarity_Margins"
"ocean","confounding_marine",77,1,"Raw64_ClassSimilarity_Margins"
"confounding_marine","confounding_marine",201,1,"Raw64_ClassSimilarity_Margins"
"target","target",298,1,"Raw64_ClassSimilarity_Margins_AllPrototypes"
"ocean","target",0,1,"Raw64_ClassSimilarity_Margins_AllPrototypes"
"confounding_marine","target",100,1,"Raw64_ClassSimilarity_Margins_AllPrototypes"
"target","ocean",0,1,"Raw64_ClassSimilarity_Margins_AllPrototypes"
"ocean","ocean",232,1,"Raw64_ClassSimilarity_Margins_AllPrototypes"
"confounding_marine","ocean",6,1,"Raw64_ClassSimilarity_Margins_AllPrototypes"
"target","confounding_marine",9,1,"Raw64_ClassSimilarity_Margins_AllPrototypes"
"ocean","confounding_marine",77,1,"Raw64_ClassSimilarity_Margins_AllPrototypes"
"confounding_marine","confounding_marine",212,1,"Raw64_ClassSimilarity_Margins_AllPrototypes"
"target","target",297,1,"CRRF_Selected"
"ocean","target",0,1,"CRRF_Selected"
"confounding_marine","target",103,1,"CRRF_Selected"
"target","ocean",0,1,"CRRF_Selected"
"ocean","ocean",232,1,"CRRF_Selected"
"confounding_marine","ocean",5,1,"CRRF_Selected"
"target","confounding_marine",10,1,"CRRF_Selected"
"ocean","confounding_marine",77,1,"CRRF_Selected"
"confounding_marine","confounding_marine",210,1,"CRRF_Selected"
"target","target",267,1,"EngineeredOnly_Selected"
"ocean","target",0,1,"EngineeredOnly_Selected"
"confounding_marine","target",77,1,"EngineeredOnly_Selected"
"target","ocean",0,1,"EngineeredOnly_Selected"
"ocean","ocean",216,1,"EngineeredOnly_Selected"
"confounding_marine","ocean",4,1,"EngineeredOnly_Selected"
"target","confounding_marine",40,1,"EngineeredOnly_Selected"
"ocean","confounding_marine",93,1,"EngineeredOnly_Selected"
"confounding_marine","confounding_marine",237,1,"EngineeredOnly_Selected"
"target","target",317,2,"Raw64"
"ocean","target",0,2,"Raw64"
"confounding_marine","target",119,2,"Raw64"
"target","ocean",0,2,"Raw64"
"ocean","ocean",38,2,"Raw64"
"confounding_marine","ocean",2,2,"Raw64"
"target","confounding_marine",0,2,"Raw64"
"ocean","confounding_marine",271,2,"Raw64"
"confounding_marine","confounding_marine",192,2,"Raw64"
"target","target",317,2,"Raw64_ClassSimilarity"
"ocean","target",0,2,"Raw64_ClassSimilarity"
"confounding_marine","target",112,2,"Raw64_ClassSimilarity"
"target","ocean",0,2,"Raw64_ClassSimilarity"
"ocean","ocean",36,2,"Raw64_ClassSimilarity"
"confounding_marine","ocean",0,2,"Raw64_ClassSimilarity"
"target","confounding_marine",0,2,"Raw64_ClassSimilarity"
"ocean","confounding_marine",273,2,"Raw64_ClassSimilarity"
"confounding_marine","confounding_marine",201,2,"Raw64_ClassSimilarity"
"target","target",317,2,"Raw64_ClassSimilarity_Margins"
"ocean","target",0,2,"Raw64_ClassSimilarity_Margins"
"confounding_marine","target",112,2,"Raw64_ClassSimilarity_Margins"
"target","ocean",0,2,"Raw64_ClassSimilarity_Margins"
"ocean","ocean",91,2,"Raw64_ClassSimilarity_Margins"
"confounding_marine","ocean",0,2,"Raw64_ClassSimilarity_Margins"
"target","confounding_marine",0,2,"Raw64_ClassSimilarity_Margins"
"ocean","confounding_marine",218,2,"Raw64_ClassSimilarity_Margins"
"confounding_marine","confounding_marine",201,2,"Raw64_ClassSimilarity_Margins"
"target","target",317,2,"Raw64_ClassSimilarity_Margins_AllPrototypes"
"ocean","target",0,2,"Raw64_ClassSimilarity_Margins_AllPrototypes"
"confounding_marine","target",95,2,"Raw64_ClassSimilarity_Margins_AllPrototypes"
"target","ocean",0,2,"Raw64_ClassSimilarity_Margins_AllPrototypes"
"ocean","ocean",102,2,"Raw64_ClassSimilarity_Margins_AllPrototypes"
"confounding_marine","ocean",0,2,"Raw64_ClassSimilarity_Margins_AllPrototypes"
"target","confounding_marine",0,2,"Raw64_ClassSimilarity_Margins_AllPrototypes"
"ocean","confounding_marine",207,2,"Raw64_ClassSimilarity_Margins_AllPrototypes"
"confounding_marine","confounding_marine",218,2,"Raw64_ClassSimilarity_Margins_AllPrototypes"
"target","target",317,2,"CRRF_Selected"
"ocean","target",0,2,"CRRF_Selected"
"confounding_marine","target",87,2,"CRRF_Selected"
"target","ocean",0,2,"CRRF_Selected"
"ocean","ocean",92,2,"CRRF_Selected"
"confounding_marine","ocean",0,2,"CRRF_Selected"
"target","confounding_marine",0,2,"CRRF_Selected"
"ocean","confounding_marine",217,2,"CRRF_Selected"
"confounding_marine","confounding_marine",226,2,"CRRF_Selected"
"target","target",300,2,"EngineeredOnly_Selected"
"ocean","target",0,2,"EngineeredOnly_Selected"
"confounding_marine","target",50,2,"EngineeredOnly_Selected"
"target","ocean",0,2,"EngineeredOnly_Selected"
"ocean","ocean",117,2,"EngineeredOnly_Selected"
"confounding_marine","ocean",2,2,"EngineeredOnly_Selected"
"target","confounding_marine",17,2,"EngineeredOnly_Selected"
"ocean","confounding_marine",192,2,"EngineeredOnly_Selected"
"confounding_marine","confounding_marine",261,2,"EngineeredOnly_Selected"
"target","target",299,3,"Raw64"
"ocean","target",118,3,"Raw64"
"confounding_marine","target",82,3,"Raw64"
"target","ocean",0,3,"Raw64"
"ocean","ocean",155,3,"Raw64"
"confounding_marine","ocean",63,3,"Raw64"
"target","confounding_marine",14,3,"Raw64"
"ocean","confounding_marine",37,3,"Raw64"
"confounding_marine","confounding_marine",167,3,"Raw64"
"target","target",298,3,"Raw64_ClassSimilarity"
"ocean","target",67,3,"Raw64_ClassSimilarity"
"confounding_marine","target",77,3,"Raw64_ClassSimilarity"
"target","ocean",0,3,"Raw64_ClassSimilarity"
"ocean","ocean",155,3,"Raw64_ClassSimilarity"
"confounding_marine","ocean",82,3,"Raw64_ClassSimilarity"
"target","confounding_marine",15,3,"Raw64_ClassSimilarity"
"ocean","confounding_marine",88,3,"Raw64_ClassSimilarity"
"confounding_marine","confounding_marine",153,3,"Raw64_ClassSimilarity"
"target","target",292,3,"Raw64_ClassSimilarity_Margins"
"ocean","target",10,3,"Raw64_ClassSimilarity_Margins"
"confounding_marine","target",76,3,"Raw64_ClassSimilarity_Margins"
"target","ocean",0,3,"Raw64_ClassSimilarity_Margins"
"ocean","ocean",155,3,"Raw64_ClassSimilarity_Margins"
"confounding_marine","ocean",196,3,"Raw64_ClassSimilarity_Margins"
"target","confounding_marine",21,3,"Raw64_ClassSimilarity_Margins"
"ocean","confounding_marine",145,3,"Raw64_ClassSimilarity_Margins"
"confounding_marine","confounding_marine",40,3,"Raw64_ClassSimilarity_Margins"
"target","target",295,3,"Raw64_ClassSimilarity_Margins_AllPrototypes"
"ocean","target",19,3,"Raw64_ClassSimilarity_Margins_AllPrototypes"
"confounding_marine","target",76,3,"Raw64_ClassSimilarity_Margins_AllPrototypes"
"target","ocean",0,3,"Raw64_ClassSimilarity_Margins_AllPrototypes"
"ocean","ocean",159,3,"Raw64_ClassSimilarity_Margins_AllPrototypes"
"confounding_marine","ocean",198,3,"Raw64_ClassSimilarity_Margins_AllPrototypes"
"target","confounding_marine",18,3,"Raw64_ClassSimilarity_Margins_AllPrototypes"
"ocean","confounding_marine",132,3,"Raw64_ClassSimilarity_Margins_AllPrototypes"
"confounding_marine","confounding_marine",38,3,"Raw64_ClassSimilarity_Margins_AllPrototypes"
"target","target",296,3,"CRRF_Selected"
"ocean","target",10,3,"CRRF_Selected"
"confounding_marine","target",76,3,"CRRF_Selected"
"target","ocean",0,3,"CRRF_Selected"
"ocean","ocean",164,3,"CRRF_Selected"
"confounding_marine","ocean",203,3,"CRRF_Selected"
"target","confounding_marine",17,3,"CRRF_Selected"
"ocean","confounding_marine",136,3,"CRRF_Selected"
"confounding_marine","confounding_marine",33,3,"CRRF_Selected"
"target","target",295,3,"EngineeredOnly_Selected"
"ocean","target",71,3,"EngineeredOnly_Selected"
"confounding_marine","target",0,3,"EngineeredOnly_Selected"
"target","ocean",0,3,"EngineeredOnly_Selected"
"ocean","ocean",173,3,"EngineeredOnly_Selected"
"confounding_marine","ocean",234,3,"EngineeredOnly_Selected"
"target","confounding_marine",18,3,"EngineeredOnly_Selected"
"ocean","confounding_marine",66,3,"EngineeredOnly_Selected"
"confounding_marine","confounding_marine",78,3,"EngineeredOnly_Selected"
"target","target",300,4,"Raw64"
"ocean","target",0,4,"Raw64"
"confounding_marine","target",53,4,"Raw64"
"target","ocean",0,4,"Raw64"
"ocean","ocean",236,4,"Raw64"
"confounding_marine","ocean",122,4,"Raw64"
"target","confounding_marine",13,4,"Raw64"
"ocean","confounding_marine",78,4,"Raw64"
"confounding_marine","confounding_marine",138,4,"Raw64"
"target","target",300,4,"Raw64_ClassSimilarity"
"ocean","target",0,4,"Raw64_ClassSimilarity"
"confounding_marine","target",43,4,"Raw64_ClassSimilarity"
"target","ocean",0,4,"Raw64_ClassSimilarity"
"ocean","ocean",263,4,"Raw64_ClassSimilarity"
"confounding_marine","ocean",130,4,"Raw64_ClassSimilarity"
"target","confounding_marine",13,4,"Raw64_ClassSimilarity"
"ocean","confounding_marine",51,4,"Raw64_ClassSimilarity"
"confounding_marine","confounding_marine",140,4,"Raw64_ClassSimilarity"
"target","target",304,4,"Raw64_ClassSimilarity_Margins"
"ocean","target",0,4,"Raw64_ClassSimilarity_Margins"
"confounding_marine","target",31,4,"Raw64_ClassSimilarity_Margins"
"target","ocean",0,4,"Raw64_ClassSimilarity_Margins"
"ocean","ocean",262,4,"Raw64_ClassSimilarity_Margins"
"confounding_marine","ocean",160,4,"Raw64_ClassSimilarity_Margins"
"target","confounding_marine",9,4,"Raw64_ClassSimilarity_Margins"
"ocean","confounding_marine",52,4,"Raw64_ClassSimilarity_Margins"
"confounding_marine","confounding_marine",122,4,"Raw64_ClassSimilarity_Margins"
"target","target",304,4,"Raw64_ClassSimilarity_Margins_AllPrototypes"
"ocean","target",0,4,"Raw64_ClassSimilarity_Margins_AllPrototypes"
"confounding_marine","target",26,4,"Raw64_ClassSimilarity_Margins_AllPrototypes"
"target","ocean",0,4,"Raw64_ClassSimilarity_Margins_AllPrototypes"
"ocean","ocean",249,4,"Raw64_ClassSimilarity_Margins_AllPrototypes"
"confounding_marine","ocean",137,4,"Raw64_ClassSimilarity_Margins_AllPrototypes"
"target","confounding_marine",9,4,"Raw64_ClassSimilarity_Margins_AllPrototypes"
"ocean","confounding_marine",65,4,"Raw64_ClassSimilarity_Margins_AllPrototypes"
"confounding_marine","confounding_marine",150,4,"Raw64_ClassSimilarity_Margins_AllPrototypes"
"target","target",304,4,"CRRF_Selected"
"ocean","target",0,4,"CRRF_Selected"
"confounding_marine","target",32,4,"CRRF_Selected"
"target","ocean",0,4,"CRRF_Selected"
"ocean","ocean",245,4,"CRRF_Selected"
"confounding_marine","ocean",114,4,"CRRF_Selected"
"target","confounding_marine",9,4,"CRRF_Selected"
"ocean","confounding_marine",69,4,"CRRF_Selected"
"confounding_marine","confounding_marine",167,4,"CRRF_Selected"
"target","target",247,4,"EngineeredOnly_Selected"
"ocean","target",0,4,"EngineeredOnly_Selected"
"confounding_marine","target",38,4,"EngineeredOnly_Selected"
"target","ocean",0,4,"EngineeredOnly_Selected"
"ocean","ocean",156,4,"EngineeredOnly_Selected"
"confounding_marine","ocean",135,4,"EngineeredOnly_Selected"
"target","confounding_marine",66,4,"EngineeredOnly_Selected"
"ocean","confounding_marine",158,4,"EngineeredOnly_Selected"
"confounding_marine","confounding_marine",140,4,"EngineeredOnly_Selected"
"target","target",222,5,"Raw64"
"ocean","target",0,5,"Raw64"
"confounding_marine","target",0,5,"Raw64"
"target","ocean",0,5,"Raw64"
"ocean","ocean",166,5,"Raw64"
"confounding_marine","ocean",107,5,"Raw64"
"target","confounding_marine",92,5,"Raw64"
"ocean","confounding_marine",151,5,"Raw64"
"confounding_marine","confounding_marine",208,5,"Raw64"
"target","target",217,5,"Raw64_ClassSimilarity"
"ocean","target",0,5,"Raw64_ClassSimilarity"
"confounding_marine","target",0,5,"Raw64_ClassSimilarity"
"target","ocean",0,5,"Raw64_ClassSimilarity"
"ocean","ocean",185,5,"Raw64_ClassSimilarity"
"confounding_marine","ocean",88,5,"Raw64_ClassSimilarity"
"target","confounding_marine",97,5,"Raw64_ClassSimilarity"
"ocean","confounding_marine",132,5,"Raw64_ClassSimilarity"
"confounding_marine","confounding_marine",227,5,"Raw64_ClassSimilarity"
"target","target",212,5,"Raw64_ClassSimilarity_Margins"
"ocean","target",0,5,"Raw64_ClassSimilarity_Margins"
"confounding_marine","target",0,5,"Raw64_ClassSimilarity_Margins"
"target","ocean",0,5,"Raw64_ClassSimilarity_Margins"
"ocean","ocean",167,5,"Raw64_ClassSimilarity_Margins"
"confounding_marine","ocean",82,5,"Raw64_ClassSimilarity_Margins"
"target","confounding_marine",102,5,"Raw64_ClassSimilarity_Margins"
"ocean","confounding_marine",150,5,"Raw64_ClassSimilarity_Margins"
"confounding_marine","confounding_marine",233,5,"Raw64_ClassSimilarity_Margins"
"target","target",209,5,"Raw64_ClassSimilarity_Margins_AllPrototypes"
"ocean","target",0,5,"Raw64_ClassSimilarity_Margins_AllPrototypes"
"confounding_marine","target",0,5,"Raw64_ClassSimilarity_Margins_AllPrototypes"
"target","ocean",0,5,"Raw64_ClassSimilarity_Margins_AllPrototypes"
"ocean","ocean",162,5,"Raw64_ClassSimilarity_Margins_AllPrototypes"
"confounding_marine","ocean",80,5,"Raw64_ClassSimilarity_Margins_AllPrototypes"
"target","confounding_marine",105,5,"Raw64_ClassSimilarity_Margins_AllPrototypes"
"ocean","confounding_marine",155,5,"Raw64_ClassSimilarity_Margins_AllPrototypes"
"confounding_marine","confounding_marine",235,5,"Raw64_ClassSimilarity_Margins_AllPrototypes"
"target","target",217,5,"CRRF_Selected"
"ocean","target",0,5,"CRRF_Selected"
"confounding_marine","target",0,5,"CRRF_Selected"
"target","ocean",0,5,"CRRF_Selected"
"ocean","ocean",161,5,"CRRF_Selected"
"confounding_marine","ocean",79,5,"CRRF_Selected"
"target","confounding_marine",97,5,"CRRF_Selected"
"ocean","confounding_marine",156,5,"CRRF_Selected"
"confounding_marine","confounding_marine",236,5,"CRRF_Selected"
"target","target",222,5,"EngineeredOnly_Selected"
"ocean","target",0,5,"EngineeredOnly_Selected"
"confounding_marine","target",0,5,"EngineeredOnly_Selected"
"target","ocean",4,5,"EngineeredOnly_Selected"
"ocean","ocean",214,5,"EngineeredOnly_Selected"
"confounding_marine","ocean",81,5,"EngineeredOnly_Selected"
"target","confounding_marine",88,5,"EngineeredOnly_Selected"
"ocean","confounding_marine",103,5,"EngineeredOnly_Selected"
"confounding_marine","confounding_marine",234,5,"EngineeredOnly_Selected"
