"Class","TP","TN","FP","FN","Precision","Recall","Specificity","F1","IoU","Fold","Variant"
"target",309,482,139,1,0.689732142857143,0.996774193548387,0.776167471819646,0.815303430079156,0.688195991091314,1,"Raw64"
"ocean",308,538,85,0,0.783715012722646,1,0.863563402889246,0.878744650499287,0.783715012722646,1,"Raw64"
"confounding_marine",89,617,1,224,0.988888888888889,0.284345047923323,0.998381877022654,0.441687344913151,0.28343949044586,1,"Raw64"
"target",307,483,138,3,0.689887640449438,0.990322580645161,0.777777777777778,0.813245033112583,0.685267857142857,1,"Raw64_ClassSimilarity"
"ocean",307,539,84,1,0.785166240409207,0.996753246753247,0.865168539325843,0.878397711015737,0.783163265306122,1,"Raw64_ClassSimilarity"
"confounding_marine",91,614,4,222,0.957894736842105,0.29073482428115,0.993527508090615,0.446078431372549,0.287066246056782,1,"Raw64_ClassSimilarity"
"target",310,478,143,0,0.684326710816777,1,0.769726247987118,0.812581913499345,0.684326710816777,1,"Raw64_ClassSimilarity_Margins"
"ocean",305,544,79,3,0.794270833333333,0.99025974025974,0.873194221508828,0.881502890173411,0.788113695090439,1,"Raw64_ClassSimilarity_Margins"
"confounding_marine",91,615,3,222,0.968085106382979,0.29073482428115,0.995145631067961,0.447174447174447,0.287974683544304,1,"Raw64_ClassSimilarity_Margins"
"target",306,511,110,4,0.735576923076923,0.987096774193548,0.822866344605475,0.84297520661157,0.728571428571429,1,"Raw64_ClassSimilarity_Margins_AllPrototypes"
"ocean",305,544,79,3,0.794270833333333,0.99025974025974,0.873194221508828,0.881502890173411,0.788113695090439,1,"Raw64_ClassSimilarity_Margins_AllPrototypes"
"confounding_marine",124,611,7,189,0.946564885496183,0.396166134185303,0.988673139158576,0.558558558558559,0.3875,1,"Raw64_ClassSimilarity_Margins_AllPrototypes"
"target",309,507,114,1,0.730496453900709,0.996774193548387,0.816425120772947,0.843110504774898,0.72877358490566,1,"CRRF_Selected"
"ocean",305,544,79,3,0.794270833333333,0.99025974025974,0.873194221508828,0.881502890173411,0.788113695090439,1,"CRRF_Selected"
"confounding_marine",120,614,4,193,0.967741935483871,0.383386581469649,0.993527508090615,0.549199084668192,0.378548895899054,1,"CRRF_Selected"
"target",218,594,27,92,0.889795918367347,0.703225806451613,0.956521739130435,0.785585585585586,0.646884272997033,1,"EngineeredOnly_Selected"
"ocean",278,544,79,30,0.778711484593838,0.902597402597403,0.873194221508828,0.83609022556391,0.718346253229974,1,"EngineeredOnly_Selected"
"confounding_marine",207,496,122,106,0.629179331306991,0.661341853035144,0.802588996763754,0.644859813084112,0.475862068965517,1,"EngineeredOnly_Selected"
"target",289,612,3,24,0.98972602739726,0.92332268370607,0.995121951219512,0.955371900826446,0.914556962025316,2,"Raw64"
"ocean",306,563,59,0,0.838356164383562,1,0.905144694533762,0.912071535022355,0.838356164383562,2,"Raw64"
"confounding_marine",253,601,18,56,0.933579335793358,0.818770226537217,0.97092084006462,0.872413793103448,0.773700305810398,2,"Raw64"
"target",286,610,5,27,0.982817869415808,0.913738019169329,0.991869918699187,0.947019867549669,0.89937106918239,2,"Raw64_ClassSimilarity"
"ocean",306,587,35,0,0.897360703812317,1,0.943729903536977,0.945904173106646,0.897360703812317,2,"Raw64_ClassSimilarity"
"confounding_marine",273,596,23,36,0.922297297297297,0.883495145631068,0.962843295638126,0.902479338842975,0.822289156626506,2,"Raw64_ClassSimilarity"
"target",280,607,8,33,0.972222222222222,0.894568690095847,0.986991869918699,0.931780366056572,0.872274143302181,2,"Raw64_ClassSimilarity_Margins"
"ocean",271,610,12,35,0.957597173144876,0.88562091503268,0.980707395498392,0.920203735144312,0.852201257861635,2,"Raw64_ClassSimilarity_Margins"
"confounding_marine",293,555,64,16,0.820728291316527,0.948220064724919,0.896607431340872,0.87987987987988,0.785522788203753,2,"Raw64_ClassSimilarity_Margins"
"target",283,608,7,30,0.975862068965517,0.904153354632588,0.988617886178862,0.938640132669983,0.884375,2,"Raw64_ClassSimilarity_Margins_AllPrototypes"
"ocean",271,612,10,35,0.9644128113879,0.88562091503268,0.983922829581994,0.923339011925043,0.857594936708861,2,"Raw64_ClassSimilarity_Margins_AllPrototypes"
"confounding_marine",296,558,61,13,0.829131652661064,0.957928802588997,0.901453957996769,0.888888888888889,0.8,2,"Raw64_ClassSimilarity_Margins_AllPrototypes"
"target",283,610,5,30,0.982638888888889,0.904153354632588,0.991869918699187,0.941763727121464,0.889937106918239,2,"CRRF_Selected"
"ocean",271,612,10,35,0.9644128113879,0.88562091503268,0.983922829581994,0.923339011925043,0.857594936708861,2,"CRRF_Selected"
"confounding_marine",298,558,61,11,0.83008356545961,0.964401294498382,0.901453957996769,0.892215568862275,0.805405405405405,2,"CRRF_Selected"
"target",260,589,26,53,0.909090909090909,0.830670926517572,0.957723577235772,0.868113522537563,0.766961651917404,2,"EngineeredOnly_Selected"
"ocean",260,612,10,46,0.962962962962963,0.849673202614379,0.983922829581994,0.902777777777778,0.822784810126582,2,"EngineeredOnly_Selected"
"confounding_marine",277,524,95,32,0.744623655913978,0.896440129449838,0.846526655896607,0.813509544787078,0.685643564356436,2,"EngineeredOnly_Selected"
"target",312,579,36,0,0.896551724137931,1,0.941463414634146,0.945454545454545,0.896551724137931,3,"Raw64"
"ocean",304,471,150,2,0.669603524229075,0.993464052287582,0.758454106280193,0.8,0.666666666666667,3,"Raw64"
"confounding_marine",123,616,2,186,0.984,0.398058252427184,0.996763754045307,0.566820276497696,0.395498392282958,3,"Raw64"
"target",312,598,17,0,0.948328267477204,1,0.972357723577236,0.973478939157566,0.948328267477204,3,"Raw64_ClassSimilarity"
"ocean",299,472,149,7,0.667410714285714,0.977124183006536,0.760064412238325,0.793103448275862,0.657142857142857,3,"Raw64_ClassSimilarity"
"confounding_marine",143,611,7,166,0.953333333333333,0.462783171521036,0.988673139158576,0.623093681917211,0.45253164556962,3,"Raw64_ClassSimilarity"
"target",312,587,28,0,0.917647058823529,1,0.954471544715447,0.957055214723926,0.917647058823529,3,"Raw64_ClassSimilarity_Margins"
"ocean",306,467,154,0,0.665217391304348,1,0.752012882447665,0.798955613577024,0.665217391304348,3,"Raw64_ClassSimilarity_Margins"
"confounding_marine",127,618,0,182,1,0.411003236245955,1,0.582568807339449,0.411003236245955,3,"Raw64_ClassSimilarity_Margins"
"target",309,601,14,3,0.956656346749226,0.990384615384615,0.977235772357724,0.973228346456693,0.947852760736196,3,"Raw64_ClassSimilarity_Margins_AllPrototypes"
"ocean",306,468,153,0,0.666666666666667,1,0.753623188405797,0.8,0.666666666666667,3,"Raw64_ClassSimilarity_Margins_AllPrototypes"
"confounding_marine",142,615,3,167,0.979310344827586,0.459546925566343,0.995145631067961,0.625550660792952,0.455128205128205,3,"Raw64_ClassSimilarity_Margins_AllPrototypes"
"target",312,603,12,0,0.962962962962963,1,0.980487804878049,0.981132075471698,0.962962962962963,3,"CRRF_Selected"
"ocean",306,468,153,0,0.666666666666667,1,0.753623188405797,0.8,0.666666666666667,3,"CRRF_Selected"
"confounding_marine",144,618,0,165,1,0.466019417475728,1,0.635761589403974,0.466019417475728,3,"CRRF_Selected"
"target",296,607,8,16,0.973684210526316,0.948717948717949,0.986991869918699,0.961038961038961,0.925,3,"EngineeredOnly_Selected"
"ocean",306,472,149,0,0.672527472527473,1,0.760064412238325,0.804204993429698,0.672527472527473,3,"EngineeredOnly_Selected"
"confounding_marine",152,602,16,157,0.904761904761905,0.491909385113269,0.97411003236246,0.637316561844864,0.467692307692308,3,"EngineeredOnly_Selected"
"target",290,603,26,23,0.917721518987342,0.926517571884984,0.958664546899841,0.922098569157393,0.855457227138643,4,"Raw64"
"ocean",190,619,7,126,0.964467005076142,0.60126582278481,0.988817891373802,0.740740740740741,0.588235294117647,4,"Raw64"
"confounding_marine",280,480,149,33,0.652680652680653,0.894568690095847,0.763116057233704,0.754716981132076,0.606060606060606,4,"Raw64"
"target",289,599,30,24,0.905956112852665,0.92332268370607,0.952305246422893,0.914556962025316,0.842565597667638,4,"Raw64_ClassSimilarity"
"ocean",191,589,37,125,0.837719298245614,0.604430379746835,0.940894568690096,0.702205882352941,0.541076487252125,4,"Raw64_ClassSimilarity"
"confounding_marine",246,480,149,67,0.622784810126582,0.78594249201278,0.763116057233704,0.694915254237288,0.532467532467532,4,"Raw64_ClassSimilarity"
"target",290,605,24,23,0.923566878980892,0.926517571884984,0.961844197138315,0.925039872408293,0.86053412462908,4,"Raw64_ClassSimilarity_Margins"
"ocean",204,619,7,112,0.966824644549763,0.645569620253165,0.988817891373802,0.774193548387097,0.631578947368421,4,"Raw64_ClassSimilarity_Margins"
"confounding_marine",282,494,135,31,0.676258992805755,0.900958466453674,0.785373608903021,0.772602739726027,0.629464285714286,4,"Raw64_ClassSimilarity_Margins"
"target",291,594,35,22,0.892638036809816,0.929712460063898,0.944356120826709,0.910798122065728,0.836206896551724,4,"Raw64_ClassSimilarity_Margins_AllPrototypes"
"ocean",223,621,5,93,0.978070175438597,0.705696202531646,0.992012779552716,0.819852941176471,0.694704049844237,4,"Raw64_ClassSimilarity_Margins_AllPrototypes"
"confounding_marine",273,514,115,40,0.70360824742268,0.87220447284345,0.817170111287758,0.778887303851641,0.63785046728972,4,"Raw64_ClassSimilarity_Margins_AllPrototypes"
"target",291,600,29,22,0.909375,0.929712460063898,0.95389507154213,0.919431279620853,0.850877192982456,4,"CRRF_Selected"
"ocean",232,621,5,84,0.978902953586498,0.734177215189873,0.992012779552716,0.839059674502713,0.722741433021807,4,"CRRF_Selected"
"confounding_marine",279,523,106,34,0.724675324675325,0.891373801916933,0.83147853736089,0.799426934097421,0.665871121718377,4,"CRRF_Selected"
"target",280,586,43,33,0.86687306501548,0.894568690095847,0.931637519872814,0.880503144654088,0.786516853932584,4,"EngineeredOnly_Selected"
"ocean",85,625,1,231,0.988372093023256,0.268987341772152,0.998402555910543,0.422885572139303,0.26813880126183,4,"EngineeredOnly_Selected"
"confounding_marine",269,365,264,44,0.5046904315197,0.859424920127795,0.580286168521463,0.635933806146572,0.466204506065858,4,"EngineeredOnly_Selected"
"target",305,595,22,7,0.932721712538226,0.977564102564103,0.964343598055105,0.954616588419405,0.913173652694611,5,"Raw64"
"ocean",238,620,0,71,1,0.770226537216828,1,0.870201096892139,0.770226537216828,5,"Raw64"
"confounding_marine",286,543,78,22,0.785714285714286,0.928571428571429,0.8743961352657,0.851190476190476,0.740932642487047,5,"Raw64"
"target",306,584,33,6,0.902654867256637,0.980769230769231,0.946515397082658,0.940092165898617,0.88695652173913,5,"Raw64_ClassSimilarity"
"ocean",240,620,0,69,1,0.776699029126214,1,0.87431693989071,0.776699029126214,5,"Raw64_ClassSimilarity"
"confounding_marine",275,546,75,33,0.785714285714286,0.892857142857143,0.879227053140097,0.835866261398176,0.718015665796345,5,"Raw64_ClassSimilarity"
"target",307,586,31,5,0.908284023668639,0.983974358974359,0.949756888168558,0.944615384615385,0.895043731778426,5,"Raw64_ClassSimilarity_Margins"
"ocean",285,620,0,24,1,0.922330097087379,1,0.95959595959596,0.922330097087379,5,"Raw64_ClassSimilarity_Margins"
"confounding_marine",277,592,29,31,0.905228758169935,0.899350649350649,0.953301127214171,0.90228013029316,0.821958456973294,5,"Raw64_ClassSimilarity_Margins"
"target",312,589,28,0,0.917647058823529,1,0.954619124797407,0.957055214723926,0.917647058823529,5,"Raw64_ClassSimilarity_Margins_AllPrototypes"
"ocean",291,620,0,18,1,0.941747572815534,1,0.97,0.941747572815534,5,"Raw64_ClassSimilarity_Margins_AllPrototypes"
"confounding_marine",280,603,18,28,0.939597315436242,0.909090909090909,0.971014492753623,0.924092409240924,0.858895705521472,5,"Raw64_ClassSimilarity_Margins_AllPrototypes"
"target",306,593,24,6,0.927272727272727,0.980769230769231,0.961102106969206,0.953271028037383,0.910714285714286,5,"CRRF_Selected"
"ocean",302,620,0,7,1,0.977346278317152,1,0.988543371522095,0.977346278317152,5,"CRRF_Selected"
"confounding_marine",284,608,13,24,0.956228956228956,0.922077922077922,0.979066022544283,0.938842975206612,0.884735202492212,5,"CRRF_Selected"
"target",293,599,18,19,0.942122186495177,0.939102564102564,0.970826580226904,0.940609951845907,0.887878787878788,5,"EngineeredOnly_Selected"
"ocean",309,620,0,0,1,1,1,1,1,5,"EngineeredOnly_Selected"
"confounding_marine",290,602,19,18,0.938511326860841,0.941558441558442,0.969404186795491,0.940032414910859,0.886850152905199,5,"EngineeredOnly_Selected"
