"band","proto_1_raw","proto_1_normalised","proto_2_raw","proto_2_normalised","proto_3_raw","proto_3_normalised","proto_4_raw","proto_4_normalised","proto_5_raw","proto_5_normalised"
"A00",-0.0031039507097956,-0.00315948296769833,0.113290337952359,0.116575836261142,0.00918355685219109,0.00946263155399675,0.0102711626749893,0.0105639910874649,0.0229721600289481,0.0235984280405931
"A01",-0.112812269656208,-0.114830574919036,-0.0797214505796796,-0.0820334278920205,-0.103759549494538,-0.106912648647811,-0.0870089482928887,-0.089489552778087,-0.0840775525896632,-0.086369678433204
"A02",-0.130379643302307,-0.132712243479971,-0.0835431659545895,-0.0859659756611827,-0.143289443728279,-0.147643797866222,-0.128230982050644,-0.131886816944147,-0.103208785244201,-0.106022467572625
"A03",-0.210977747412191,-0.214752314657752,-0.229390429466457,-0.236042910884422,-0.155393626885587,-0.160115809236453,-0.209811068141211,-0.215792731945759,-0.215730084421311,-0.221611327232274
"A04",-0.0696128142777031,-0.0708582453805891,-0.108427202971771,-0.111571666996053,-0.107250454199365,-0.110509636780357,-0.131686787133154,-0.135441146210156,-0.143440241148362,-0.147350715152577
"A05",-0.0609196364945378,-0.062009539421952,-0.104291848747232,-0.107316384633275,-0.0866936547783281,-0.0893281466473399,-0.158167823838493,-0.162677150993065,-0.143870715529579,-0.147792925144832
"A06",0.0749007363654841,0.0762407727893314,0.163577388978237,0.168321246614792,0.0766539566230183,0.0789833569230436,0.0758681351817928,0.0780311177267844,0.026288660793037,0.0270053433907082
"A07",0.163150576578827,0.166069475988847,0.0179974116130849,0.0185193490217466,0.125563772606313,0.12937946983144,0.0918056554417226,0.0944230129103902,0.0819614950940006,0.0841959328873683
"A08",0.0145143587596147,0.0147740327007595,0.0597126782223522,0.0614443872706116,0.0935714921108774,0.0964149912777742,0.0366255512585658,0.0376697370406882,0.0658605126018112,0.0676560047201441
"A09",0.104921918811236,0.10679905913975,0.0909600316238066,0.0935979355745616,0.124940181378203,0.128736928588773,0.186564745082962,0.191883661729039,0.134968644897405,0.138648165881405
"A10",0.189238729836883,0.192624367990648,0.238430939346189,0.245345601815577,0.264873570497019,0.272922686312643,0.265397893721117,0.272964324742793,0.264300026815801,0.271505385478769
"A11",-0.0910595385900082,-0.0926886694152903,-0.144701875226755,-0.148898329884125,-0.13342681170892,-0.137481455055704,-0.119174314554733,-0.122571946005349,-0.0884559590849024,-0.0908674492340415
"A12",0.0527362087585127,0.0536797033624535,-0.058360652186862,-0.0600531515431624,0.0628647503599672,0.0647751170885849,0.0732894588054366,0.0753789238983664,0.0660482878272417,0.0678488990818212
"A13",0.119663529705625,0.121804409704845,0.0373715418230258,0.0384553424336993,0.0482990101846197,0.0497667456254436,0.0402784449419907,0.0414267738568925,0.0507732320148361,0.0521574140429367
"A14",0.0857751428284565,0.0873097314216843,0.0870399792062641,0.0895641989203846,0.149122976833948,0.153654603409807,0.0978211999909533,0.100610059208378,0.113202485146307,0.116288616149945
"A15",-0.047509801472731,-0.0483597913066433,-0.181539711162013,-0.186804488589463,-0.0631578502989047,-0.0650771239009021,-0.124036396257849,-0.127572644504976,-0.0792205971200476,-0.0813803124353328
"A16",0.0872961648753419,0.0888579658171154,0.175978686420716,0.181082190276979,0.1430067168736,0.147352479360843,0.203773812485394,0.209583355562684,0.203048988915058,0.208584519156626
"A17",-0.0414370758919279,-0.0421784196181358,-0.0145161936633256,-0.0149371733390229,-0.0148807924553905,-0.0153329977157226,0.0629827140390951,0.0647783362825616,0.055186143661617,0.0566906306762367
"A18",-0.0265167978019233,-0.0269912053528048,-0.131559800943299,-0.135375126339229,-0.082792168924471,-0.0853081004122723,-0.10844999283835,-0.111541876419668,-0.0847657171288354,-0.0870766037435483
"A19",0.0942892616019806,0.0959761748561812,0.272348988200638,0.280247297591403,0.13122434056283,0.135212054070966,0.237774611574733,0.244553509372154,0.187541831034605,0.192654604473163
"A20",0.0142545860607263,0.0145096124523899,0.00392828327133118,0.00404220620842938,-0.00301181295278588,-0.00310333749117785,-0.0169043882066475,-0.0173863283062312,0.024206333052252,0.0248662471417737
"A21",0.141685437007325,0.144220307230657,0.155740316562969,0.160256893668531,0.115781954150364,0.119300396388927,0.124706907599641,0.128262271966137,0.156607768828408,0.160877216536796
"A22",-0.110629081906273,-0.1126083281258,-0.154953187019077,-0.1594469368224,-0.0263300238972944,-0.0271301543571957,-0.0506482725346965,-0.0520922427754836,-0.0204712473224584,-0.0210293353446719
"A23",0.237551750061833,0.241801748300545,0.15515332672699,0.159652880720535,0.1957311742844,0.201679155004361,0.175153749312104,0.180147341174407,0.228728058697527,0.234963652840499
"A24",-0.161005002975338,-0.163885516290398,-0.136544232716561,-0.140504110088036,-0.188984327294931,-0.194727281319678,-0.15614796722226,-0.160599708743629,-0.19648758234551,-0.201844235239856
"A25",-0.160650411282285,-0.163524580657254,-0.0654981020300968,-0.0673975923779753,-0.099077428741585,-0.102088245174341,-0.0599821184913798,-0.0616921944672501,-0.11529308378484,-0.118436208778196
"A26",-0.187063770181484,-0.190410496499396,-0.158044522420954,-0.162627923093171,-0.160124718245622,-0.164990671461282,-0.232110063248676,-0.238727466116438,-0.237708573625528,-0.244188994951509
"A27",-0.295448933163873,-0.300734760126836,-0.177303420677854,-0.182445342745591,-0.206347664171397,-0.212618264307464,-0.120905413453347,-0.124352398123102,-0.166287174616098,-0.170820502700077
"A28",-0.0333179056560804,-0.0339139906788977,-0.0115816776862637,-0.0119175543650595,-0.0357200774965888,-0.0368055577888415,-0.0562753088932614,-0.0578797046064085,-0.00741434289978968,-0.00761647303381514
"A29",-0.189537292124293,-0.192928271805515,-0.218521370437156,-0.22485864161121,-0.166526599874859,-0.171587096798957,-0.192113259606034,-0.197590363085559,-0.161110884953751,-0.165503096807021
"A30",-0.184257598131047,-0.187554119698758,-0.0339505390667728,-0.0349351282268217,-0.248837747171148,-0.25639955804764,-0.162386894934829,-0.167016506805976,-0.156475822162775,-0.160741672735508
"A31",0.183437923189758,0.186719780091534,0.043610528994807,0.044875264556968,0.149851987546268,0.154405767678797,0.0518293567330817,0.0533069994043187,0.0514405900768613,0.052842965649062
"A32",0.0483647396763126,0.0492300250652293,-0.00330490439755024,-0.00340074891531845,0.0196297351697311,0.0202262537710952,0.0354580968104274,0.0364689987430477,0.0533688723470936,0.0548238168332208
"A33",-0.137171347619852,-0.139625457032367,-0.125903038376356,-0.129554313737809,-0.190520267468771,-0.196309896442332,-0.211787261309753,-0.217825265912962,-0.230620672721223,-0.236907863388855
"A34",-0.00802709393986145,-0.00817070532179193,0.0435919012730748,0.0448560966183969,-0.0672791007983355,-0.0693236131038884,0.00430036712878154,0.004422969575966,-0.0284309525424933,-0.0292060383896894
"A35",-0.174307872768191,-0.177426385479908,-0.0927994108441499,-0.0954906580669515,-0.144768211321437,-0.149167503018078,-0.149218143851158,-0.153472317751343,-0.174334758124704,-0.179087479775336
"A36",0.092722397314115,0.0943812780639792,-0.00961666964493613,-0.00989555972881824,0.130132754370491,0.134087296189702,0.0836477071412955,0.0860324834382434,0.0832876818547487,0.0855582742084485
"A37",0.0410147003724682,0.0417484874495952,0.0908738242604416,0.0935092281379188,0.0207488220970818,0.0213793480940086,0.0890864599588391,0.0916262938090363,0.0922503626594811,0.0947652960015561
"A38",0.000541486983203419,0.000551174635364688,0.0276747296543583,0.0284773159924242,-0.0126850758757944,-0.0130705565587582,-0.0101805791136139,-0.0104708250102329,-0.0302378852348321,-0.0310622317585593
"A39",0.0603797167674364,0.0614599600822035,-0.00555366029317001,-0.00571472029025856,0.124884214970109,0.128679261444363,0.0838022178498465,0.0861913992104593,0.0482441465628928,0.0495593805549675
"A40",-0.0765009048455151,-0.0778695696133758,-0.182993973065614,-0.188300925096046,-0.100819141958975,-0.103882886478811,-0.112717672689991,-0.115931226811972,-0.144243552092117,-0.148175925993722
"A41",-0.21527829815578,-0.219129805828348,-0.137562259369365,-0.141551660219246,-0.209543780295663,-0.215911505670749,-0.247861953547278,-0.254928439072534,-0.237737392534869,-0.244218599523192
"A42",0.117365932260252,0.119465706331633,0.0494682976753253,0.0509029125885496,0.126405439838373,0.130246714085082,0.0508781690300112,0.0523286935653691,0.0638173423925511,0.0655571335170377
"A43",0.0400469197295504,0.0407633924066497,0.0999550552062858,0.102853821074322,0.0901462031948496,0.0928856129007429,0.106695132339748,0.109736985264345,0.0950185287494464,0.0976089279541517
"A44",0.108008237889886,0.109940595031767,0.124496428784162,0.128106911492687,0.0877406125849032,0.0904069199522427,0.129304596271419,0.132991039651793,0.111054507154649,0.114082079890183
"A45",0.0855686568370325,0.0870995512242624,0.0291411212372273,0.0299862339473793,0.0902316002140957,0.0929736050090231,0.0502753239704188,0.0517086615360679,0.0901257758005161,0.0925827885645499
"A46",-0.124906393180477,-0.127141072364624,-0.184258925332077,-0.189602561854826,-0.128941055853329,-0.132859383718223,-0.085355768143474,-0.0877892408545969,-0.0831813232790231,-0.0854490160806712
"A47",0.080293664612092,0.081730185004353,0.0261775806704897,0.0269367486505261,0.0691653134917942,0.0712671450096568,0.0472994549607618,0.0486479512065519,0.0786681269970502,0.080812780848155
"A48",-0.160624551556603,-0.163498258279588,-0.131223635546458,-0.135029211912923,-0.124232640537953,-0.128007886629492,-0.0491287363080567,-0.0505293849313185,-0.0240593953844514,-0.0247153036529735
"A49",0.0347781965290175,0.0354004073692046,0.0641525740370713,0.0660130431407254,-0.0526178317540011,-0.0542168097908066,0.0228687910381377,0.0235207748482316,0.0143233856403,0.0147138703937438
"A50",-0.03247237098911,-0.0330533286940084,-0.099261930676717,-0.102140595453073,-0.0248273740868897,-0.0255818412428548,-0.0511260374968904,-0.0525836287034671,-0.0562693728010236,-0.0578033908548854
"A51",0.0274183618745362,0.0279088991559699,0.0263188047933893,0.0270820683708556,0.0125441949174903,0.0129253944366238,0.0419155829959821,0.0431105863286225,0.0304979015827784,0.0313293366833316
"A52",-0.15226441569509,-0.154988552639374,-0.0462166772259857,-0.0475569928928646,-0.0725172671144583,-0.0747209595422893,0.00504023339439582,0.00518392925338377,-0.0563798668256231,-0.057916897172321
"A53",-0.0843579514983213,-0.0858671853608202,0.0114053641340546,0.0117361275976543,-0.0344287491236402,-0.0354749878577021,0.00547638540229626,0.00563251585161374,-0.0210725674352786,-0.0216470486721896
"A54",-0.0563236579757418,-0.0573313350277206,0.0403095234227356,0.041478527535769,-0.0377167755991285,-0.0388629325917633,0.00631539905466224,0.00649544958427073,0.00634209854645433,0.00651499710894647
"A55",-0.13494466851309,-0.137358940785784,-0.150819565605861,-0.155193437523675,-0.107007772274615,-0.110259580111064,-0.135183360849145,-0.139037406413721,-0.152508634364934,-0.156666331293828
"A56",0.000835739316333507,0.000850691387288636,-0.0584074380926079,-0.0601012942725968,-0.0693209097556747,-0.0714274696137265,-0.0736209150326796,-0.0757198298640567,-0.0938197655071253,-0.0963774839769212
"A57",-0.00303655869741427,-0.00309088525620576,0.0131420742834554,0.0135232035448966,0.0743890057368585,0.0766495775314002,0.0577570919178899,0.0594037329137246,0.00295090123708076,0.00303134883312652
"A58",-0.046420950295942,-0.0472514596773536,-0.062671453557949,-0.0644889691413187,-0.0160775568974225,-0.016566130058032,-0.0215079871241076,-0.0221211747372718,-0.000189842949867367,-0.000195018456506204
"A59",-0.0941744600925171,-0.0958593194523015,0.00691218437112487,0.00711264250790683,-0.0760769236568138,-0.078388788778959,-0.082153621156267,-0.0844958014160435,-0.0611366668928242,-0.0628033773269028
"A60",0.0462630492436765,0.0470907336440309,0.112608909899226,0.115874646322251,0.0872682753993562,0.0899202291386483,0.0771419740522121,0.0793412734413602,0.0729476381094537,0.0749363397472378
"A61",-0.170724341691216,-0.173778742053681,-0.16621169539343,-0.171031949741552,-0.144939246594447,-0.149343735799916,-0.154650865805761,-0.159059925320723,-0.159454896145309,-0.163801962360682
"A62",0.0918212250555275,0.0934639830847181,-0.0500786804641768,-0.0515309969012621,0.0963842865866069,0.0993132624149094,0.0323066090719255,0.0332276628363682,0.0641855265751053,0.0659353551525628
"A63",0.275984396006436,0.280921986222605,0.308883148951378,0.31784097432143,0.270646794973276,0.278871350536821,0.244015348546185,0.250972168274925,0.212325705368653,0.218114137851919
