"Metric","Value"
"Total_Pixels",4657
"Target_Pixels",1560
"Ocean_Pixels",1545
"Confounding_Pixels",1552
"Target_Sites",20
"Ocean_Sites",20
"Confounding_Sites",20
"K",5
"Selected_Prototype_Count",3
"Internal_CV_Folds",5
"Internal_CV_Raw64_Target_F1",0.914615618353084
"Internal_CV_CRRF_Target_F1",0.925115562403698
"Internal_CV_Target_F1_Difference",0.0104999440506138
"Internal_CV_Raw64_Target_IoU",0.842665173572228
"Internal_CV_CRRF_Target_IoU",0.860665137614679
"Internal_CV_Target_IoU_Difference",0.0179999640424504
"Bootstrap_Reps",500
