"Variable","Class_1","Class_2","Kernel_Density_Overlap"
"farm_sim","target","ocean",0.204832980577082
"farm_sim","target","confounding_marine",0.35915987903875
"farm_sim","ocean","confounding_marine",0.565314514747285
"ocean_sim","target","ocean",0.312588159983
"ocean_sim","target","confounding_marine",0.426839020587139
"ocean_sim","ocean","confounding_marine",0.742811719138689
"conf_sim","target","ocean",0.55244272668915
"conf_sim","target","confounding_marine",0.547205046499166
"conf_sim","ocean","confounding_marine",0.771094848530886
"margin_ocean","target","ocean",0.0425266549817611
"margin_ocean","target","confounding_marine",0.299213488282455
"margin_ocean","ocean","confounding_marine",0.495078596203904
"margin_conf","target","ocean",0.0382241054819457
"margin_conf","target","confounding_marine",0.273450385058738
"margin_conf","ocean","confounding_marine",0.553820971404935
"margin_best_noise","target","ocean",0.041945457985238
"margin_best_noise","target","confounding_marine",0.274472680376148
"margin_best_noise","ocean","confounding_marine",0.496175309171394
"proto_1","target","ocean",0.602234165086286
"proto_1","target","confounding_marine",0.707941944603467
"proto_1","ocean","confounding_marine",0.656608679771137
"proto_2","target","ocean",0.446432290398711
"proto_2","target","confounding_marine",0.655758120296843
"proto_2","ocean","confounding_marine",0.749760827717136
"proto_3","target","ocean",0.113348535091555
"proto_3","target","confounding_marine",0.330630074599966
"proto_3","ocean","confounding_marine",0.476346231453582
"proto_4","target","ocean",0.108044474630474
"proto_4","target","confounding_marine",0.270394121129269
"proto_4","ocean","confounding_marine",0.614782201742087
"proto_5","target","ocean",0.691406620927242
"proto_5","target","confounding_marine",0.74700151422948
"proto_5","ocean","confounding_marine",0.716918990474372
