"Prototype_1","Prototype_2","Cosine_Similarity"
"proto_1","proto_1",1
"proto_2","proto_1",0.80936111544574
"proto_3","proto_1",0.937347316922676
"proto_4","proto_1",0.864980810205822
"proto_5","proto_1",0.892497237179779
"proto_1","proto_2",0.80936111544574
"proto_2","proto_2",1
"proto_3","proto_2",0.818547060892309
"proto_4","proto_2",0.888955618809612
"proto_5","proto_2",0.863386490865521
"proto_1","proto_3",0.937347316922676
"proto_2","proto_3",0.818547060892309
"proto_3","proto_3",1
"proto_4","proto_3",0.927597955358669
"proto_5","proto_3",0.936080397339645
"proto_1","proto_4",0.864980810205822
"proto_2","proto_4",0.888955618809612
"proto_3","proto_4",0.927597955358669
"proto_4","proto_4",1
"proto_5","proto_4",0.973184207978649
"proto_1","proto_5",0.892497237179779
"proto_2","proto_5",0.863386490865521
"proto_3","proto_5",0.936080397339645
"proto_4","proto_5",0.973184207978649
"proto_5","proto_5",1
