"band","farm","ocean","conf","proto_1","proto_2","proto_3","proto_4","proto_5"
"A00",0.0102638234825351,0.0111256912793452,0.0091767251896057,0.00905481786044431,0.00727442276743449,0.0118072172297495,0.0181288050845279,0.00452712304211245
"A01",-0.0847777882002921,-0.0500925701365757,-0.0668366474885869,-0.0833602077521465,-0.0876501272552596,-0.104771926444498,-0.0693301938510431,-0.0803700557340277
"A02",-0.179392408851673,-0.152483532450432,-0.14259973763071,-0.177867251139084,-0.197463909128054,-0.175375518002482,-0.151803794901735,-0.190841524416465
"A03",-0.194087291766465,-0.173825626813318,-0.174887170309646,-0.195969022734853,-0.209727973374842,-0.198122524687952,-0.16709651184868,-0.196003483737864
"A04",-0.126570582932517,-0.0991127338107578,-0.121834828362134,-0.108395248841723,-0.127254218270717,-0.139276562914493,-0.119382437400838,-0.138537676530186
"A05",-0.07253282096034,-0.0503803504968848,-0.0605434481341461,-0.0592780097409201,-0.0743503197983162,-0.0859432679780445,-0.0649553910510343,-0.0802089481524579
"A06",0.0837117340587704,0.0902949737227892,0.101280082509408,0.0562228773778613,0.0423287441370708,0.0994860457906187,0.116357301801675,0.0964833481675753
"A07",0.133946673567485,0.149789156780227,0.146736277625944,0.136668544065018,0.117470260282497,0.130437542050495,0.147374064879057,0.126619878948373
"A08",0.0838958185573497,0.106584567906796,0.0985872970155135,0.0996752180221145,0.0897109359105192,0.0744269950951518,0.0932461085430988,0.0569127918574593
"A09",0.0869604184759755,0.0688018587643621,0.0755190082070294,0.0867926576286301,0.096764511244659,0.0894729070292896,0.0687205393008076,0.0923879572401193
"A10",0.252483136959308,0.203057045098961,0.241133939433896,0.235931617733889,0.241051587808222,0.268418721087868,0.24939460913653,0.259445658142767
"A11",-0.122384354680465,-0.114021190569551,-0.125079097770617,-0.120283559130714,-0.119698527545785,-0.115972813775305,-0.118843699162062,-0.129949918353495
"A12",0.0400045166768693,0.0265982920824355,0.0438046999507216,0.0316055978737559,0.0299714447710391,0.0543964873638962,0.0471657427557918,0.0368346237395021
"A13",0.0211296606138763,-0.00171394355459164,0.0225424696330339,0.00191659963645981,0.00307727980166139,0.0362481874468375,0.0343293260609209,0.0301341775239881
"A14",0.150566965660512,0.153594715553802,0.149842203824579,0.168133390148355,0.158782012406578,0.143045443763073,0.142887526564441,0.132055540138686
"A15",-0.011656666703434,-0.0211826614795302,-0.0137771604776989,-0.0336746652421398,-0.0330903938997372,0.00798780888959129,0.00779345809034578,-0.00529537088051964
"A16",0.100836885206821,0.0764394149303614,0.0898569329689881,0.111750501898148,0.12438137860483,0.102824855431809,0.0733221990547147,0.0929757283832173
"A17",-0.0162051697201692,-0.0634236828714915,-0.0499324951943687,-0.0334870496856985,-6.97961227864974e-05,-0.00689312490925306,-0.0432397630834787,0.0115794716605162
"A18",-0.0855005333727798,-0.0346748494968517,-0.0630212247094419,-0.0673997250819894,-0.0845040930639876,-0.105585301553117,-0.0715231444053925,-0.101084689309063
"A19",0.117903334611042,0.0721502297244344,0.100326462930222,0.0949732736619267,0.139534950248319,0.115691504903586,0.0856669042425458,0.156623360209559
"A20",0.0262339055496505,0.0489162919489202,0.0387940394722538,0.0348432100380754,0.032078089686039,0.0177490152277941,0.0262444903407341,0.01791136165572
"A21",0.101136167867983,0.153952638371085,0.127164101178151,0.136439681974782,0.13964954089767,0.0651132508219048,0.0830215565288886,0.075581178126803
"A22",-0.0146239516409986,-0.0454889256004112,-0.0322478473852906,-0.0294641484557955,-0.0155588058489213,-0.00923337030989885,-0.0166674023690758,0.00117789554300555
"A23",0.213233883975586,0.199448494094316,0.208139966752398,0.205488465946792,0.230241783075016,0.203310405509327,0.199673245671236,0.222101101754633
"A24",-0.170487105712497,-0.162614851251498,-0.181799238917755,-0.179351484386277,-0.179416402721865,-0.170995372011597,-0.163360332065657,-0.153760894830499
"A25",-0.135139794530178,-0.174561742055668,-0.148631485154609,-0.154188851878932,-0.150202297969718,-0.113308252382202,-0.141090729198243,-0.108734584137311
"A26",-0.131937702617297,-0.0655154583245291,-0.0897255705681865,-0.125204254563125,-0.154366626340449,-0.142012332818984,-0.0939112546367837,-0.147368182197758
"A27",-0.175981252121629,-0.248122872680777,-0.217867847347931,-0.201184221628402,-0.169718648153952,-0.148062471159436,-0.205204153644262,-0.138076981254798
"A28",0.0106723699769859,0.0228843471290195,0.0028650061594032,0.0226456309918033,0.0268876541370282,0.00656175856913349,0.00510465767656377,-0.00601637256298331
"A29",-0.125232431773491,-0.163449830904934,-0.141163251383494,-0.141169231019066,-0.14688437780442,-0.0856570238629625,-0.113169829924556,-0.129165740776685
"A30",-0.246954266704441,-0.240727350052777,-0.245225761187657,-0.229082125246464,-0.207337977035992,-0.270895273209982,-0.271104029575497,-0.242845060529909
"A31",0.195864463002804,0.277911104302764,0.226565689037021,0.240583809465766,0.190973390575497,0.157043204011442,0.213997400051331,0.153249151984321
"A32",0.0463366866147108,0.0781781547047513,0.0544721563801841,0.049957898026928,0.0625607650131596,0.0186556899371425,0.0392782312019725,0.0571901141214649
"A33",-0.168208523747618,-0.13831167163615,-0.146585697468476,-0.165832411335097,-0.178625206374755,-0.176031905369826,-0.154375780913882,-0.164038834455636
"A34",-0.0667030641715288,-0.0922226294464022,-0.0775414717782338,-0.0825660916073465,-0.061554971631811,-0.0701986665905907,-0.0734709916339298,-0.0404497692580765
"A35",-0.10660641657266,-0.0982452266444361,-0.10237483762206,-0.0972933510647623,-0.106385437990848,-0.118537260231606,-0.0953476391309518,-0.114539163587444
"A36",0.119744781049128,0.145385284050418,0.131762852859357,0.135146434623367,0.124655093996802,0.0950849837683359,0.119436612195799,0.113342804029472
"A37",0.0178442074131388,0.0107732564783987,0.00439199654271361,0.0204298736160737,0.0427480417403778,0.00774410187207074,-0.00955000057417792,0.0310282340918233
"A38",-0.0302483991235458,-0.0109911747913277,-0.0315516964691323,-0.0289510544147837,-0.0441106287344783,-0.0204072313080014,-0.0193913787781969,-0.0388647602870366
"A39",0.0719700620978788,0.0400356399949041,0.0697970443504166,0.0827394233446917,0.0610512936412547,0.0862471379622818,0.0737717746101182,0.051731644442075
"A40",-0.0991580714688521,-0.0814935575082904,-0.102917698184297,-0.0656726669101635,-0.0851679375303413,-0.110402569099054,-0.104601183188261,-0.128686762506086
"A41",-0.253916919032973,-0.200725158916567,-0.213867515256248,-0.245417678537155,-0.261569304007806,-0.257929448847758,-0.225234155439444,-0.272287561571674
"A42",0.145059867978664,0.1672649236047,0.148396314016944,0.159865466276988,0.144176652846915,0.134901822190149,0.146960041532846,0.129024183328609
"A43",0.105036185022047,0.0799435734490698,0.087302778130019,0.102546426152768,0.118111447052274,0.0994049667925044,0.0843217516079472,0.118722168076114
"A44",0.0540196382097375,0.0344653835302514,0.0522472082830802,0.0354415255166153,0.0538086437356858,0.0568589387906854,0.0449865240071095,0.0794120991928282
"A45",0.103141890975787,0.0824556428247637,0.0956032885936773,0.0869685572435656,0.0919780077346104,0.11263658926159,0.108568170170649,0.112380503014163
"A46",-0.190067104444193,-0.202366716737434,-0.19785091123678,-0.164078229956224,-0.160181580928423,-0.19367657545222,-0.21913008566001,-0.201613466951832
"A47",0.0618688713154607,0.0562253683049897,0.0673951943393853,0.0466082622027315,0.0495961352055679,0.0656326264330142,0.0789134893512906,0.0657742519030642
"A48",-0.166586126234764,-0.143431470117551,-0.163632751030212,-0.142435836640481,-0.125285342568232,-0.184922863794934,-0.19208125009965,-0.17704528484145
"A49",-0.0190357645998692,-0.025684036630969,-0.0428958807401739,-0.026548965421408,0.0112468118005033,-0.0429589433632304,-0.0507365765500288,0.0181036046350763
"A50",-0.0125584040784173,0.0312824942890596,-0.00659099245560169,0.00571336714606705,-0.0199283556553088,-0.00927496736110536,-0.00522843203449497,-0.0371126700825261
"A51",0.000540505127607952,0.00958892652954856,-0.000241494929388709,0.0221075001442862,0.013495132427428,-0.0084834483302382,-0.00732921019464031,-0.0182875207057224
"A52",-0.0881303634769654,-0.141028159605755,-0.117897241424695,-0.112432273398373,-0.0851379877015338,-0.0742359306735084,-0.10247181277522,-0.0560887899346437
"A53",-0.0683775474529855,-0.0896907311065722,-0.0773387408708384,-0.0630691600182987,-0.0495260786494873,-0.0802195607343481,-0.0903652509569037,-0.0543844889453403
"A54",-0.0726778912534918,-0.067299183809474,-0.0785414932057806,-0.0612599297635833,-0.0406226456282113,-0.0872708484428214,-0.0978421250891974,-0.0694013447254404
"A55",-0.0961706579278706,-0.116413204580567,-0.125944718092248,-0.10974081669904,-0.102200014523305,-0.0904843969072149,-0.101784281957228,-0.0717097086357533
"A56",-0.0829634873090455,-0.0806495646893381,-0.0709787721310573,-0.0876002551307793,-0.0858299589636372,-0.0828378248444702,-0.0774086339357137,-0.0777829214016724
"A57",0.0781717970817063,0.0557310863080723,0.0712676544347896,0.0571493997109114,0.0542271600391107,0.0926389831527583,0.091307102340128,0.0915380694923997
"A58",-0.00906428702871317,-0.00732021262279641,-0.00534019572899395,-0.00776654577186093,-0.0241450311181304,0.00636223373029554,8.27670478567304e-05,-0.0203591107770541
"A59",-0.0518947072573945,-0.031484869898787,-0.0407389339358888,-0.0351911574515611,-0.0364106579646814,-0.0555522743573061,-0.0626358445348495,-0.066216302143731
"A60",0.0776518616225303,0.0984454390944396,0.0765097082013216,0.101502583912311,0.0865289619246781,0.074348971247691,0.065229650950523,0.0558956418565145
"A61",-0.178114162341064,-0.164303958527778,-0.177470110720032,-0.18102365417461,-0.195475761361814,-0.17031548348538,-0.158488738871581,-0.18035704125136
"A62",0.0764929031500985,0.0468521168116194,0.0723820379399334,0.0718444002060992,0.066895937624742,0.0927703546308623,0.083592837266027,0.0659007847115105
"A63",0.343271398314148,0.344712921609788,0.347204129919519,0.330538808346848,0.324760057159102,0.336373027006018,0.358101602219266,0.347470496238417
