"site_key","Truth","Predicted","Votes","Fold","Variant"
"confounding_marine::Chile_confounding_marine_1","confounding_marine","confounding_marine",54,1,"Raw64"
"confounding_marine::Chile_confounding_marine_18","confounding_marine","confounding_marine",78,1,"Raw64"
"confounding_marine::Chile_confounding_marine_2","confounding_marine","confounding_marine",77,1,"Raw64"
"confounding_marine::Chile_confounding_marine_3","confounding_marine","ocean",52,1,"Raw64"
"ocean::Chile_ocean_0","ocean","ocean",78,1,"Raw64"
"ocean::Chile_ocean_12","ocean","ocean",79,1,"Raw64"
"ocean::Chile_ocean_17","ocean","ocean",78,1,"Raw64"
"ocean::Chile_ocean_2","ocean","ocean",79,1,"Raw64"
"target::Chile_target_11","target","target",77,1,"Raw64"
"target::Chile_target_2","target","target",49,1,"Raw64"
"target::Chile_target_7","target","target",78,1,"Raw64"
"target::Chile_target_8","target","confounding_marine",61,1,"Raw64"
"confounding_marine::Chile_confounding_marine_1","confounding_marine","confounding_marine",56,1,"Raw64_ClassSimilarity"
"confounding_marine::Chile_confounding_marine_18","confounding_marine","confounding_marine",78,1,"Raw64_ClassSimilarity"
"confounding_marine::Chile_confounding_marine_2","confounding_marine","confounding_marine",77,1,"Raw64_ClassSimilarity"
"confounding_marine::Chile_confounding_marine_3","confounding_marine","ocean",78,1,"Raw64_ClassSimilarity"
"ocean::Chile_ocean_0","ocean","ocean",78,1,"Raw64_ClassSimilarity"
"ocean::Chile_ocean_12","ocean","ocean",79,1,"Raw64_ClassSimilarity"
"ocean::Chile_ocean_17","ocean","ocean",78,1,"Raw64_ClassSimilarity"
"ocean::Chile_ocean_2","ocean","ocean",79,1,"Raw64_ClassSimilarity"
"target::Chile_target_11","target","target",77,1,"Raw64_ClassSimilarity"
"target::Chile_target_2","target","target",57,1,"Raw64_ClassSimilarity"
"target::Chile_target_7","target","target",78,1,"Raw64_ClassSimilarity"
"target::Chile_target_8","target","confounding_marine",51,1,"Raw64_ClassSimilarity"
"confounding_marine::Chile_confounding_marine_1","confounding_marine","confounding_marine",53,1,"Raw64_ClassSimilarity_Margins"
"confounding_marine::Chile_confounding_marine_18","confounding_marine","confounding_marine",78,1,"Raw64_ClassSimilarity_Margins"
"confounding_marine::Chile_confounding_marine_2","confounding_marine","confounding_marine",77,1,"Raw64_ClassSimilarity_Margins"
"confounding_marine::Chile_confounding_marine_3","confounding_marine","ocean",78,1,"Raw64_ClassSimilarity_Margins"
"ocean::Chile_ocean_0","ocean","ocean",78,1,"Raw64_ClassSimilarity_Margins"
"ocean::Chile_ocean_12","ocean","ocean",79,1,"Raw64_ClassSimilarity_Margins"
"ocean::Chile_ocean_17","ocean","ocean",78,1,"Raw64_ClassSimilarity_Margins"
"ocean::Chile_ocean_2","ocean","ocean",79,1,"Raw64_ClassSimilarity_Margins"
"target::Chile_target_11","target","target",77,1,"Raw64_ClassSimilarity_Margins"
"target::Chile_target_2","target","target",44,1,"Raw64_ClassSimilarity_Margins"
"target::Chile_target_7","target","target",78,1,"Raw64_ClassSimilarity_Margins"
"target::Chile_target_8","target","confounding_marine",60,1,"Raw64_ClassSimilarity_Margins"
"confounding_marine::Chile_confounding_marine_1","confounding_marine","confounding_marine",57,1,"Raw64_ClassSimilarity_Margins_AllPrototypes"
"confounding_marine::Chile_confounding_marine_18","confounding_marine","confounding_marine",78,1,"Raw64_ClassSimilarity_Margins_AllPrototypes"
"confounding_marine::Chile_confounding_marine_2","confounding_marine","confounding_marine",77,1,"Raw64_ClassSimilarity_Margins_AllPrototypes"
"confounding_marine::Chile_confounding_marine_3","confounding_marine","ocean",78,1,"Raw64_ClassSimilarity_Margins_AllPrototypes"
"ocean::Chile_ocean_0","ocean","ocean",78,1,"Raw64_ClassSimilarity_Margins_AllPrototypes"
"ocean::Chile_ocean_12","ocean","ocean",79,1,"Raw64_ClassSimilarity_Margins_AllPrototypes"
"ocean::Chile_ocean_17","ocean","ocean",78,1,"Raw64_ClassSimilarity_Margins_AllPrototypes"
"ocean::Chile_ocean_2","ocean","ocean",79,1,"Raw64_ClassSimilarity_Margins_AllPrototypes"
"target::Chile_target_11","target","target",77,1,"Raw64_ClassSimilarity_Margins_AllPrototypes"
"target::Chile_target_2","target","target",56,1,"Raw64_ClassSimilarity_Margins_AllPrototypes"
"target::Chile_target_7","target","target",78,1,"Raw64_ClassSimilarity_Margins_AllPrototypes"
"target::Chile_target_8","target","confounding_marine",56,1,"Raw64_ClassSimilarity_Margins_AllPrototypes"
"confounding_marine::Chile_confounding_marine_1","confounding_marine","confounding_marine",57,1,"CRRF_Selected"
"confounding_marine::Chile_confounding_marine_18","confounding_marine","confounding_marine",78,1,"CRRF_Selected"
"confounding_marine::Chile_confounding_marine_2","confounding_marine","confounding_marine",77,1,"CRRF_Selected"
"confounding_marine::Chile_confounding_marine_3","confounding_marine","ocean",78,1,"CRRF_Selected"
"ocean::Chile_ocean_0","ocean","ocean",78,1,"CRRF_Selected"
"ocean::Chile_ocean_12","ocean","ocean",79,1,"CRRF_Selected"
"ocean::Chile_ocean_17","ocean","ocean",78,1,"CRRF_Selected"
"ocean::Chile_ocean_2","ocean","ocean",79,1,"CRRF_Selected"
"target::Chile_target_11","target","target",77,1,"CRRF_Selected"
"target::Chile_target_2","target","target",55,1,"CRRF_Selected"
"target::Chile_target_7","target","target",78,1,"CRRF_Selected"
"target::Chile_target_8","target","target",42,1,"CRRF_Selected"
"confounding_marine::Chile_confounding_marine_1","confounding_marine","confounding_marine",43,1,"EngineeredOnly_Selected"
"confounding_marine::Chile_confounding_marine_18","confounding_marine","confounding_marine",78,1,"EngineeredOnly_Selected"
"confounding_marine::Chile_confounding_marine_2","confounding_marine","confounding_marine",77,1,"EngineeredOnly_Selected"
"confounding_marine::Chile_confounding_marine_3","confounding_marine","ocean",78,1,"EngineeredOnly_Selected"
"ocean::Chile_ocean_0","ocean","ocean",78,1,"EngineeredOnly_Selected"
"ocean::Chile_ocean_12","ocean","ocean",79,1,"EngineeredOnly_Selected"
"ocean::Chile_ocean_17","ocean","ocean",77,1,"EngineeredOnly_Selected"
"ocean::Chile_ocean_2","ocean","ocean",79,1,"EngineeredOnly_Selected"
"target::Chile_target_11","target","target",65,1,"EngineeredOnly_Selected"
"target::Chile_target_2","target","target",63,1,"EngineeredOnly_Selected"
"target::Chile_target_7","target","target",78,1,"EngineeredOnly_Selected"
"target::Chile_target_8","target","target",69,1,"EngineeredOnly_Selected"
"confounding_marine::Chile_confounding_marine_11","confounding_marine","confounding_marine",73,2,"Raw64"
"confounding_marine::Chile_confounding_marine_4","confounding_marine","confounding_marine",75,2,"Raw64"
"confounding_marine::Chile_confounding_marine_6","confounding_marine","confounding_marine",76,2,"Raw64"
"confounding_marine::Chile_confounding_marine_8","confounding_marine","target",43,2,"Raw64"
"ocean::Chile_ocean_1","ocean","ocean",79,2,"Raw64"
"ocean::Chile_ocean_5","ocean","ocean",78,2,"Raw64"
"ocean::Chile_ocean_6","ocean","ocean",79,2,"Raw64"
"ocean::Chile_ocean_9","ocean","ocean",77,2,"Raw64"
"target::Chile_target_12","target","target",74,2,"Raw64"
"target::Chile_target_18","target","target",80,2,"Raw64"
"target::Chile_target_19","target","target",44,2,"Raw64"
"target::Chile_target_3","target","target",73,2,"Raw64"
"confounding_marine::Chile_confounding_marine_11","confounding_marine","confounding_marine",75,2,"Raw64_ClassSimilarity"
"confounding_marine::Chile_confounding_marine_4","confounding_marine","confounding_marine",72,2,"Raw64_ClassSimilarity"
"confounding_marine::Chile_confounding_marine_6","confounding_marine","confounding_marine",76,2,"Raw64_ClassSimilarity"
"confounding_marine::Chile_confounding_marine_8","confounding_marine","target",43,2,"Raw64_ClassSimilarity"
"ocean::Chile_ocean_1","ocean","ocean",79,2,"Raw64_ClassSimilarity"
"ocean::Chile_ocean_5","ocean","ocean",78,2,"Raw64_ClassSimilarity"
"ocean::Chile_ocean_6","ocean","ocean",79,2,"Raw64_ClassSimilarity"
"ocean::Chile_ocean_9","ocean","ocean",77,2,"Raw64_ClassSimilarity"
"target::Chile_target_12","target","target",75,2,"Raw64_ClassSimilarity"
"target::Chile_target_18","target","target",80,2,"Raw64_ClassSimilarity"
"target::Chile_target_19","target","target",41,2,"Raw64_ClassSimilarity"
"target::Chile_target_3","target","target",73,2,"Raw64_ClassSimilarity"
"confounding_marine::Chile_confounding_marine_11","confounding_marine","confounding_marine",72,2,"Raw64_ClassSimilarity_Margins"
"confounding_marine::Chile_confounding_marine_4","confounding_marine","confounding_marine",66,2,"Raw64_ClassSimilarity_Margins"
"confounding_marine::Chile_confounding_marine_6","confounding_marine","confounding_marine",76,2,"Raw64_ClassSimilarity_Margins"
"confounding_marine::Chile_confounding_marine_8","confounding_marine","target",42,2,"Raw64_ClassSimilarity_Margins"
"ocean::Chile_ocean_1","ocean","ocean",79,2,"Raw64_ClassSimilarity_Margins"
"ocean::Chile_ocean_5","ocean","ocean",78,2,"Raw64_ClassSimilarity_Margins"
"ocean::Chile_ocean_6","ocean","ocean",79,2,"Raw64_ClassSimilarity_Margins"
"ocean::Chile_ocean_9","ocean","ocean",77,2,"Raw64_ClassSimilarity_Margins"
"target::Chile_target_12","target","target",75,2,"Raw64_ClassSimilarity_Margins"
"target::Chile_target_18","target","target",80,2,"Raw64_ClassSimilarity_Margins"
"target::Chile_target_19","target","confounding_marine",41,2,"Raw64_ClassSimilarity_Margins"
"target::Chile_target_3","target","target",73,2,"Raw64_ClassSimilarity_Margins"
"confounding_marine::Chile_confounding_marine_11","confounding_marine","confounding_marine",67,2,"Raw64_ClassSimilarity_Margins_AllPrototypes"
"confounding_marine::Chile_confounding_marine_4","confounding_marine","confounding_marine",66,2,"Raw64_ClassSimilarity_Margins_AllPrototypes"
"confounding_marine::Chile_confounding_marine_6","confounding_marine","confounding_marine",76,2,"Raw64_ClassSimilarity_Margins_AllPrototypes"
"confounding_marine::Chile_confounding_marine_8","confounding_marine","target",45,2,"Raw64_ClassSimilarity_Margins_AllPrototypes"
"ocean::Chile_ocean_1","ocean","ocean",79,2,"Raw64_ClassSimilarity_Margins_AllPrototypes"
"ocean::Chile_ocean_5","ocean","ocean",78,2,"Raw64_ClassSimilarity_Margins_AllPrototypes"
"ocean::Chile_ocean_6","ocean","ocean",79,2,"Raw64_ClassSimilarity_Margins_AllPrototypes"
"ocean::Chile_ocean_9","ocean","ocean",77,2,"Raw64_ClassSimilarity_Margins_AllPrototypes"
"target::Chile_target_12","target","target",74,2,"Raw64_ClassSimilarity_Margins_AllPrototypes"
"target::Chile_target_18","target","target",80,2,"Raw64_ClassSimilarity_Margins_AllPrototypes"
"target::Chile_target_19","target","confounding_marine",62,2,"Raw64_ClassSimilarity_Margins_AllPrototypes"
"target::Chile_target_3","target","target",73,2,"Raw64_ClassSimilarity_Margins_AllPrototypes"
"confounding_marine::Chile_confounding_marine_11","confounding_marine","confounding_marine",69,2,"CRRF_Selected"
"confounding_marine::Chile_confounding_marine_4","confounding_marine","confounding_marine",62,2,"CRRF_Selected"
"confounding_marine::Chile_confounding_marine_6","confounding_marine","confounding_marine",76,2,"CRRF_Selected"
"confounding_marine::Chile_confounding_marine_8","confounding_marine","target",43,2,"CRRF_Selected"
"ocean::Chile_ocean_1","ocean","ocean",79,2,"CRRF_Selected"
"ocean::Chile_ocean_5","ocean","ocean",78,2,"CRRF_Selected"
"ocean::Chile_ocean_6","ocean","ocean",79,2,"CRRF_Selected"
"ocean::Chile_ocean_9","ocean","ocean",77,2,"CRRF_Selected"
"target::Chile_target_12","target","target",75,2,"CRRF_Selected"
"target::Chile_target_18","target","target",80,2,"CRRF_Selected"
"target::Chile_target_19","target","confounding_marine",59,2,"CRRF_Selected"
"target::Chile_target_3","target","target",73,2,"CRRF_Selected"
"confounding_marine::Chile_confounding_marine_11","confounding_marine","confounding_marine",59,2,"EngineeredOnly_Selected"
"confounding_marine::Chile_confounding_marine_4","confounding_marine","confounding_marine",63,2,"EngineeredOnly_Selected"
"confounding_marine::Chile_confounding_marine_6","confounding_marine","confounding_marine",72,2,"EngineeredOnly_Selected"
"confounding_marine::Chile_confounding_marine_8","confounding_marine","target",48,2,"EngineeredOnly_Selected"
"ocean::Chile_ocean_1","ocean","ocean",79,2,"EngineeredOnly_Selected"
"ocean::Chile_ocean_5","ocean","ocean",78,2,"EngineeredOnly_Selected"
"ocean::Chile_ocean_6","ocean","ocean",79,2,"EngineeredOnly_Selected"
"ocean::Chile_ocean_9","ocean","ocean",77,2,"EngineeredOnly_Selected"
"target::Chile_target_12","target","target",77,2,"EngineeredOnly_Selected"
"target::Chile_target_18","target","target",76,2,"EngineeredOnly_Selected"
"target::Chile_target_19","target","confounding_marine",78,2,"EngineeredOnly_Selected"
"target::Chile_target_3","target","target",73,2,"EngineeredOnly_Selected"
"confounding_marine::Chile_confounding_marine_13","confounding_marine","confounding_marine",71,3,"Raw64"
"confounding_marine::Chile_confounding_marine_14","confounding_marine","confounding_marine",41,3,"Raw64"
"confounding_marine::Chile_confounding_marine_15","confounding_marine","confounding_marine",54,3,"Raw64"
"confounding_marine::Chile_confounding_marine_17","confounding_marine","confounding_marine",76,3,"Raw64"
"ocean::Chile_ocean_10","ocean","ocean",78,3,"Raw64"
"ocean::Chile_ocean_14","ocean","ocean",81,3,"Raw64"
"ocean::Chile_ocean_16","ocean","confounding_marine",77,3,"Raw64"
"ocean::Chile_ocean_3","ocean","ocean",77,3,"Raw64"
"target::Chile_target_13","target","target",68,3,"Raw64"
"target::Chile_target_15","target","target",45,3,"Raw64"
"target::Chile_target_17","target","confounding_marine",74,3,"Raw64"
"target::Chile_target_4","target","target",78,3,"Raw64"
"confounding_marine::Chile_confounding_marine_13","confounding_marine","confounding_marine",73,3,"Raw64_ClassSimilarity"
"confounding_marine::Chile_confounding_marine_14","confounding_marine","confounding_marine",44,3,"Raw64_ClassSimilarity"
"confounding_marine::Chile_confounding_marine_15","confounding_marine","confounding_marine",57,3,"Raw64_ClassSimilarity"
"confounding_marine::Chile_confounding_marine_17","confounding_marine","confounding_marine",76,3,"Raw64_ClassSimilarity"
"ocean::Chile_ocean_10","ocean","ocean",78,3,"Raw64_ClassSimilarity"
"ocean::Chile_ocean_14","ocean","ocean",81,3,"Raw64_ClassSimilarity"
"ocean::Chile_ocean_16","ocean","confounding_marine",77,3,"Raw64_ClassSimilarity"
"ocean::Chile_ocean_3","ocean","ocean",77,3,"Raw64_ClassSimilarity"
"target::Chile_target_13","target","target",68,3,"Raw64_ClassSimilarity"
"target::Chile_target_15","target","target",43,3,"Raw64_ClassSimilarity"
"target::Chile_target_17","target","confounding_marine",73,3,"Raw64_ClassSimilarity"
"target::Chile_target_4","target","target",78,3,"Raw64_ClassSimilarity"
"confounding_marine::Chile_confounding_marine_13","confounding_marine","confounding_marine",71,3,"Raw64_ClassSimilarity_Margins"
"confounding_marine::Chile_confounding_marine_14","confounding_marine","confounding_marine",46,3,"Raw64_ClassSimilarity_Margins"
"confounding_marine::Chile_confounding_marine_15","confounding_marine","confounding_marine",55,3,"Raw64_ClassSimilarity_Margins"
"confounding_marine::Chile_confounding_marine_17","confounding_marine","confounding_marine",76,3,"Raw64_ClassSimilarity_Margins"
"ocean::Chile_ocean_10","ocean","ocean",78,3,"Raw64_ClassSimilarity_Margins"
"ocean::Chile_ocean_14","ocean","ocean",81,3,"Raw64_ClassSimilarity_Margins"
"ocean::Chile_ocean_16","ocean","confounding_marine",77,3,"Raw64_ClassSimilarity_Margins"
"ocean::Chile_ocean_3","ocean","ocean",77,3,"Raw64_ClassSimilarity_Margins"
"target::Chile_target_13","target","target",67,3,"Raw64_ClassSimilarity_Margins"
"target::Chile_target_15","target","target",43,3,"Raw64_ClassSimilarity_Margins"
"target::Chile_target_17","target","confounding_marine",73,3,"Raw64_ClassSimilarity_Margins"
"target::Chile_target_4","target","target",78,3,"Raw64_ClassSimilarity_Margins"
"confounding_marine::Chile_confounding_marine_13","confounding_marine","confounding_marine",72,3,"Raw64_ClassSimilarity_Margins_AllPrototypes"
"confounding_marine::Chile_confounding_marine_14","confounding_marine","confounding_marine",49,3,"Raw64_ClassSimilarity_Margins_AllPrototypes"
"confounding_marine::Chile_confounding_marine_15","confounding_marine","confounding_marine",63,3,"Raw64_ClassSimilarity_Margins_AllPrototypes"
"confounding_marine::Chile_confounding_marine_17","confounding_marine","confounding_marine",76,3,"Raw64_ClassSimilarity_Margins_AllPrototypes"
"ocean::Chile_ocean_10","ocean","ocean",78,3,"Raw64_ClassSimilarity_Margins_AllPrototypes"
"ocean::Chile_ocean_14","ocean","ocean",81,3,"Raw64_ClassSimilarity_Margins_AllPrototypes"
"ocean::Chile_ocean_16","ocean","confounding_marine",77,3,"Raw64_ClassSimilarity_Margins_AllPrototypes"
"ocean::Chile_ocean_3","ocean","ocean",77,3,"Raw64_ClassSimilarity_Margins_AllPrototypes"
"target::Chile_target_13","target","target",68,3,"Raw64_ClassSimilarity_Margins_AllPrototypes"
"target::Chile_target_15","target","target",41,3,"Raw64_ClassSimilarity_Margins_AllPrototypes"
"target::Chile_target_17","target","confounding_marine",74,3,"Raw64_ClassSimilarity_Margins_AllPrototypes"
"target::Chile_target_4","target","target",78,3,"Raw64_ClassSimilarity_Margins_AllPrototypes"
"confounding_marine::Chile_confounding_marine_13","confounding_marine","confounding_marine",72,3,"CRRF_Selected"
"confounding_marine::Chile_confounding_marine_14","confounding_marine","confounding_marine",48,3,"CRRF_Selected"
"confounding_marine::Chile_confounding_marine_15","confounding_marine","confounding_marine",57,3,"CRRF_Selected"
"confounding_marine::Chile_confounding_marine_17","confounding_marine","confounding_marine",76,3,"CRRF_Selected"
"ocean::Chile_ocean_10","ocean","ocean",78,3,"CRRF_Selected"
"ocean::Chile_ocean_14","ocean","ocean",81,3,"CRRF_Selected"
"ocean::Chile_ocean_16","ocean","confounding_marine",77,3,"CRRF_Selected"
"ocean::Chile_ocean_3","ocean","ocean",77,3,"CRRF_Selected"
"target::Chile_target_13","target","target",68,3,"CRRF_Selected"
"target::Chile_target_15","target","target",44,3,"CRRF_Selected"
"target::Chile_target_17","target","confounding_marine",73,3,"CRRF_Selected"
"target::Chile_target_4","target","target",77,3,"CRRF_Selected"
"confounding_marine::Chile_confounding_marine_13","confounding_marine","confounding_marine",62,3,"EngineeredOnly_Selected"
"confounding_marine::Chile_confounding_marine_14","confounding_marine","confounding_marine",52,3,"EngineeredOnly_Selected"
"confounding_marine::Chile_confounding_marine_15","confounding_marine","confounding_marine",71,3,"EngineeredOnly_Selected"
"confounding_marine::Chile_confounding_marine_17","confounding_marine","confounding_marine",76,3,"EngineeredOnly_Selected"
"ocean::Chile_ocean_10","ocean","ocean",78,3,"EngineeredOnly_Selected"
"ocean::Chile_ocean_14","ocean","ocean",81,3,"EngineeredOnly_Selected"
"ocean::Chile_ocean_16","ocean","confounding_marine",77,3,"EngineeredOnly_Selected"
"ocean::Chile_ocean_3","ocean","ocean",77,3,"EngineeredOnly_Selected"
"target::Chile_target_13","target","target",69,3,"EngineeredOnly_Selected"
"target::Chile_target_15","target","confounding_marine",68,3,"EngineeredOnly_Selected"
"target::Chile_target_17","target","confounding_marine",74,3,"EngineeredOnly_Selected"
"target::Chile_target_4","target","target",78,3,"EngineeredOnly_Selected"
"confounding_marine::Chile_confounding_marine_12","confounding_marine","confounding_marine",66,4,"Raw64"
"confounding_marine::Chile_confounding_marine_16","confounding_marine","confounding_marine",53,4,"Raw64"
"confounding_marine::Chile_confounding_marine_5","confounding_marine","confounding_marine",78,4,"Raw64"
"confounding_marine::Chile_confounding_marine_7","confounding_marine","confounding_marine",74,4,"Raw64"
"ocean::Chile_ocean_11","ocean","confounding_marine",73,4,"Raw64"
"ocean::Chile_ocean_13","ocean","ocean",78,4,"Raw64"
"ocean::Chile_ocean_4","ocean","ocean",77,4,"Raw64"
"ocean::Chile_ocean_7","ocean","ocean",78,4,"Raw64"
"target::Chile_target_10","target","target",78,4,"Raw64"
"target::Chile_target_5","target","target",74,4,"Raw64"
"target::Chile_target_6","target","target",53,4,"Raw64"
"target::Chile_target_9","target","target",76,4,"Raw64"
"confounding_marine::Chile_confounding_marine_12","confounding_marine","confounding_marine",66,4,"Raw64_ClassSimilarity"
"confounding_marine::Chile_confounding_marine_16","confounding_marine","confounding_marine",56,4,"Raw64_ClassSimilarity"
"confounding_marine::Chile_confounding_marine_5","confounding_marine","confounding_marine",78,4,"Raw64_ClassSimilarity"
"confounding_marine::Chile_confounding_marine_7","confounding_marine","confounding_marine",74,4,"Raw64_ClassSimilarity"
"ocean::Chile_ocean_11","ocean","confounding_marine",76,4,"Raw64_ClassSimilarity"
"ocean::Chile_ocean_13","ocean","ocean",78,4,"Raw64_ClassSimilarity"
"ocean::Chile_ocean_4","ocean","ocean",77,4,"Raw64_ClassSimilarity"
"ocean::Chile_ocean_7","ocean","ocean",78,4,"Raw64_ClassSimilarity"
"target::Chile_target_10","target","target",78,4,"Raw64_ClassSimilarity"
"target::Chile_target_5","target","target",74,4,"Raw64_ClassSimilarity"
"target::Chile_target_6","target","target",57,4,"Raw64_ClassSimilarity"
"target::Chile_target_9","target","target",76,4,"Raw64_ClassSimilarity"
"confounding_marine::Chile_confounding_marine_12","confounding_marine","confounding_marine",67,4,"Raw64_ClassSimilarity_Margins"
"confounding_marine::Chile_confounding_marine_16","confounding_marine","confounding_marine",52,4,"Raw64_ClassSimilarity_Margins"
"confounding_marine::Chile_confounding_marine_5","confounding_marine","confounding_marine",78,4,"Raw64_ClassSimilarity_Margins"
"confounding_marine::Chile_confounding_marine_7","confounding_marine","confounding_marine",74,4,"Raw64_ClassSimilarity_Margins"
"ocean::Chile_ocean_11","ocean","confounding_marine",76,4,"Raw64_ClassSimilarity_Margins"
"ocean::Chile_ocean_13","ocean","ocean",78,4,"Raw64_ClassSimilarity_Margins"
"ocean::Chile_ocean_4","ocean","ocean",77,4,"Raw64_ClassSimilarity_Margins"
"ocean::Chile_ocean_7","ocean","ocean",78,4,"Raw64_ClassSimilarity_Margins"
"target::Chile_target_10","target","target",78,4,"Raw64_ClassSimilarity_Margins"
"target::Chile_target_5","target","target",74,4,"Raw64_ClassSimilarity_Margins"
"target::Chile_target_6","target","target",57,4,"Raw64_ClassSimilarity_Margins"
"target::Chile_target_9","target","target",76,4,"Raw64_ClassSimilarity_Margins"
"confounding_marine::Chile_confounding_marine_12","confounding_marine","confounding_marine",69,4,"Raw64_ClassSimilarity_Margins_AllPrototypes"
"confounding_marine::Chile_confounding_marine_16","confounding_marine","confounding_marine",55,4,"Raw64_ClassSimilarity_Margins_AllPrototypes"
"confounding_marine::Chile_confounding_marine_5","confounding_marine","confounding_marine",78,4,"Raw64_ClassSimilarity_Margins_AllPrototypes"
"confounding_marine::Chile_confounding_marine_7","confounding_marine","confounding_marine",74,4,"Raw64_ClassSimilarity_Margins_AllPrototypes"
"ocean::Chile_ocean_11","ocean","confounding_marine",76,4,"Raw64_ClassSimilarity_Margins_AllPrototypes"
"ocean::Chile_ocean_13","ocean","ocean",78,4,"Raw64_ClassSimilarity_Margins_AllPrototypes"
"ocean::Chile_ocean_4","ocean","ocean",77,4,"Raw64_ClassSimilarity_Margins_AllPrototypes"
"ocean::Chile_ocean_7","ocean","ocean",78,4,"Raw64_ClassSimilarity_Margins_AllPrototypes"
"target::Chile_target_10","target","target",78,4,"Raw64_ClassSimilarity_Margins_AllPrototypes"
"target::Chile_target_5","target","target",74,4,"Raw64_ClassSimilarity_Margins_AllPrototypes"
"target::Chile_target_6","target","target",51,4,"Raw64_ClassSimilarity_Margins_AllPrototypes"
"target::Chile_target_9","target","target",76,4,"Raw64_ClassSimilarity_Margins_AllPrototypes"
"confounding_marine::Chile_confounding_marine_12","confounding_marine","confounding_marine",69,4,"CRRF_Selected"
"confounding_marine::Chile_confounding_marine_16","confounding_marine","confounding_marine",56,4,"CRRF_Selected"
"confounding_marine::Chile_confounding_marine_5","confounding_marine","confounding_marine",78,4,"CRRF_Selected"
"confounding_marine::Chile_confounding_marine_7","confounding_marine","confounding_marine",74,4,"CRRF_Selected"
"ocean::Chile_ocean_11","ocean","confounding_marine",76,4,"CRRF_Selected"
"ocean::Chile_ocean_13","ocean","ocean",78,4,"CRRF_Selected"
"ocean::Chile_ocean_4","ocean","ocean",77,4,"CRRF_Selected"
"ocean::Chile_ocean_7","ocean","ocean",78,4,"CRRF_Selected"
"target::Chile_target_10","target","target",78,4,"CRRF_Selected"
"target::Chile_target_5","target","target",74,4,"CRRF_Selected"
"target::Chile_target_6","target","target",53,4,"CRRF_Selected"
"target::Chile_target_9","target","target",76,4,"CRRF_Selected"
"confounding_marine::Chile_confounding_marine_12","confounding_marine","confounding_marine",72,4,"EngineeredOnly_Selected"
"confounding_marine::Chile_confounding_marine_16","confounding_marine","confounding_marine",44,4,"EngineeredOnly_Selected"
"confounding_marine::Chile_confounding_marine_5","confounding_marine","confounding_marine",78,4,"EngineeredOnly_Selected"
"confounding_marine::Chile_confounding_marine_7","confounding_marine","confounding_marine",74,4,"EngineeredOnly_Selected"
"ocean::Chile_ocean_11","ocean","confounding_marine",76,4,"EngineeredOnly_Selected"
"ocean::Chile_ocean_13","ocean","ocean",78,4,"EngineeredOnly_Selected"
"ocean::Chile_ocean_4","ocean","ocean",77,4,"EngineeredOnly_Selected"
"ocean::Chile_ocean_7","ocean","ocean",78,4,"EngineeredOnly_Selected"
"target::Chile_target_10","target","target",78,4,"EngineeredOnly_Selected"
"target::Chile_target_5","target","target",74,4,"EngineeredOnly_Selected"
"target::Chile_target_6","target","confounding_marine",48,4,"EngineeredOnly_Selected"
"target::Chile_target_9","target","target",72,4,"EngineeredOnly_Selected"
"confounding_marine::Chile_confounding_marine_0","confounding_marine","confounding_marine",73,5,"Raw64"
"confounding_marine::Chile_confounding_marine_10","confounding_marine","confounding_marine",78,5,"Raw64"
"confounding_marine::Chile_confounding_marine_19","confounding_marine","confounding_marine",75,5,"Raw64"
"confounding_marine::Chile_confounding_marine_9","confounding_marine","confounding_marine",78,5,"Raw64"
"ocean::Chile_ocean_15","ocean","ocean",77,5,"Raw64"
"ocean::Chile_ocean_18","ocean","ocean",75,5,"Raw64"
"ocean::Chile_ocean_19","ocean","confounding_marine",79,5,"Raw64"
"ocean::Chile_ocean_8","ocean","ocean",80,5,"Raw64"
"target::Chile_target_0","target","target",72,5,"Raw64"
"target::Chile_target_1","target","confounding_marine",65,5,"Raw64"
"target::Chile_target_14","target","target",55,5,"Raw64"
"target::Chile_target_16","target","target",72,5,"Raw64"
"confounding_marine::Chile_confounding_marine_0","confounding_marine","confounding_marine",73,5,"Raw64_ClassSimilarity"
"confounding_marine::Chile_confounding_marine_10","confounding_marine","confounding_marine",78,5,"Raw64_ClassSimilarity"
"confounding_marine::Chile_confounding_marine_19","confounding_marine","confounding_marine",75,5,"Raw64_ClassSimilarity"
"confounding_marine::Chile_confounding_marine_9","confounding_marine","confounding_marine",78,5,"Raw64_ClassSimilarity"
"ocean::Chile_ocean_15","ocean","ocean",77,5,"Raw64_ClassSimilarity"
"ocean::Chile_ocean_18","ocean","ocean",75,5,"Raw64_ClassSimilarity"
"ocean::Chile_ocean_19","ocean","confounding_marine",79,5,"Raw64_ClassSimilarity"
"ocean::Chile_ocean_8","ocean","ocean",80,5,"Raw64_ClassSimilarity"
"target::Chile_target_0","target","target",72,5,"Raw64_ClassSimilarity"
"target::Chile_target_1","target","confounding_marine",60,5,"Raw64_ClassSimilarity"
"target::Chile_target_14","target","target",57,5,"Raw64_ClassSimilarity"
"target::Chile_target_16","target","target",72,5,"Raw64_ClassSimilarity"
"confounding_marine::Chile_confounding_marine_0","confounding_marine","confounding_marine",73,5,"Raw64_ClassSimilarity_Margins"
"confounding_marine::Chile_confounding_marine_10","confounding_marine","confounding_marine",78,5,"Raw64_ClassSimilarity_Margins"
"confounding_marine::Chile_confounding_marine_19","confounding_marine","confounding_marine",75,5,"Raw64_ClassSimilarity_Margins"
"confounding_marine::Chile_confounding_marine_9","confounding_marine","confounding_marine",78,5,"Raw64_ClassSimilarity_Margins"
"ocean::Chile_ocean_15","ocean","ocean",77,5,"Raw64_ClassSimilarity_Margins"
"ocean::Chile_ocean_18","ocean","ocean",75,5,"Raw64_ClassSimilarity_Margins"
"ocean::Chile_ocean_19","ocean","confounding_marine",54,5,"Raw64_ClassSimilarity_Margins"
"ocean::Chile_ocean_8","ocean","ocean",80,5,"Raw64_ClassSimilarity_Margins"
"target::Chile_target_0","target","target",72,5,"Raw64_ClassSimilarity_Margins"
"target::Chile_target_1","target","confounding_marine",63,5,"Raw64_ClassSimilarity_Margins"
"target::Chile_target_14","target","target",58,5,"Raw64_ClassSimilarity_Margins"
"target::Chile_target_16","target","target",67,5,"Raw64_ClassSimilarity_Margins"
"confounding_marine::Chile_confounding_marine_0","confounding_marine","confounding_marine",73,5,"Raw64_ClassSimilarity_Margins_AllPrototypes"
"confounding_marine::Chile_confounding_marine_10","confounding_marine","confounding_marine",78,5,"Raw64_ClassSimilarity_Margins_AllPrototypes"
"confounding_marine::Chile_confounding_marine_19","confounding_marine","confounding_marine",75,5,"Raw64_ClassSimilarity_Margins_AllPrototypes"
"confounding_marine::Chile_confounding_marine_9","confounding_marine","confounding_marine",78,5,"Raw64_ClassSimilarity_Margins_AllPrototypes"
"ocean::Chile_ocean_15","ocean","ocean",77,5,"Raw64_ClassSimilarity_Margins_AllPrototypes"
"ocean::Chile_ocean_18","ocean","ocean",75,5,"Raw64_ClassSimilarity_Margins_AllPrototypes"
"ocean::Chile_ocean_19","ocean","confounding_marine",50,5,"Raw64_ClassSimilarity_Margins_AllPrototypes"
"ocean::Chile_ocean_8","ocean","ocean",80,5,"Raw64_ClassSimilarity_Margins_AllPrototypes"
"target::Chile_target_0","target","target",72,5,"Raw64_ClassSimilarity_Margins_AllPrototypes"
"target::Chile_target_1","target","confounding_marine",65,5,"Raw64_ClassSimilarity_Margins_AllPrototypes"
"target::Chile_target_14","target","target",49,5,"Raw64_ClassSimilarity_Margins_AllPrototypes"
"target::Chile_target_16","target","target",68,5,"Raw64_ClassSimilarity_Margins_AllPrototypes"
"confounding_marine::Chile_confounding_marine_0","confounding_marine","confounding_marine",73,5,"CRRF_Selected"
"confounding_marine::Chile_confounding_marine_10","confounding_marine","confounding_marine",78,5,"CRRF_Selected"
"confounding_marine::Chile_confounding_marine_19","confounding_marine","confounding_marine",75,5,"CRRF_Selected"
"confounding_marine::Chile_confounding_marine_9","confounding_marine","confounding_marine",78,5,"CRRF_Selected"
"ocean::Chile_ocean_15","ocean","ocean",77,5,"CRRF_Selected"
"ocean::Chile_ocean_18","ocean","ocean",75,5,"CRRF_Selected"
"ocean::Chile_ocean_19","ocean","confounding_marine",63,5,"CRRF_Selected"
"ocean::Chile_ocean_8","ocean","ocean",80,5,"CRRF_Selected"
"target::Chile_target_0","target","target",72,5,"CRRF_Selected"
"target::Chile_target_1","target","confounding_marine",72,5,"CRRF_Selected"
"target::Chile_target_14","target","target",51,5,"CRRF_Selected"
"target::Chile_target_16","target","target",65,5,"CRRF_Selected"
"confounding_marine::Chile_confounding_marine_0","confounding_marine","confounding_marine",73,5,"EngineeredOnly_Selected"
"confounding_marine::Chile_confounding_marine_10","confounding_marine","confounding_marine",78,5,"EngineeredOnly_Selected"
"confounding_marine::Chile_confounding_marine_19","confounding_marine","confounding_marine",74,5,"EngineeredOnly_Selected"
"confounding_marine::Chile_confounding_marine_9","confounding_marine","confounding_marine",78,5,"EngineeredOnly_Selected"
"ocean::Chile_ocean_15","ocean","ocean",77,5,"EngineeredOnly_Selected"
"ocean::Chile_ocean_18","ocean","ocean",75,5,"EngineeredOnly_Selected"
"ocean::Chile_ocean_19","ocean","ocean",79,5,"EngineeredOnly_Selected"
"ocean::Chile_ocean_8","ocean","ocean",80,5,"EngineeredOnly_Selected"
"target::Chile_target_0","target","target",63,5,"EngineeredOnly_Selected"
"target::Chile_target_1","target","confounding_marine",76,5,"EngineeredOnly_Selected"
"target::Chile_target_14","target","target",45,5,"EngineeredOnly_Selected"
"target::Chile_target_16","target","confounding_marine",51,5,"EngineeredOnly_Selected"
