"Variant","Feature_Order","Feature"
"Raw64",1,"A00"
"Raw64",2,"A01"
"Raw64",3,"A02"
"Raw64",4,"A03"
"Raw64",5,"A04"
"Raw64",6,"A05"
"Raw64",7,"A06"
"Raw64",8,"A07"
"Raw64",9,"A08"
"Raw64",10,"A09"
"Raw64",11,"A10"
"Raw64",12,"A11"
"Raw64",13,"A12"
"Raw64",14,"A13"
"Raw64",15,"A14"
"Raw64",16,"A15"
"Raw64",17,"A16"
"Raw64",18,"A17"
"Raw64",19,"A18"
"Raw64",20,"A19"
"Raw64",21,"A20"
"Raw64",22,"A21"
"Raw64",23,"A22"
"Raw64",24,"A23"
"Raw64",25,"A24"
"Raw64",26,"A25"
"Raw64",27,"A26"
"Raw64",28,"A27"
"Raw64",29,"A28"
"Raw64",30,"A29"
"Raw64",31,"A30"
"Raw64",32,"A31"
"Raw64",33,"A32"
"Raw64",34,"A33"
"Raw64",35,"A34"
"Raw64",36,"A35"
"Raw64",37,"A36"
"Raw64",38,"A37"
"Raw64",39,"A38"
"Raw64",40,"A39"
"Raw64",41,"A40"
"Raw64",42,"A41"
"Raw64",43,"A42"
"Raw64",44,"A43"
"Raw64",45,"A44"
"Raw64",46,"A45"
"Raw64",47,"A46"
"Raw64",48,"A47"
"Raw64",49,"A48"
"Raw64",50,"A49"
"Raw64",51,"A50"
"Raw64",52,"A51"
"Raw64",53,"A52"
"Raw64",54,"A53"
"Raw64",55,"A54"
"Raw64",56,"A55"
"Raw64",57,"A56"
"Raw64",58,"A57"
"Raw64",59,"A58"
"Raw64",60,"A59"
"Raw64",61,"A60"
"Raw64",62,"A61"
"Raw64",63,"A62"
"Raw64",64,"A63"
"Raw64_ClassSimilarity",1,"A00"
"Raw64_ClassSimilarity",2,"A01"
"Raw64_ClassSimilarity",3,"A02"
"Raw64_ClassSimilarity",4,"A03"
"Raw64_ClassSimilarity",5,"A04"
"Raw64_ClassSimilarity",6,"A05"
"Raw64_ClassSimilarity",7,"A06"
"Raw64_ClassSimilarity",8,"A07"
"Raw64_ClassSimilarity",9,"A08"
"Raw64_ClassSimilarity",10,"A09"
"Raw64_ClassSimilarity",11,"A10"
"Raw64_ClassSimilarity",12,"A11"
"Raw64_ClassSimilarity",13,"A12"
"Raw64_ClassSimilarity",14,"A13"
"Raw64_ClassSimilarity",15,"A14"
"Raw64_ClassSimilarity",16,"A15"
"Raw64_ClassSimilarity",17,"A16"
"Raw64_ClassSimilarity",18,"A17"
"Raw64_ClassSimilarity",19,"A18"
"Raw64_ClassSimilarity",20,"A19"
"Raw64_ClassSimilarity",21,"A20"
"Raw64_ClassSimilarity",22,"A21"
"Raw64_ClassSimilarity",23,"A22"
"Raw64_ClassSimilarity",24,"A23"
"Raw64_ClassSimilarity",25,"A24"
"Raw64_ClassSimilarity",26,"A25"
"Raw64_ClassSimilarity",27,"A26"
"Raw64_ClassSimilarity",28,"A27"
"Raw64_ClassSimilarity",29,"A28"
"Raw64_ClassSimilarity",30,"A29"
"Raw64_ClassSimilarity",31,"A30"
"Raw64_ClassSimilarity",32,"A31"
"Raw64_ClassSimilarity",33,"A32"
"Raw64_ClassSimilarity",34,"A33"
"Raw64_ClassSimilarity",35,"A34"
"Raw64_ClassSimilarity",36,"A35"
"Raw64_ClassSimilarity",37,"A36"
"Raw64_ClassSimilarity",38,"A37"
"Raw64_ClassSimilarity",39,"A38"
"Raw64_ClassSimilarity",40,"A39"
"Raw64_ClassSimilarity",41,"A40"
"Raw64_ClassSimilarity",42,"A41"
"Raw64_ClassSimilarity",43,"A42"
"Raw64_ClassSimilarity",44,"A43"
"Raw64_ClassSimilarity",45,"A44"
"Raw64_ClassSimilarity",46,"A45"
"Raw64_ClassSimilarity",47,"A46"
"Raw64_ClassSimilarity",48,"A47"
"Raw64_ClassSimilarity",49,"A48"
"Raw64_ClassSimilarity",50,"A49"
"Raw64_ClassSimilarity",51,"A50"
"Raw64_ClassSimilarity",52,"A51"
"Raw64_ClassSimilarity",53,"A52"
"Raw64_ClassSimilarity",54,"A53"
"Raw64_ClassSimilarity",55,"A54"
"Raw64_ClassSimilarity",56,"A55"
"Raw64_ClassSimilarity",57,"A56"
"Raw64_ClassSimilarity",58,"A57"
"Raw64_ClassSimilarity",59,"A58"
"Raw64_ClassSimilarity",60,"A59"
"Raw64_ClassSimilarity",61,"A60"
"Raw64_ClassSimilarity",62,"A61"
"Raw64_ClassSimilarity",63,"A62"
"Raw64_ClassSimilarity",64,"A63"
"Raw64_ClassSimilarity",65,"farm_sim"
"Raw64_ClassSimilarity",66,"ocean_sim"
"Raw64_ClassSimilarity",67,"conf_sim"
"Raw64_ClassSimilarity_Margins",1,"A00"
"Raw64_ClassSimilarity_Margins",2,"A01"
"Raw64_ClassSimilarity_Margins",3,"A02"
"Raw64_ClassSimilarity_Margins",4,"A03"
"Raw64_ClassSimilarity_Margins",5,"A04"
"Raw64_ClassSimilarity_Margins",6,"A05"
"Raw64_ClassSimilarity_Margins",7,"A06"
"Raw64_ClassSimilarity_Margins",8,"A07"
"Raw64_ClassSimilarity_Margins",9,"A08"
"Raw64_ClassSimilarity_Margins",10,"A09"
"Raw64_ClassSimilarity_Margins",11,"A10"
"Raw64_ClassSimilarity_Margins",12,"A11"
"Raw64_ClassSimilarity_Margins",13,"A12"
"Raw64_ClassSimilarity_Margins",14,"A13"
"Raw64_ClassSimilarity_Margins",15,"A14"
"Raw64_ClassSimilarity_Margins",16,"A15"
"Raw64_ClassSimilarity_Margins",17,"A16"
"Raw64_ClassSimilarity_Margins",18,"A17"
"Raw64_ClassSimilarity_Margins",19,"A18"
"Raw64_ClassSimilarity_Margins",20,"A19"
"Raw64_ClassSimilarity_Margins",21,"A20"
"Raw64_ClassSimilarity_Margins",22,"A21"
"Raw64_ClassSimilarity_Margins",23,"A22"
"Raw64_ClassSimilarity_Margins",24,"A23"
"Raw64_ClassSimilarity_Margins",25,"A24"
"Raw64_ClassSimilarity_Margins",26,"A25"
"Raw64_ClassSimilarity_Margins",27,"A26"
"Raw64_ClassSimilarity_Margins",28,"A27"
"Raw64_ClassSimilarity_Margins",29,"A28"
"Raw64_ClassSimilarity_Margins",30,"A29"
"Raw64_ClassSimilarity_Margins",31,"A30"
"Raw64_ClassSimilarity_Margins",32,"A31"
"Raw64_ClassSimilarity_Margins",33,"A32"
"Raw64_ClassSimilarity_Margins",34,"A33"
"Raw64_ClassSimilarity_Margins",35,"A34"
"Raw64_ClassSimilarity_Margins",36,"A35"
"Raw64_ClassSimilarity_Margins",37,"A36"
"Raw64_ClassSimilarity_Margins",38,"A37"
"Raw64_ClassSimilarity_Margins",39,"A38"
"Raw64_ClassSimilarity_Margins",40,"A39"
"Raw64_ClassSimilarity_Margins",41,"A40"
"Raw64_ClassSimilarity_Margins",42,"A41"
"Raw64_ClassSimilarity_Margins",43,"A42"
"Raw64_ClassSimilarity_Margins",44,"A43"
"Raw64_ClassSimilarity_Margins",45,"A44"
"Raw64_ClassSimilarity_Margins",46,"A45"
"Raw64_ClassSimilarity_Margins",47,"A46"
"Raw64_ClassSimilarity_Margins",48,"A47"
"Raw64_ClassSimilarity_Margins",49,"A48"
"Raw64_ClassSimilarity_Margins",50,"A49"
"Raw64_ClassSimilarity_Margins",51,"A50"
"Raw64_ClassSimilarity_Margins",52,"A51"
"Raw64_ClassSimilarity_Margins",53,"A52"
"Raw64_ClassSimilarity_Margins",54,"A53"
"Raw64_ClassSimilarity_Margins",55,"A54"
"Raw64_ClassSimilarity_Margins",56,"A55"
"Raw64_ClassSimilarity_Margins",57,"A56"
"Raw64_ClassSimilarity_Margins",58,"A57"
"Raw64_ClassSimilarity_Margins",59,"A58"
"Raw64_ClassSimilarity_Margins",60,"A59"
"Raw64_ClassSimilarity_Margins",61,"A60"
"Raw64_ClassSimilarity_Margins",62,"A61"
"Raw64_ClassSimilarity_Margins",63,"A62"
"Raw64_ClassSimilarity_Margins",64,"A63"
"Raw64_ClassSimilarity_Margins",65,"farm_sim"
"Raw64_ClassSimilarity_Margins",66,"ocean_sim"
"Raw64_ClassSimilarity_Margins",67,"conf_sim"
"Raw64_ClassSimilarity_Margins",68,"margin_ocean"
"Raw64_ClassSimilarity_Margins",69,"margin_conf"
"Raw64_ClassSimilarity_Margins",70,"margin_best_noise"
"Raw64_ClassSimilarity_Margins_AllPrototypes",1,"A00"
"Raw64_ClassSimilarity_Margins_AllPrototypes",2,"A01"
"Raw64_ClassSimilarity_Margins_AllPrototypes",3,"A02"
"Raw64_ClassSimilarity_Margins_AllPrototypes",4,"A03"
"Raw64_ClassSimilarity_Margins_AllPrototypes",5,"A04"
"Raw64_ClassSimilarity_Margins_AllPrototypes",6,"A05"
"Raw64_ClassSimilarity_Margins_AllPrototypes",7,"A06"
"Raw64_ClassSimilarity_Margins_AllPrototypes",8,"A07"
"Raw64_ClassSimilarity_Margins_AllPrototypes",9,"A08"
"Raw64_ClassSimilarity_Margins_AllPrototypes",10,"A09"
"Raw64_ClassSimilarity_Margins_AllPrototypes",11,"A10"
"Raw64_ClassSimilarity_Margins_AllPrototypes",12,"A11"
"Raw64_ClassSimilarity_Margins_AllPrototypes",13,"A12"
"Raw64_ClassSimilarity_Margins_AllPrototypes",14,"A13"
"Raw64_ClassSimilarity_Margins_AllPrototypes",15,"A14"
"Raw64_ClassSimilarity_Margins_AllPrototypes",16,"A15"
"Raw64_ClassSimilarity_Margins_AllPrototypes",17,"A16"
"Raw64_ClassSimilarity_Margins_AllPrototypes",18,"A17"
"Raw64_ClassSimilarity_Margins_AllPrototypes",19,"A18"
"Raw64_ClassSimilarity_Margins_AllPrototypes",20,"A19"
"Raw64_ClassSimilarity_Margins_AllPrototypes",21,"A20"
"Raw64_ClassSimilarity_Margins_AllPrototypes",22,"A21"
"Raw64_ClassSimilarity_Margins_AllPrototypes",23,"A22"
"Raw64_ClassSimilarity_Margins_AllPrototypes",24,"A23"
"Raw64_ClassSimilarity_Margins_AllPrototypes",25,"A24"
"Raw64_ClassSimilarity_Margins_AllPrototypes",26,"A25"
"Raw64_ClassSimilarity_Margins_AllPrototypes",27,"A26"
"Raw64_ClassSimilarity_Margins_AllPrototypes",28,"A27"
"Raw64_ClassSimilarity_Margins_AllPrototypes",29,"A28"
"Raw64_ClassSimilarity_Margins_AllPrototypes",30,"A29"
"Raw64_ClassSimilarity_Margins_AllPrototypes",31,"A30"
"Raw64_ClassSimilarity_Margins_AllPrototypes",32,"A31"
"Raw64_ClassSimilarity_Margins_AllPrototypes",33,"A32"
"Raw64_ClassSimilarity_Margins_AllPrototypes",34,"A33"
"Raw64_ClassSimilarity_Margins_AllPrototypes",35,"A34"
"Raw64_ClassSimilarity_Margins_AllPrototypes",36,"A35"
"Raw64_ClassSimilarity_Margins_AllPrototypes",37,"A36"
"Raw64_ClassSimilarity_Margins_AllPrototypes",38,"A37"
"Raw64_ClassSimilarity_Margins_AllPrototypes",39,"A38"
"Raw64_ClassSimilarity_Margins_AllPrototypes",40,"A39"
"Raw64_ClassSimilarity_Margins_AllPrototypes",41,"A40"
"Raw64_ClassSimilarity_Margins_AllPrototypes",42,"A41"
"Raw64_ClassSimilarity_Margins_AllPrototypes",43,"A42"
"Raw64_ClassSimilarity_Margins_AllPrototypes",44,"A43"
"Raw64_ClassSimilarity_Margins_AllPrototypes",45,"A44"
"Raw64_ClassSimilarity_Margins_AllPrototypes",46,"A45"
"Raw64_ClassSimilarity_Margins_AllPrototypes",47,"A46"
"Raw64_ClassSimilarity_Margins_AllPrototypes",48,"A47"
"Raw64_ClassSimilarity_Margins_AllPrototypes",49,"A48"
"Raw64_ClassSimilarity_Margins_AllPrototypes",50,"A49"
"Raw64_ClassSimilarity_Margins_AllPrototypes",51,"A50"
"Raw64_ClassSimilarity_Margins_AllPrototypes",52,"A51"
"Raw64_ClassSimilarity_Margins_AllPrototypes",53,"A52"
"Raw64_ClassSimilarity_Margins_AllPrototypes",54,"A53"
"Raw64_ClassSimilarity_Margins_AllPrototypes",55,"A54"
"Raw64_ClassSimilarity_Margins_AllPrototypes",56,"A55"
"Raw64_ClassSimilarity_Margins_AllPrototypes",57,"A56"
"Raw64_ClassSimilarity_Margins_AllPrototypes",58,"A57"
"Raw64_ClassSimilarity_Margins_AllPrototypes",59,"A58"
"Raw64_ClassSimilarity_Margins_AllPrototypes",60,"A59"
"Raw64_ClassSimilarity_Margins_AllPrototypes",61,"A60"
"Raw64_ClassSimilarity_Margins_AllPrototypes",62,"A61"
"Raw64_ClassSimilarity_Margins_AllPrototypes",63,"A62"
"Raw64_ClassSimilarity_Margins_AllPrototypes",64,"A63"
"Raw64_ClassSimilarity_Margins_AllPrototypes",65,"farm_sim"
"Raw64_ClassSimilarity_Margins_AllPrototypes",66,"ocean_sim"
"Raw64_ClassSimilarity_Margins_AllPrototypes",67,"conf_sim"
"Raw64_ClassSimilarity_Margins_AllPrototypes",68,"margin_ocean"
"Raw64_ClassSimilarity_Margins_AllPrototypes",69,"margin_conf"
"Raw64_ClassSimilarity_Margins_AllPrototypes",70,"margin_best_noise"
"Raw64_ClassSimilarity_Margins_AllPrototypes",71,"proto_1"
"Raw64_ClassSimilarity_Margins_AllPrototypes",72,"proto_2"
"Raw64_ClassSimilarity_Margins_AllPrototypes",73,"proto_3"
"Raw64_ClassSimilarity_Margins_AllPrototypes",74,"proto_4"
"Raw64_ClassSimilarity_Margins_AllPrototypes",75,"proto_5"
"CRRF_Selected",1,"A00"
"CRRF_Selected",2,"A01"
"CRRF_Selected",3,"A02"
"CRRF_Selected",4,"A03"
"CRRF_Selected",5,"A04"
"CRRF_Selected",6,"A05"
"CRRF_Selected",7,"A06"
"CRRF_Selected",8,"A07"
"CRRF_Selected",9,"A08"
"CRRF_Selected",10,"A09"
"CRRF_Selected",11,"A10"
"CRRF_Selected",12,"A11"
"CRRF_Selected",13,"A12"
"CRRF_Selected",14,"A13"
"CRRF_Selected",15,"A14"
"CRRF_Selected",16,"A15"
"CRRF_Selected",17,"A16"
"CRRF_Selected",18,"A17"
"CRRF_Selected",19,"A18"
"CRRF_Selected",20,"A19"
"CRRF_Selected",21,"A20"
"CRRF_Selected",22,"A21"
"CRRF_Selected",23,"A22"
"CRRF_Selected",24,"A23"
"CRRF_Selected",25,"A24"
"CRRF_Selected",26,"A25"
"CRRF_Selected",27,"A26"
"CRRF_Selected",28,"A27"
"CRRF_Selected",29,"A28"
"CRRF_Selected",30,"A29"
"CRRF_Selected",31,"A30"
"CRRF_Selected",32,"A31"
"CRRF_Selected",33,"A32"
"CRRF_Selected",34,"A33"
"CRRF_Selected",35,"A34"
"CRRF_Selected",36,"A35"
"CRRF_Selected",37,"A36"
"CRRF_Selected",38,"A37"
"CRRF_Selected",39,"A38"
"CRRF_Selected",40,"A39"
"CRRF_Selected",41,"A40"
"CRRF_Selected",42,"A41"
"CRRF_Selected",43,"A42"
"CRRF_Selected",44,"A43"
"CRRF_Selected",45,"A44"
"CRRF_Selected",46,"A45"
"CRRF_Selected",47,"A46"
"CRRF_Selected",48,"A47"
"CRRF_Selected",49,"A48"
"CRRF_Selected",50,"A49"
"CRRF_Selected",51,"A50"
"CRRF_Selected",52,"A51"
"CRRF_Selected",53,"A52"
"CRRF_Selected",54,"A53"
"CRRF_Selected",55,"A54"
"CRRF_Selected",56,"A55"
"CRRF_Selected",57,"A56"
"CRRF_Selected",58,"A57"
"CRRF_Selected",59,"A58"
"CRRF_Selected",60,"A59"
"CRRF_Selected",61,"A60"
"CRRF_Selected",62,"A61"
"CRRF_Selected",63,"A62"
"CRRF_Selected",64,"A63"
"CRRF_Selected",65,"farm_sim"
"CRRF_Selected",66,"ocean_sim"
"CRRF_Selected",67,"conf_sim"
"CRRF_Selected",68,"margin_ocean"
"CRRF_Selected",69,"margin_conf"
"CRRF_Selected",70,"margin_best_noise"
"CRRF_Selected",71,"proto_3"
"CRRF_Selected",72,"proto_5"
"CRRF_Selected",73,"proto_4"
"EngineeredOnly_Selected",1,"farm_sim"
"EngineeredOnly_Selected",2,"ocean_sim"
"EngineeredOnly_Selected",3,"conf_sim"
"EngineeredOnly_Selected",4,"margin_ocean"
"EngineeredOnly_Selected",5,"margin_conf"
"EngineeredOnly_Selected",6,"margin_best_noise"
"EngineeredOnly_Selected",7,"proto_3"
"EngineeredOnly_Selected",8,"proto_5"
"EngineeredOnly_Selected",9,"proto_4"
