"Feature","MeanDecreaseGini","Fold"
"margin_best_noise",217.38858531201,1
"margin_ocean",170.345922051547,1
"proto_1",124.78728594976,1
"A18",122.140252582946,1
"A26",111.578645150896,1
"A02",106.773406915752,1
"A31",96.5813666126488,1
"margin_conf",93.1244128841419,1
"A34",77.2920091732551,1
"farm_sim",69.576523580661,1
"ocean_sim",65.6761025858806,1
"A52",58.0418504954857,1
"proto_3",52.4489000819797,1
"A35",44.0320056249215,1
"proto_2",40.0589937691345,1
"A36",39.0779994982847,1
"A50",38.4507835780512,1
"A07",34.9264019810701,1
"A22",33.5598029128315,1
"conf_sim",33.1172402901416,1
"A47",32.4065022737239,1
"A19",30.1556708795937,1
"proto_5",29.8102928107534,1
"A44",28.2920020292171,1
"A28",27.9497160838566,1
"A10",26.5290064710933,1
"A21",25.8514095910566,1
"A55",24.8296519309176,1
"A59",24.6069945198333,1
"A40",24.2973170286746,1
"A42",22.7029989883703,1
"A25",22.6736504630708,1
"A17",21.7843292818263,1
"A03",21.3527485640207,1
"A37",21.2854150737757,1
"A30",21.0068763388946,1
"A15",20.5449977203459,1
"A09",19.6762143615081,1
"A27",18.7204718682883,1
"A38",17.8563104439268,1
"A33",17.3448400836308,1
"A04",16.6260488466431,1
"A53",16.1623495854919,1
"A12",16.0508313299355,1
"A29",16.0208351040589,1
"A57",15.1471461616081,1
"A39",14.2695765186199,1
"A06",14.1001024930492,1
"A00",13.2915848556149,1
"A45",12.3358345152058,1
"A61",12.1037299011022,1
"A49",11.235371946023,1
"A08",11.114062023913,1
"proto_4",10.5316185498799,1
"A20",10.4916604497727,1
"A13",10.4110263463072,1
"A41",10.3275966372566,1
"A01",10.1040161657132,1
"A48",9.51546529706556,1
"A24",9.47765627627104,1
"A43",9.13781656000183,1
"A32",8.55304048572253,1
"A58",8.02877820549645,1
"A16",8.02355575722214,1
"A11",7.96016708014162,1
"A62",7.52179521120284,1
"A63",6.81881120471618,1
"A46",6.77115324929557,1
"A23",5.93217935635739,1
"A51",5.47521176482891,1
"A14",5.07125572012307,1
"A56",4.99665538177664,1
"A60",4.7511944904464,1
"A05",4.55360280489835,1
"A54",3.67662898567722,1
"margin_best_noise",163.50152207316,2
"margin_ocean",157.628896409577,2
"proto_2",145.935929752609,2
"A02",113.438812513534,2
"A31",107.192445912251,2
"A18",94.3781141833496,2
"ocean_sim",93.4186548460718,2
"margin_conf",76.2964762836241,2
"A26",74.8056567872197,2
"A19",73.4159438626898,2
"A47",67.6700479120878,2
"farm_sim",63.6508095473454,2
"A52",56.3355671107997,2
"A50",52.9582650422865,2
"A17",51.003291732503,2
"A33",44.4064747003043,2
"A07",42.1365815251686,2
"A15",40.7961689081796,2
"A53",39.6244365311826,2
"A09",35.3570178062991,2
"A44",34.8114243519767,2
"A03",34.3423723526693,2
"A22",33.6175711866234,2
"A10",33.075394338169,2
"proto_5",32.1119346535051,2
"A55",28.5662912011292,2
"proto_4",27.5668703168467,2
"proto_3",26.2620599267619,2
"A16",25.9843705220302,2
"A12",24.5201833375559,2
"A57",24.1565472638934,2
"A36",23.4641678178416,2
"A08",21.4011815448747,2
"A27",20.8462599573167,2
"A35",18.5071877767413,2
"A42",18.3589949259462,2
"A06",17.8380189076551,2
"A43",17.7067555474092,2
"conf_sim",17.703779826059,2
"A30",17.5982989016045,2
"A24",16.9792909892647,2
"A00",16.6405141990824,2
"A34",16.5047806153012,2
"A21",15.6811730482644,2
"A38",15.4330929961567,2
"A59",15.3360031380028,2
"A40",15.239502478597,2
"A28",15.0341299121351,2
"A49",14.6080119347215,2
"A56",13.9569715572667,2
"A37",13.8406431904634,2
"A25",13.5144427052624,2
"A45",13.067029209718,2
"A05",12.4462420902913,2
"A61",11.8044752028141,2
"A46",11.0094029339714,2
"A39",10.7675930243047,2
"proto_1",9.68595318989301,2
"A20",9.34239137773655,2
"A60",9.12859201545631,2
"A04",9.10776859492623,2
"A62",8.54489674555557,2
"A13",8.05485915325,2
"A29",7.97511818330117,2
"A41",7.65002527394664,2
"A58",7.61673104065099,2
"A48",7.39270096488733,2
"A51",7.31305872673942,2
"A14",7.01691283989948,2
"A23",6.97177006192205,2
"A32",6.11471243366661,2
"A54",5.83462061211078,2
"A01",5.82672085082616,2
"A63",5.7763909264917,2
"A11",3.58230746584931,2
"margin_best_noise",171.894114743008,3
"margin_ocean",139.776296307224,3
"A26",133.17069777389,3
"A50",129.306429171319,3
"A31",127.964693327963,3
"proto_5",96.7262657675349,3
"ocean_sim",90.5747033021804,3
"margin_conf",86.0829593557684,3
"proto_4",85.4754213101054,3
"farm_sim",83.3309156874981,3
"A18",74.8804008007844,3
"A53",67.9949065331929,3
"A09",64.2388766333687,3
"A02",59.9642959394425,3
"A47",44.0626092046057,3
"A17",39.5514435859523,3
"A33",36.9470816085693,3
"A44",36.7130055755812,3
"A52",36.1328440710057,3
"A37",35.0469775847232,3
"A03",34.4897048860571,3
"proto_3",34.2254676931413,3
"A35",33.3617763254754,3
"A34",33.1507172204606,3
"A08",32.1015804583466,3
"A19",31.3441920370962,3
"A10",31.254250089885,3
"A46",29.4566890965171,3
"proto_2",27.0365867017791,3
"A25",25.0949721853848,3
"A42",24.3592220753937,3
"A61",23.8987792698028,3
"proto_1",22.0406810713846,3
"A49",21.2553245961494,3
"A06",20.9837405050845,3
"A04",18.7266760887229,3
"A07",17.973886297485,3
"conf_sim",16.2348093754586,3
"A59",15.81289922437,3
"A45",15.4822128378247,3
"A36",15.0528426154709,3
"A28",14.8345447730617,3
"A40",14.7382139682738,3
"A00",14.0039621778988,3
"A22",13.9361942495645,3
"A15",13.4568193772137,3
"A16",13.2046273209688,3
"A39",12.6855052523979,3
"A27",12.0826336077085,3
"A13",11.7274869556719,3
"A30",11.6889553057263,3
"A48",11.5402045746769,3
"A24",10.8697505901582,3
"A55",10.865488351208,3
"A12",10.3572407980671,3
"A20",10.098725619715,3
"A23",8.87907882157705,3
"A14",8.74780484819386,3
"A56",7.87564166960525,3
"A41",7.63153080424786,3
"A57",7.45348703735701,3
"A01",7.37235637580178,3
"A29",7.15715987570636,3
"A38",6.83987489759595,3
"A43",6.73309960233062,3
"A21",6.62046884165227,3
"A32",6.02258138510369,3
"A63",5.98193395481627,3
"A62",5.46871650638474,3
"A58",5.31505878776201,3
"A60",5.12528238924124,3
"A54",5.03687160270075,3
"A51",4.56110719094665,3
"A05",4.36359308391709,3
"A11",2.828456405663,3
"margin_best_noise",174.344643960543,4
"margin_ocean",174.018812351781,4
"A31",142.385185678801,4
"A26",112.956506356665,4
"proto_3",111.313714479436,4
"A50",101.759563602607,4
"A18",96.4689253573388,4
"ocean_sim",83.906194706261,4
"margin_conf",70.7298971395412,4
"proto_4",64.9392882694233,4
"farm_sim",63.821502432815,4
"A47",62.0145692387403,4
"A02",61.0745699699439,4
"A22",57.5382756511578,4
"A15",49.9094065011399,4
"A52",44.4807336919573,4
"A53",42.0901010488824,4
"A09",40.042611972139,4
"A42",39.7273441521758,4
"A17",35.9953869368865,4
"proto_5",33.3129473313195,4
"A44",32.0975181722028,4
"A33",30.9624137360531,4
"A06",29.5191776957949,4
"A16",28.6512631200358,4
"proto_1",28.4377278175281,4
"A10",27.9298463857163,4
"A08",27.0006280175551,4
"A59",23.0309114149878,4
"A27",22.8757365019957,4
"A45",21.8678512605199,4
"A19",21.6621336287888,4
"A46",19.8233478716039,4
"A57",19.3160613152762,4
"A12",19.1652924072894,4
"proto_2",19.1504019926138,4
"conf_sim",18.9926438912854,4
"A30",18.1619027401694,4
"A07",18.0993178177139,4
"A35",18.088439418162,4
"A55",17.2143912450109,4
"A34",17.1179952093124,4
"A37",16.9567620308752,4
"A21",16.2976827890278,4
"A00",15.9605277686151,4
"A36",14.0764331138826,4
"A01",13.9113124132999,4
"A03",13.6710906828474,4
"A05",13.4685665051332,4
"A40",12.661779879722,4
"A29",12.4071433894183,4
"A13",12.0919004207491,4
"A61",11.8878535081473,4
"A49",11.7580043018595,4
"A63",11.7466271176968,4
"A39",11.5900398744547,4
"A20",11.5172450481333,4
"A23",10.7066899747768,4
"A48",9.46996614391225,4
"A28",9.34781400378571,4
"A62",8.7766351515902,4
"A04",8.25852020303114,4
"A56",8.19346136403742,4
"A25",7.97148956147587,4
"A43",7.96236557125765,4
"A24",7.89776533541115,4
"A54",7.46378917992459,4
"A41",7.25827080216525,4
"A58",7.17578424443964,4
"A14",7.07280984096258,4
"A11",6.6256872578679,4
"A32",6.25444732115508,4
"A38",6.00698609758314,4
"A51",5.49696552287186,4
"A60",4.01883035376364,4
"margin_best_noise",158.054113582823,5
"A50",144.642169870932,5
"proto_1",129.107071579259,5
"margin_ocean",117.299513542985,5
"A26",112.233525541415,5
"A31",111.026673002221,5
"proto_5",85.0935951831284,5
"A18",79.0196756701048,5
"A52",76.1974526193907,5
"ocean_sim",73.3169201019115,5
"A02",72.7930007917559,5
"farm_sim",69.5549521098085,5
"margin_conf",56.904242352066,5
"A53",48.2440385343584,5
"A34",45.5195762196147,5
"A03",44.8950642053521,5
"A08",38.7210863674305,5
"A09",35.4983013948208,5
"A47",34.3467334764382,5
"A44",32.2705775213827,5
"A57",31.4690898787692,5
"A16",30.8509543691596,5
"A55",30.1193811994089,5
"A42",29.3638548160093,5
"A33",29.0515786271224,5
"A59",28.4690757485491,5
"A19",27.96679147814,5
"A49",27.5797732646657,5
"A07",26.8674672038483,5
"proto_4",25.6894905117717,5
"A06",25.6524030277227,5
"A17",25.5800458943112,5
"A22",24.8552173197613,5
"A36",24.2441013240289,5
"A27",23.9718528376561,5
"A21",22.3427137503642,5
"A29",19.718382685917,5
"A04",19.6307802293893,5
"proto_3",19.5897827248808,5
"A12",19.5171957339599,5
"A15",18.7090160168514,5
"A28",18.6783236177516,5
"A37",18.4669640619907,5
"proto_2",17.5405433081494,5
"conf_sim",17.0644808539432,5
"A10",16.5254968843877,5
"A30",14.9066202810645,5
"A45",14.7167590335907,5
"A35",13.2504997908772,5
"A13",12.9756858359879,5
"A39",12.6004751478851,5
"A61",12.0474836130763,5
"A48",12.031239335613,5
"A20",11.8920863409837,5
"A38",11.791106434468,5
"A14",11.5577229199345,5
"A41",11.3687816794702,5
"A25",10.902215686667,5
"A32",10.6142090474346,5
"A00",10.5867741020936,5
"A43",10.2901147378093,5
"A24",9.9581142305385,5
"A63",9.74418244713705,5
"A40",9.14655215919057,5
"A62",9.13229471946677,5
"A23",8.86744525734548,5
"A01",8.84602667832737,5
"A05",8.29553764647568,5
"A56",8.27282731762306,5
"A46",7.63791182274655,5
"A60",7.13342310456296,5
"A58",6.1335480060626,5
"A51",5.40788806075877,5
"A54",5.34399072144623,5
"A11",4.26503978841408,5
