"band","farm","ocean","conf","proto_3","proto_4","proto_1"
"A00",-0.100449812525308,-0.0646685474195736,-0.0758286822317709,-0.109251098777829,-0.099100043120384,-0.0871972041848905
"A01",-0.180802176145005,-0.152033456623708,-0.165607269894499,-0.201887983692814,-0.192538312731432,-0.191610972741624
"A02",-0.289616650498491,-0.24645314826884,-0.253568051163222,-0.275157312183948,-0.299559424171285,-0.268020515401536
"A03",-0.213844859333781,-0.200816018187564,-0.202489721762795,-0.206701175616465,-0.21957382362503,-0.202770951788262
"A04",-0.0614455861899843,-0.0467892526764861,-0.0516807092471031,-0.0423498998583927,-0.0726072896060748,-0.0543734124209178
"A05",-0.0717186443705025,-0.0378367606411893,-0.0534970881067461,-0.082859212696416,-0.0726091439189525,-0.0657621427653795
"A06",0.0207250111342473,0.0292128613507572,0.0274845569777462,0.00354231670697078,0.00599276835799745,0.0138293561496535
"A07",0.107734986257296,0.137896055009119,0.126643314312707,0.104628339769061,0.0977068978554038,0.115645347126767
"A08",0.152482402389811,0.159348910182047,0.161832948351065,0.147823021197084,0.136129558699378,0.155192334137613
"A09",0.0728224910841916,0.0598433281921273,0.0645928765049635,0.0782081532405748,0.0825043137279696,0.0659642737275816
"A10",0.0498461158526952,0.0467012886014963,0.0486829663961382,0.0500084769185768,0.0467461150578937,0.0590653842656062
"A11",-0.11113041064231,-0.10858759436529,-0.104969575605782,-0.120801913026081,-0.121116856210616,-0.112509655179071
"A12",0.0420553319264961,0.0267243369905803,0.0366373918029645,0.058677141898116,0.042883952196319,0.0489961046253654
"A13",-0.13620806432947,-0.127788298804506,-0.129590102117725,-0.145861826663956,-0.143857593048283,-0.134371376322613
"A14",0.0475308153516041,0.0547120639732157,0.0559223896788871,0.0623043599463052,0.0390957764185626,0.0549891683221223
"A15",-0.0853578409636099,-0.0542980124592945,-0.0655931022473474,-0.100608882814246,-0.107498597005848,-0.0769298325299214
"A16",0.061257154600787,0.0647990619286679,0.0715505996737774,0.0866258170586925,0.0599067298444572,0.0728673857255521
"A17",-0.0908643985141401,-0.112920819227558,-0.108205280504005,-0.09847259579549,-0.073883613159763,-0.116183077906323
"A18",0.0479921588249448,0.0786073935972618,0.0702116517504768,0.0389054445104587,0.0376458891795262,0.0489771950076482
"A19",0.0467170865275671,0.019077785381443,0.0271611807912119,0.0562554699971958,0.0580841257170124,0.0287125104128772
"A20",0.0307168127166341,0.0424791720690297,0.0402044829416374,0.0169477359540481,0.0245195791811994,0.0238738513394879
"A21",0.21519173590819,0.21713947817934,0.225437534887053,0.206096286621554,0.201333504141425,0.199798102859161
"A22",-0.128622878261244,-0.10765892119927,-0.119312965021898,-0.128818080781988,-0.131898573006439,-0.120754615680889
"A23",0.225622231025949,0.211348284564201,0.21411262722387,0.218918240576645,0.230908867383545,0.218810897325633
"A24",-0.191939230117155,-0.1738308510126,-0.18776993912012,-0.19880323496188,-0.184395283160508,-0.196338927936532
"A25",-0.118694933609232,-0.146136801558807,-0.139411617829948,-0.102097168942083,-0.093028837327662,-0.117306823246595
"A26",0.00142638977769479,0.0390280932625926,0.0298443505842029,-0.00398269282263615,-0.00851537559675595,0.0130779283310398
"A27",-0.263234996172128,-0.304292152180843,-0.29427050567451,-0.258478827212331,-0.241427828044604,-0.272809421985591
"A28",0.126471809678785,0.129982469600906,0.127903192693892,0.109873708613431,0.1307442632401,0.118440115189986
"A29",-0.147209298147281,-0.165439905407199,-0.157949460082734,-0.152311948185116,-0.144651980685069,-0.135516785108425
"A30",-0.0748186261436054,-0.0914675663870214,-0.0831739809796389,-0.0754513723074936,-0.0699543241720174,-0.0903679615401989
"A31",0.253751626092015,0.294624773085831,0.2818183217108,0.228837944010897,0.232945273785783,0.251350310469759
"A32",0.105882380278477,0.112021971132172,0.108570293109406,0.107655165155052,0.11929017259484,0.0959239009671976
"A33",-0.137880861590213,-0.120597871942264,-0.129820609263319,-0.153077647197039,-0.146250398385606,-0.140724089933043
"A34",-0.0850524244316464,-0.113660282145476,-0.10388020827329,-0.0726443382440962,-0.0744356421034401,-0.0971932320050415
"A35",-0.0232757915167351,-0.0193984247741386,-0.0217656560582906,-0.0225702677659487,-0.0244854598242506,-0.0227568987745122
"A36",0.0574415539981067,0.09532235734956,0.0833885869785995,0.0609670976995759,0.0595618276492137,0.0607564181373996
"A37",0.0574649191972734,0.0396367633040907,0.043838707849017,0.0489991824697006,0.0663159768747753,0.0338353645175916
"A38",0.00358922043320376,0.0236862757622824,0.0113166596868741,-0.0180006712792516,0.00623661050140876,0.00304848739997075
"A39",0.147104671328564,0.121522966099808,0.131224430692588,0.159418005301982,0.148628554651195,0.164372494568094
"A40",-0.0846876412201677,-0.0726670348621918,-0.0793854634000577,-0.0776238944781094,-0.100781348606552,-0.0779680256191616
"A41",-0.162730744322232,-0.157111831050695,-0.154003874069693,-0.15170996858196,-0.175934238931067,-0.149930687110624
"A42",0.128639369005554,0.130859764111914,0.12738690109994,0.134233516798954,0.119762651516066,0.141917231734452
"A43",0.0107450908351102,0.000436996934928935,-0.000798626167602744,0.0127944469784966,0.00868856841952871,0.00682453611075656
"A44",0.0179563542432041,0.00964745594782915,0.00647854746825229,0.000719148743840331,0.0317119025397503,-0.00261062877612671
"A45",0.248046742505701,0.230597663518692,0.237866323148732,0.265761299265622,0.252886183609482,0.25623248002275
"A46",-0.066382318985329,-0.112101266053297,-0.0905611144150353,-0.0368265518563267,-0.0667780716438863,-0.0743917212197981
"A47",-0.018957719921773,0.010610129694372,0.00385287558703006,-0.0210359603503482,-0.0351240236659187,-0.00800758054348234
"A48",-0.0598962509595319,-0.0584657678296855,-0.0524297682493879,-0.059338367297013,-0.0535186219809441,-0.070399221642131
"A49",-0.107399051914176,-0.0958887950910404,-0.106610169470341,-0.128868333912304,-0.087380971164908,-0.138332849440142
"A50",-0.0434965832424364,-0.00581926894829609,-0.0253366729164567,-0.0636453250552682,-0.0476721589089933,-0.0363806357800544
"A51",0.0434787414491952,0.0309851068145885,0.0358536357849572,0.0560864607852377,0.0510618428493423,0.0423680082326438
"A52",-0.0910148815230584,-0.126906152748674,-0.121770743000756,-0.0785969537751261,-0.0656593646847985,-0.0968952678346016
"A53",-0.0639003626248761,-0.0741306504951029,-0.0671108885031151,-0.0393987186580359,-0.0650715475025827,-0.0633105016488958
"A54",0.0638132597055339,0.0502741332296417,0.057614335126716,0.082100919408961,0.0797120893968004,0.0588586635903658
"A55",-0.0167380260009453,-0.034531983747902,-0.0368999391642206,-0.0102783520906139,0.00338059780724833,-0.0248566006952267
"A56",-0.0423370256286936,-0.0626468052981989,-0.0596724827919139,-0.0355506513266151,-0.0191098067919359,-0.0440500462668823
"A57",0.149626126001893,0.123928855130948,0.126377515345406,0.143800125870195,0.167450572084519,0.144942770569232
"A58",-0.11621504355891,-0.113107086735357,-0.104994716072031,-0.117419612865643,-0.139570977969014,-0.111899774110555
"A59",-0.000440362478170651,-0.0208603702030941,-0.00886189539166814,0.00743428940487827,-0.00086299721325949,-0.00125354242499249
"A60",0.0334817343547492,0.0469228689929263,0.040329907696758,0.0293742771205984,0.0363313667805582,0.0375726760503351
"A61",-0.210842351767406,-0.192244491721165,-0.198837216484846,-0.217520410083377,-0.207031065889301,-0.20300135538278
"A62",0.0923641025647301,0.0557473518250621,0.069419727063625,0.0998352490975368,0.0926090208921615,0.093599853873176
"A63",0.252445598879414,0.274350564937596,0.266751886140757,0.240938633300871,0.25375678350554,0.264383259613025
