"band","farm_raw","farm_normalised","ocean_raw","ocean_normalised","conf_raw","conf_normalised"
"A00",0.0221524388721621,0.0234960670637735,0.0262462366545412,0.0267363429629562,0.0237273097750489,0.0258508074098288
"A01",-0.090835153312662,-0.0963446447724766,-0.0634425418231647,-0.0646272293796582,-0.0752177655068981,-0.0819494493202603
"A02",-0.119088782036879,-0.126311961650321,-0.147431224676899,-0.150184265968974,-0.0835836983769656,-0.0910640991258229
"A03",-0.204554212415804,-0.216961189728814,-0.165678565443271,-0.168772346512218,-0.159385974805598,-0.173650370715862
"A04",-0.122800361499323,-0.130248662275719,-0.0793484951547235,-0.0808302008388732,-0.102611421642564,-0.111794726164871
"A05",-0.127031661149308,-0.134736606059999,-0.0750122142371277,-0.0764129468408032,-0.114015279450738,-0.124219182823593
"A06",0.0686625423788054,0.0728271821360925,0.0747688364435769,0.0761650243579121,0.094689365789008,0.103163678561845
"A07",0.0948205135886797,0.10057173204079,0.143497984010095,0.146177578350947,0.121301294708133,0.132157266786322
"A08",0.0549657923775571,0.0582996730684799,0.119583552676978,0.121816583428057,0.0923769465860839,0.100644307253749
"A09",0.143273965557703,0.151964066921179,0.0623344867358708,0.0634984831435531,0.0985406976656757,0.107359688963318
"A10",0.254720891565182,0.27017066541963,0.193579589704157,0.19719437758187,0.233852168983246,0.254780986132432
"A11",-0.111527134918138,-0.118291672379247,-0.104402093869222,-0.106351635264071,-0.113186794568532,-0.123316551917059
"A12",0.055090579547327,0.0584320290463716,0.0299230079160875,0.0304817720215651,0.0499191014187202,0.0543866577830098
"A13",0.0526754844540312,0.055870449411509,0.010396711324047,0.0105908532070816,0.0426797235242488,0.0464993850373339
"A14",0.108848005512365,0.115450043764275,0.147003460207612,0.14974851368537,0.117338241685201,0.127839536650793
"A15",-0.0976042181578514,-0.103524278693574,-0.0320106073600883,-0.0326083540317302,-0.0788158200110578,-0.0858695150554374
"A16",0.17905009561757,0.189910152948991,0.100993109159199,0.102878993240672,0.156885883325388,0.170926531225647
"A17",0.0298884844490381,0.0317013327111197,-0.101391851260363,-0.103285181210049,-0.0318878858647787,-0.0347417218391881
"A18",-0.0906588375100486,-0.0961576347576194,-0.00340811719358432,-0.00347175830748491,-0.0673698161423222,-0.0733991404353028
"A19",0.193165026438383,0.204881207065435,0.04363300111397,0.0444477773191269,0.123106918560558,0.134124486623132
"A20",0.0032004873250548,0.00339460884014643,0.0447199992113487,0.0455550733598555,0.010449736762563,0.0113849456636037
"A21",0.137681790719853,0.146032705783892,0.157094805745325,0.160028298890587,0.143736432732973,0.156600258334522
"A22",-0.0530267579402528,-0.0562430289472259,-0.0571012726860478,-0.058167547227816,-0.0602602048053928,-0.06565324782581
"A23",0.199637542004324,0.211746304885422,0.191755281499226,0.195336003351721,0.193478568818432,0.210794113107341
"A24",-0.172741313281106,-0.183218719390649,-0.157543508906831,-0.160485380862852,-0.177757446614405,-0.193666014464231
"A25",-0.0943233621434314,-0.100044426502749,-0.174973846351009,-0.178241201859268,-0.111600161807188,-0.121587921982504
"A26",-0.210499058803557,-0.223266613263286,-0.081016808130995,-0.0825296668800524,-0.137135341085843,-0.149408395856963
"A27",-0.172075115964389,-0.182512114717385,-0.26621122053648,-0.271182287446876,-0.211449231992309,-0.230373077479582
"A28",-0.0313076389200957,-0.033206564203609,0.0151721132897603,0.0154554281334529,-0.0330157240696212,-0.0359704969721148
"A29",-0.18046637407191,-0.191412333983604,-0.164877847770581,-0.167956676723237,-0.181789593512073,-0.198059022095015
"A30",-0.165261592694119,-0.175285325801604,-0.227275150583109,-0.231519148932773,-0.166308755984435,-0.181192712628669
"A31",0.080599609540786,0.0854882770250677,0.29116126933428,0.29659823832702,0.127357735741995,0.13875573463791
"A32",0.0361147810282758,0.0383052774428465,0.0596674651761157,0.060781659240387,0.0304851558948093,0.033213453247196
"A33",-0.198560873190631,-0.210604332085136,-0.139354212876704,-0.141956428948061,-0.181843809947733,-0.19811809068096
"A34",-0.0153028056142243,-0.0162309779546459,-0.111342698567612,-0.11342184460604,-0.0360928276006571,-0.0393229887427816
"A35",-0.153600223690189,-0.162916651194129,-0.132956239710565,-0.135438983910542,-0.114501142124155,-0.124748528228413
"A36",0.0835590706870984,0.0886272405481211,0.147481146304676,0.150235119802956,0.1359580584541,0.148125751222209
"A37",0.0740127323656735,0.0785018811369938,0.0128572245388854,0.0130973125537181,0.0316984090463652,0.0345352876168564
"A38",-0.0122111675329668,-0.0129518204716554,0.0176652766687369,0.0179951473335945,-0.0228083171300578,-0.0248495686641832
"A39",0.0689868931529831,0.0731712059966817,0.0608614832559469,0.0619979736898269,0.098471563690026,0.107284367778281
"A40",-0.123279617729445,-0.130756987186968,-0.0542625617366102,-0.0552758279114114,-0.114021053982347,-0.124225474152274
"A41",-0.224895319981825,-0.238536061474573,-0.169872297637004,-0.173044389917992,-0.19643488839665,-0.214015011253106
"A42",0.0740319856998058,0.0785223022577825,0.181115192381628,0.184497227661749,0.112404626241938,0.122464382709318
"A43",0.0929296124867059,0.0985661407215079,0.0728915308707696,0.0742526631191758,0.072907712257897,0.0794326557093313
"A44",0.114166838928085,0.121091484300821,0.0453262354715642,0.0461726301083921,0.0856397123360938,0.0933041179645887
"A45",0.0708582213634117,0.0751560372554112,0.0897017912242826,0.0913768280813302,0.0953895678474882,0.103926545854149
"A46",-0.10505246233966,-0.111424286715853,-0.177146462405978,-0.180454388029043,-0.131890823256726,-0.143694515031734
"A47",0.0620319657274675,0.0657944362352742,0.057819891757608,0.0588995853561711,0.0938342940008531,0.102232081329511
"A48",-0.0727526375969283,-0.0771653569120988,-0.118422184761285,-0.120633528832122,-0.0946608941401036,-0.103132658816268
"A49",0.012748902769664,0.0135221713597406,-0.0361876201460977,-0.0368633658216995,-0.0362948560051369,-0.039543097867037
"A50",-0.0508979463443131,-0.0539850969735509,0.0295372391289346,0.0300887996219987,-0.0686038014663902,-0.0747435624225178
"A51",0.0306069294027772,0.0324633540358189,0.0177206005579708,0.0180515043075894,0.0341199428361472,0.0371735388231467
"A52",-0.0475496637157537,-0.0504337284924956,-0.168918897071146,-0.172073186128079,-0.0890603603969389,-0.0970309001019677
"A53",-0.0179490605511367,-0.0190377381413841,-0.0769996943976183,-0.0784375400006668,0.00288690489617122,0.00314527113224997
"A54",-0.00421879696620181,-0.00447468276600858,-0.0476912824456077,-0.0485818405355407,-0.0200177747301083,-0.0218092840792905
"A55",-0.137290452722979,-0.145617631675248,-0.121363696408679,-0.123629968484381,-0.149886709905477,-0.16330096027717
"A56",-0.0701586702417152,-0.074414055744266,-0.0816181547531029,-0.0831422426843443,-0.0697743471445894,-0.0760188671738114
"A57",0.0332593358198895,0.0352766388130165,0.0351355198690839,0.0357916192620725,0.0353699685257952,0.0385354367233633
"A58",-0.0203549683688092,-0.021589573258028,0.00149114246000059,0.00151898715011792,-0.00845223003688783,-0.0092086702175113
"A59",-0.0676642050759698,-0.0717682919454884,-0.0454724908565739,-0.0463216165777769,-0.0505800446824434,-0.0551067527782418
"A60",0.0776445822535788,0.0823540162912416,0.0956514161220044,0.0974375526667313,0.0755435453318276,0.0823043851133233
"A61",-0.157232313246154,-0.1667690405532,-0.115354686067489,-0.11750874952775,-0.138136380200775,-0.150499023897612
"A62",0.0512411909505335,0.0543491606476942,0.027233667524325,0.0277422125180561,0.0600982372139489,0.0654767847942761
"A63",0.247870619192419,0.262904898430974,0.317456284072201,0.323384270225708,0.281900482564373,0.307129428182062
