"class","site_key","site_id","n_pixels","source_id","centroid_lon","centroid_lat","sampling_radius_m","sampling_scale_m","sampling_crs","sampling_utm_zone","source_aef_utm_zones","aef_dataset_versions","aef_model_versions","aef_processing_versions"
"confounding_marine","confounding_marine::Norway_confounding_marine_0","Norway_confounding_marine_0",79,0,5.49797812435959,59.7543540814565,50,10,"EPSG:32632",31,"31N|32N",1,2.1,1.01
"confounding_marine","confounding_marine::Norway_confounding_marine_1","Norway_confounding_marine_1",80,1,5.6075502055534,59.7888548772885,50,10,"EPSG:32632",31,"31N|32N",1,2.1,1.01
"confounding_marine","confounding_marine::Norway_confounding_marine_10","Norway_confounding_marine_10",79,10,5.25018375358665,59.5803917395568,50,10,"EPSG:32632",31,"31N|32N",1,2.1,1.01
"confounding_marine","confounding_marine::Norway_confounding_marine_11","Norway_confounding_marine_11",79,11,5.22838612264885,59.8656320221892,50,10,"EPSG:32632",31,"31N|32N",1,2.1,1.01
"confounding_marine","confounding_marine::Norway_confounding_marine_12","Norway_confounding_marine_12",80,12,5.65698033790909,59.3413925307238,50,10,"EPSG:32632",31,"31N|32N",1,2.1,1.01
"confounding_marine","confounding_marine::Norway_confounding_marine_13","Norway_confounding_marine_13",78,13,5.66916829567277,59.0127000274612,50,10,"EPSG:32632",31,"31N|32N",1,2.1,1.01
"confounding_marine","confounding_marine::Norway_confounding_marine_14","Norway_confounding_marine_14",79,14,5.96902016373382,59.0157376954229,50,10,"EPSG:32632",31,"31N|32N",1,2.1,1.01
"confounding_marine","confounding_marine::Norway_confounding_marine_15","Norway_confounding_marine_15",79,15,6.38167129818595,59.0147973137947,50,10,"EPSG:32632",31,"31N|32N",1,2.1,1.01
"confounding_marine","confounding_marine::Norway_confounding_marine_16","Norway_confounding_marine_16",77,16,6.24630041820734,58.9989591625933,50,10,"EPSG:32632",31,"31N|32N",1,2.1,1.01
"confounding_marine","confounding_marine::Norway_confounding_marine_17","Norway_confounding_marine_17",76,17,6.17960997326105,58.9736189970508,50,10,"EPSG:32632",31,"31N|32N",1,2.1,1.01
"confounding_marine","confounding_marine::Norway_confounding_marine_18","Norway_confounding_marine_18",81,18,6.29416828004972,59.006106803302,50,10,"EPSG:32632",31,"31N|32N",1,2.1,1.01
"confounding_marine","confounding_marine::Norway_confounding_marine_19","Norway_confounding_marine_19",78,19,5.88544115507793,59.465420433153,50,10,"EPSG:32632",31,"31N|32N",1,2.1,1.01
"confounding_marine","confounding_marine::Norway_confounding_marine_2","Norway_confounding_marine_2",77,2,5.11693111909605,59.6287879071314,50,10,"EPSG:32632",31,"31N|32N",1,2.1,1.01
"confounding_marine","confounding_marine::Norway_confounding_marine_3","Norway_confounding_marine_3",80,3,5.72844390658285,58.9794746265011,50,10,"EPSG:32632",31,"31N|32N",1,2.1,1.01
"confounding_marine","confounding_marine::Norway_confounding_marine_4","Norway_confounding_marine_4",79,4,5.63230966965281,59.8761547814487,50,10,"EPSG:32632",31,"31N|32N",1,2.1,1.01
"confounding_marine","confounding_marine::Norway_confounding_marine_5","Norway_confounding_marine_5",78,5,5.39378528172285,59.0124481245016,50,10,"EPSG:32632",31,"31N|32N",1,2.1,1.01
"confounding_marine","confounding_marine::Norway_confounding_marine_6","Norway_confounding_marine_6",76,6,5.36692027622968,59.0065482421114,50,10,"EPSG:32632",31,"31N|32N",1,2.1,1.01
"confounding_marine","confounding_marine::Norway_confounding_marine_7","Norway_confounding_marine_7",78,7,4.88960098437156,60.6770038770994,50,10,"EPSG:32632",31,"31N|32N",1,2.1,1.01
"confounding_marine","confounding_marine::Norway_confounding_marine_8","Norway_confounding_marine_8",79,8,5.05027385168744,59.8238061612119,50,10,"EPSG:32632",31,"31N|32N",1,2.1,1.01
"confounding_marine","confounding_marine::Norway_confounding_marine_9","Norway_confounding_marine_9",79,9,5.30102446884946,59.9884318284248,50,10,"EPSG:32632",31,"31N|32N",1,2.1,1.01
"ocean","ocean::Norway_ocean_0","Norway_ocean_0",77,0,5.34798604733624,59.0944047714502,50,10,"EPSG:32632",31,"31N|32N",1,2.1,1.01
"ocean","ocean::Norway_ocean_1","Norway_ocean_1",78,1,5.35531690812997,59.221686588162,50,10,"EPSG:32632",31,"31N|32N",1,2.1,1.01
"ocean","ocean::Norway_ocean_10","Norway_ocean_10",78,10,5.72902173946175,59.0209647033512,50,10,"EPSG:32632",31,"31N|32N",1,2.1,1.01
"ocean","ocean::Norway_ocean_11","Norway_ocean_11",77,11,5.44433898874153,58.9810247593365,50,10,"EPSG:32632",31,"31N|32N",1,2.1,1.01
"ocean","ocean::Norway_ocean_12","Norway_ocean_12",77,12,5.5111152643763,59.0137397374923,50,10,"EPSG:32632",31,"31N|32N",1,2.1,1.01
"ocean","ocean::Norway_ocean_13","Norway_ocean_13",79,13,5.24682783338384,60.1831634495065,50,10,"EPSG:32632",31,"31N|32N",1,2.1,1.01
"ocean","ocean::Norway_ocean_14","Norway_ocean_14",77,14,6.27404951307134,60.3391618826823,50,10,"EPSG:32632",31,"31N|32N",1,2.1,1.01
"ocean","ocean::Norway_ocean_15","Norway_ocean_15",79,15,6.02548383924321,60.1865774721582,50,10,"EPSG:32632",31,"31N|32N",1,2.1,1.01
"ocean","ocean::Norway_ocean_16","Norway_ocean_16",76,16,5.48587723873945,60.4471148925499,50,10,"EPSG:32632",31,"31N|32N",1,2.1,1.01
"ocean","ocean::Norway_ocean_17","Norway_ocean_17",78,17,5.27851029538008,60.4103482038723,50,10,"EPSG:32632",31,"31N|32N",1,2.1,1.01
"ocean","ocean::Norway_ocean_18","Norway_ocean_18",79,18,5.85782096258755,59.0026773342848,50,10,"EPSG:32632",31,"31N|32N",1,2.1,1.01
"ocean","ocean::Norway_ocean_19","Norway_ocean_19",79,19,5.77405021063443,58.9526035734941,50,10,"EPSG:32632",31,"31N|32N",1,2.1,1.01
"ocean","ocean::Norway_ocean_2","Norway_ocean_2",77,2,5.14713887312702,59.2761899544428,50,10,"EPSG:32632",31,"31N|32N",1,2.1,1.01
"ocean","ocean::Norway_ocean_3","Norway_ocean_3",79,3,5.30815724470905,59.3270190360644,50,10,"EPSG:32632",31,"31N|32N",1,2.1,1.01
"ocean","ocean::Norway_ocean_4","Norway_ocean_4",79,4,6.16014091741305,59.4753165590991,50,10,"EPSG:32632",31,"31N|32N",1,2.1,1.01
"ocean","ocean::Norway_ocean_5","Norway_ocean_5",77,5,6.40049365776974,59.3113053700723,50,10,"EPSG:32632",31,"31N|32N",1,2.1,1.01
"ocean","ocean::Norway_ocean_6","Norway_ocean_6",78,6,6.36581805962521,59.3072750080389,50,10,"EPSG:32632",31,"31N|32N",1,2.1,1.01
"ocean","ocean::Norway_ocean_7","Norway_ocean_7",79,7,6.01257093368479,59.3591177053809,50,10,"EPSG:32632",31,"31N|32N",1,2.1,1.01
"ocean","ocean::Norway_ocean_8","Norway_ocean_8",80,8,5.90305097518869,59.3939201339042,50,10,"EPSG:32632",31,"31N|32N",1,2.1,1.01
"ocean","ocean::Norway_ocean_9","Norway_ocean_9",76,9,5.07964840087553,59.7583751308978,50,10,"EPSG:32632",31,"31N|32N",1,2.1,1.01
"target","target::Norway_target_0","Norway_target_0",79,0,5.89709993102444,59.3454715208976,50,10,"EPSG:32632",31,"31N|32N",1,2.1,1.01
"target","target::Norway_target_1","Norway_target_1",78,1,5.44525070739886,59.0592726667099,50,10,"EPSG:32632",31,"31N|32N",1,2.1,1.01
"target","target::Norway_target_10","Norway_target_10",79,10,5.84696146227864,59.4947974249847,50,10,"EPSG:32632",31,"31N|32N",1,2.1,1.01
"target","target::Norway_target_11","Norway_target_11",76,11,5.0907589408762,60.0544038915246,50,10,"EPSG:32632",31,"31N|32N",1,2.1,1.01
"target","target::Norway_target_12","Norway_target_12",80,12,5.11839642256565,60.0400477809666,50,10,"EPSG:32632",31,"31N|32N",1,2.1,1.01
"target","target::Norway_target_13","Norway_target_13",79,13,6.02902769590562,58.9143744061314,50,10,"EPSG:32632",31,"31N|32N",1,2.1,1.01
"target","target::Norway_target_14","Norway_target_14",79,14,5.86370544819075,58.9781706938037,50,10,"EPSG:32632",31,"31N|32N",1,2.1,1.01
"target","target::Norway_target_15","Norway_target_15",78,15,5.82526099403518,59.7146179995343,50,10,"EPSG:32632",31,"31N|32N",1,2.1,1.01
"target","target::Norway_target_16","Norway_target_16",78,16,5.72100924231902,59.6997408529624,50,10,"EPSG:32632",31,"31N|32N",1,2.1,1.01
"target","target::Norway_target_17","Norway_target_17",78,17,5.68453385371826,59.761677212005,50,10,"EPSG:32632",31,"31N|32N",1,2.1,1.01
"target","target::Norway_target_18","Norway_target_18",79,18,5.90531194907537,59.7777259844131,50,10,"EPSG:32632",31,"31N|32N",1,2.1,1.01
"target","target::Norway_target_19","Norway_target_19",80,19,5.90207184058538,59.7736646192969,50,10,"EPSG:32632",31,"31N|32N",1,2.1,1.01
"target","target::Norway_target_2","Norway_target_2",79,2,5.63949798981272,59.8769409075485,50,10,"EPSG:32632",31,"31N|32N",1,2.1,1.01
"target","target::Norway_target_3","Norway_target_3",78,3,5.64038850320031,60.0836517202751,50,10,"EPSG:32632",31,"31N|32N",1,2.1,1.01
"target","target::Norway_target_4","Norway_target_4",78,4,5.30616999758212,60.0691212559535,50,10,"EPSG:32632",31,"31N|32N",1,2.1,1.01
"target","target::Norway_target_5","Norway_target_5",79,5,5.58723497137103,59.7226437850583,50,10,"EPSG:32632",31,"31N|32N",1,2.1,1.01
"target","target::Norway_target_6","Norway_target_6",77,6,5.78537465600131,59.7321231836936,50,10,"EPSG:32632",31,"31N|32N",1,2.1,1.01
"target","target::Norway_target_7","Norway_target_7",77,7,5.48032604259565,59.1984573370753,50,10,"EPSG:32632",31,"31N|32N",1,2.1,1.01
"target","target::Norway_target_8","Norway_target_8",75,8,4.8596776569839,60.5935389078046,50,10,"EPSG:32632",31,"31N|32N",1,2.1,1.01
"target","target::Norway_target_9","Norway_target_9",78,9,4.90874122790184,60.6865547022691,50,10,"EPSG:32632",31,"31N|32N",1,2.1,1.01
