"K","N_Pixels_Used","Total_WithinSS","BetweenSS","TotalSS","Variance_Explained","Mean_Silhouette"
2,1560,37.8486606488716,13.6492770903372,51.4979377392088,0.26504512004847,0.259320884929714
3,1560,28.7634392607953,22.7344984784135,51.4979377392088,0.441464250346169,0.293221898715214
4,1560,25.8187028351823,25.6792349040265,51.4979377392088,0.498645888192046,0.268766048359369
5,1560,23.9704463378819,27.5274914013268,51.4979377392088,0.534535801039822,0.213289845684863
6,1560,22.3217562896083,29.1761814496004,51.4979377392088,0.566550482028073,0.190545569209882
7,1560,20.7694118553828,30.728525883826,51.4979377392088,0.596694299477362,0.191140482095208
8,1560,19.5768380616781,31.9210996775307,51.4979377392088,0.619851999495254,0.200644546970206
9,1560,18.5017766547823,32.9961610844264,51.4979377392088,0.640727814218943,0.212057923096072
10,1560,17.6542378894281,33.8436998497806,51.4979377392088,0.657185536655251,0.211222030071927
