"Replicate","Threshold_Retain90","Threshold_Retain95","Threshold_Retain99","Target_Centroid_Stability","Ocean_Centroid_Stability","Conf_Centroid_Stability","Target_vs_Ocean_Centroid_Similarity","Target_vs_Conf_Centroid_Similarity","Ocean_vs_Conf_Centroid_Similarity"
1,0.973410849428734,0.967292757427305,0.952517144414603,0.998968768334566,0.999850203059745,0.998801711525907,0.971947050079223,0.992091592682813,0.988497375404801
2,0.97444042690164,0.969048652087336,0.956058047741061,0.999239304613123,0.999897975305891,0.998947971234282,0.970693605922472,0.992391259320984,0.983870652773841
3,0.974400962384297,0.970156946675208,0.958581712225484,0.999573327253195,0.999820369562457,0.999836180015966,0.969702848019159,0.992036847540589,0.988275707389031
4,0.972690309487993,0.969006340192687,0.954568575261556,0.999382139755137,0.999764088736711,0.995616285247925,0.975481195859841,0.982398141041904,0.986894073117576
5,0.9777377242038,0.973845537764319,0.967600464693726,0.999787557891444,0.999799165043036,0.998883296704894,0.971884436981942,0.992052196477468,0.985038966025947
6,0.974080080420814,0.970896902086245,0.960405797578664,0.999883511036818,0.999847602439525,0.998423020670184,0.969112431279033,0.985727624483525,0.994706337030044
7,0.974944703403281,0.97098599320684,0.963078548318936,0.99984660368241,0.999847394919978,0.998122022336881,0.97148702279051,0.985817735559901,0.995480193576187
8,0.974900217766413,0.970802170779696,0.962628570976842,0.99973340847161,0.99924688643764,0.998620289330546,0.974719894959882,0.989907952110204,0.990370476844185
9,0.975520964184843,0.972961159712483,0.967108658016044,0.99868089069787,0.999633624254194,0.999663734253935,0.964450895823079,0.986954355186005,0.990890359790037
10,0.97230963048425,0.967310651805251,0.950714910624436,0.999102333745617,0.999634351813436,0.999323905121983,0.97674516612401,0.991749610900955,0.987663951166539
11,0.974789380012686,0.97184700415134,0.964651020882894,0.999222987740233,0.999885761599052,0.999113865192278,0.974934459539832,0.987839183789519,0.988232090713215
12,0.975445421848777,0.972075746904313,0.965677346586151,0.999781886751876,0.999697504727037,0.999112973596037,0.973286848332546,0.989325618289522,0.991705804053712
13,0.97601476555768,0.971900762669975,0.963693890900066,0.999758394328553,0.999809362167285,0.998995745357692,0.974475914504921,0.990888603646705,0.990799433666513
14,0.976174357918273,0.973235916234438,0.966999761927344,0.999799582325901,0.999890888700379,0.999190701628288,0.972977780849074,0.99049079725181,0.986171427298486
15,0.974112603149853,0.970400299250489,0.96275293644423,0.999106791972293,0.999605235926089,0.998209021005629,0.968265988961716,0.988970715568644,0.978034100669383
16,0.974389931265473,0.969142008459083,0.956532506222643,0.999549513121691,0.999563219564428,0.998945858588201,0.972637588259463,0.98799001601695,0.994331505171107
17,0.97408883147889,0.970783834845206,0.962468462704799,0.999731839072177,0.999627588942063,0.995294954070093,0.973135020303362,0.986866612675249,0.980172292011455
18,0.977230928975856,0.973924992650534,0.968373032740998,0.999610366165086,0.999793539863933,0.999066289016692,0.972677177012316,0.987876375817981,0.992538866018553
19,0.976707431066532,0.973136024440343,0.966821156956285,0.999705446441751,0.999659236629077,0.995499629828739,0.975958516110675,0.992879501655466,0.978935883225077
20,0.976034651929463,0.972698813703007,0.96734242940331,0.999741218435117,0.99980190140958,0.994010818484424,0.969060831024313,0.989842174497208,0.973705509470426
21,0.975018697466517,0.971382668902432,0.965089178026327,0.99947471785197,0.999787873337022,0.99918616227452,0.971740163082974,0.990977577492621,0.990375649848184
22,0.975505893207374,0.970506047760882,0.962046942296326,0.998991161799161,0.999749705529553,0.999127419739085,0.960593340791928,0.988779646485829,0.98246663445536
23,0.975486943527673,0.971618090530512,0.963433543648272,0.9996410128395,0.999468205423243,0.999231957145331,0.971527810200031,0.990461241850225,0.985841402738988
24,0.974673693066112,0.971318186193858,0.963369458655845,0.999856320520542,0.999704413886605,0.99970496415245,0.971550925997341,0.990986724289448,0.990083887336457
25,0.974602530517577,0.972548825737608,0.968636994951695,0.999634755858275,0.999813663004819,0.998984264986057,0.96787654169877,0.989512821313513,0.991019052206141
26,0.974702435066933,0.970969007879177,0.962805810646619,0.999706773060905,0.999819828374519,0.999315358052638,0.973073448792318,0.991985133797571,0.985573848970167
27,0.975932719044026,0.973313466114456,0.967576586814527,0.999787438595824,0.999560530384549,0.999366823495185,0.966950924482392,0.987758585330304,0.988097124256437
28,0.975075349786571,0.971884870077559,0.965226259808823,0.999647114279255,0.999891135832032,0.999193510384722,0.974954859842816,0.991607913348007,0.991899150503816
29,0.974902772276834,0.971186556270644,0.964896123628919,0.999610042248178,0.999888662590554,0.998516744031703,0.971064490988185,0.986332779881582,0.993300719961076
30,0.9741176111525,0.970874656647255,0.962306591905573,0.999623864808908,0.999886056833897,0.998760138766617,0.968613810963774,0.984220720085091,0.98988104223861
31,0.972763033520518,0.969404036172945,0.961150032804391,0.999508580357912,0.999809704794398,0.999738501159452,0.970514224019401,0.99081804188492,0.987075367242461
32,0.973995308247856,0.971004278431478,0.96331361747027,0.999885460078711,0.999926559649293,0.998975680227608,0.971037549338562,0.991005900564245,0.990393143439205
33,0.97558625996766,0.972334986102566,0.965837413487082,0.999863867173043,0.999598060419526,0.999150410031691,0.971712454602038,0.990442088131143,0.98754800216136
34,0.97577088084377,0.972630522471335,0.967148081216829,0.999688489591972,0.999820653715484,0.996861217348684,0.974337101707891,0.991785866715676,0.98178642919737
35,0.974262896892506,0.971376332715319,0.959636282509429,0.99985759128905,0.999665488483991,0.999493577967114,0.969851645544645,0.989933661067303,0.991327226358363
36,0.975814514566125,0.973146175525346,0.968101590505333,0.999482135965763,0.999783413427226,0.999129387191118,0.963106127159861,0.983847730284743,0.988006445451578
37,0.976499975640139,0.971669117854138,0.962097918010116,0.999669051607184,0.999813244602918,0.998961458697205,0.973618680041477,0.990419485249062,0.989204215624849
38,0.978450604630927,0.97552645547331,0.965442502497442,0.999672482720097,0.999549668948798,0.99882884554358,0.971659568183454,0.99021920956412,0.983432527205949
39,0.974756704213781,0.971450007787203,0.959927700280768,0.999504294400263,0.999642321444738,0.997998467311749,0.969715122103868,0.992849086753276,0.980951718387964
40,0.97603930071842,0.972016188646015,0.964054769255288,0.998970571650296,0.999377516059588,0.999795722614253,0.96546625944504,0.987876521207484,0.988888413091865
41,0.975717769064207,0.971893603131034,0.966352457282751,0.999765027440065,0.99947388590287,0.998645790113426,0.968293668410569,0.985764929657149,0.991593632532681
42,0.978129262444817,0.97415700624487,0.966309365460919,0.999634734712691,0.999887827354441,0.999883370688467,0.971946665929897,0.991798721247866,0.989263488711749
43,0.975609204687465,0.972050922208393,0.964688561584794,0.999272275229874,0.999792488700132,0.996019313180428,0.968947109364203,0.988200020180776,0.976446873283478
44,0.975334575073173,0.972360062661619,0.967085937634053,0.999350999556041,0.99991319276029,0.99635538614226,0.964529793420221,0.988642464061255,0.976869418875597
45,0.976030481066039,0.972370444675052,0.96134531141777,0.999525456401441,0.999705147354437,0.998732249405793,0.966666442589214,0.993033253860484,0.984377988903876
46,0.973442433572416,0.970347503787652,0.957413719762136,0.999800262878519,0.999770737901956,0.997867977411276,0.970111051607815,0.984719955633739,0.992917929763545
47,0.976003028328127,0.973732256958463,0.968264439585694,0.999669045466377,0.999874895855648,0.998561761534909,0.974107080721725,0.992180725486157,0.986564421367343
48,0.975264294941688,0.972014040733097,0.965082906041769,0.999472409099689,0.999805350730632,0.99951714300922,0.967996212549601,0.991370898086894,0.987681620087414
49,0.973978314564572,0.971327922849863,0.960125504608258,0.999905359651529,0.999693053392993,0.998777904846025,0.968448722340056,0.985812355596705,0.992527786417988
50,0.97609886162048,0.973248802189493,0.968439443864808,0.999546272222515,0.999764805546861,0.999114754329131,0.964029966500898,0.985919163365217,0.991701532726104
51,0.9757436979312,0.973202599579071,0.967138222347316,0.99961423859806,0.999541905342328,0.998893360900911,0.974605632282852,0.987579425683451,0.990101523107196
52,0.974276849882388,0.97207387515133,0.96636452229978,0.999907182180272,0.99967933633532,0.999027481213806,0.969534591060459,0.988804035207081,0.985365346812353
53,0.975355005579707,0.97125137885794,0.964163058046166,0.999643742410749,0.999652054987956,0.998956841647563,0.97613528237374,0.989723865590888,0.989257109042461
54,0.973966595602675,0.970699538866074,0.963997165936888,0.999903870480058,0.99928134025306,0.999680873938369,0.971134744459681,0.991163604982337,0.98560424930239
55,0.974992982433181,0.972366997356438,0.966290395288364,0.999875483209553,0.999917647692903,0.999608645167475,0.968534007527991,0.988151875213971,0.987928089274456
56,0.973570553670425,0.969829550972108,0.962987927102626,0.999674070601969,0.999356801154162,0.999278002979799,0.97077713950414,0.991563103432373,0.984843235259661
57,0.975460789176904,0.972010422774406,0.964668011396309,0.999664639701194,0.999849918019418,0.99771947129199,0.971867610091283,0.990940022788899,0.981240947846145
58,0.977603376996217,0.974406178219738,0.968853093070619,0.999495808958126,0.999880759038806,0.998884355175045,0.972117292583983,0.993709875803163,0.983370285989769
59,0.974263762999446,0.971494138288031,0.966482381359522,0.999496679992841,0.999270924141122,0.998502678511784,0.973207255848106,0.986921363108635,0.990967139527949
60,0.97409052307249,0.971055666942108,0.964866996130891,0.999465832988294,0.999753595919578,0.99766003708068,0.962187987232547,0.988503714961083,0.980064535413433
61,0.972622491575229,0.968970565126112,0.962894086117453,0.999091048568827,0.998875768276093,0.999067720460487,0.973099767298899,0.989128579459728,0.992223443583056
62,0.973081490904954,0.969081838653055,0.95333453785859,0.999658212403328,0.999755934003867,0.999291706393487,0.971587137691061,0.993919870011639,0.986702567834516
63,0.975470327815543,0.97174463151769,0.962625001621613,0.998903527650125,0.999417484063263,0.998718479259523,0.964045012981093,0.987620536966037,0.988685041809328
64,0.97470410399008,0.97171955823103,0.961077575715564,0.99955576979017,0.999904828022043,0.999450972407381,0.966151549481924,0.989979325547093,0.984868643961036
65,0.974891255827638,0.971344942487812,0.964318263463111,0.999552901726564,0.999823835474135,0.99875573389107,0.964310578604028,0.985294835886206,0.988396562643882
66,0.977416842983562,0.972914136274381,0.964047558995041,0.999036253663163,0.999225402766426,0.997001233698621,0.972096256395484,0.991608617528306,0.979185531197502
67,0.972715043733596,0.969642377542169,0.95543502291948,0.999625355472837,0.999908104439134,0.999811042869576,0.97369455247534,0.992632802126823,0.988234277193601
68,0.973454407778851,0.969531680200519,0.959156003526695,0.999807866529131,0.999539666668095,0.998543686044567,0.966715777955509,0.987868787518226,0.982031194028833
69,0.975087474459657,0.971500689799609,0.966160202181996,0.99986556481598,0.999886210975719,0.998880655841052,0.973160771812016,0.990103538143577,0.991303960610155
70,0.975682374815473,0.972619125002995,0.965837296157193,0.999861716457307,0.999942259748244,0.999204732340938,0.970553945075169,0.991790618851293,0.988122492068716
71,0.973968648651918,0.971594274286478,0.966407441143122,0.999607608830762,0.999927583749291,0.999257038547133,0.966387786868475,0.987999568019391,0.989679347112967
72,0.975216761095748,0.970714418870794,0.964476484732099,0.999470172965651,0.999398255461128,0.997865119035582,0.976411150754579,0.990396458890156,0.991875827918939
73,0.977127544154266,0.973740380970383,0.967181138564842,0.999661979262161,0.999820450928756,0.998794363677159,0.966093163282574,0.983338046163253,0.991028357656156
74,0.973444878447531,0.96934990584357,0.961074406879634,0.999309529101885,0.999762253830109,0.999518443817229,0.969377787823401,0.991152264504929,0.989454138356877
75,0.975970914042019,0.972303583943152,0.961445775305574,0.999431794823485,0.999520011487701,0.998659632772621,0.96281349445842,0.98252097816609,0.990136902533238
76,0.975931961078716,0.971915647484775,0.963945037122975,0.999672708525085,0.999760733812886,0.997580304586479,0.972884580437233,0.987611274164506,0.995137870702864
77,0.974504058695659,0.971206360727441,0.965016614292177,0.999651411292872,0.999837403072117,0.998792125133542,0.97313289036613,0.99097223845037,0.984552540297233
78,0.974841238082135,0.970079596176191,0.957379210090513,0.999504809764028,0.999844310841406,0.999062719463826,0.97267249850447,0.989844738191053,0.992713515188764
79,0.974291806181662,0.969547831283,0.959784093482813,0.999624360021669,0.999830952009978,0.999794124706149,0.97495877304218,0.991466776960574,0.988747001830795
80,0.974695137707597,0.971758796035199,0.960864946083799,0.99959267169274,0.999864637042052,0.99912080905331,0.967940140386544,0.988403611134251,0.990050701971749
81,0.975330074270945,0.972168042692232,0.963209395852392,0.999541921860217,0.99955874881515,0.999356847784485,0.972405772765999,0.989910453374313,0.990696894950097
82,0.974422538511137,0.971614068858506,0.966581026570533,0.999812947998531,0.99987161026965,0.999309145135203,0.969711169293953,0.991893739150099,0.987512861492038
83,0.973665900624989,0.969411927076679,0.955617287509138,0.999685957669699,0.999699909451762,0.999152058840043,0.963855188568074,0.986847897557586,0.985422639720546
84,0.9749857066705,0.971207655271736,0.964360517578138,0.999245445129978,0.999875013067585,0.999384682125942,0.963753365712344,0.988155427577883,0.985278154048391
85,0.973798046809913,0.97068420612909,0.964216750399759,0.999861685496442,0.999769154014519,0.998964643699006,0.972557522806866,0.991006654323985,0.989327504998488
86,0.97548912412917,0.971791252802751,0.964737523302963,0.999571293180565,0.999618424271311,0.99874268533275,0.969829111489733,0.987303020734876,0.993419084670971
87,0.975471371686581,0.973177862593381,0.965834887706399,0.999387131376142,0.999824840695624,0.998599508744805,0.975082743718316,0.994405227197857,0.981438804009087
88,0.974951002601791,0.971743919762688,0.965451393829535,0.99950069983903,0.999910410193569,0.994467533399511,0.970063304103611,0.9849248557793,0.978720671448763
89,0.976732554231161,0.973843833373291,0.968298261856238,0.999781728802304,0.999925310796377,0.99969355825038,0.966997015754889,0.989391634863953,0.985840255317372
90,0.97575899314348,0.972912217421998,0.96685883183021,0.998875991182385,0.999693703836144,0.999251946461138,0.964095791463617,0.988423811148888,0.984543989493001
91,0.97487408659243,0.971798482156117,0.963694715335937,0.999673022244578,0.999839569411767,0.999120623075615,0.976147828134423,0.993179736335445,0.988214943114516
92,0.97551961641653,0.971986774573601,0.962656390543712,0.999429625133108,0.999898361320216,0.999256901621304,0.96314715495878,0.985174642726859,0.988049785201812
93,0.975338465899119,0.972364966982281,0.962360094003421,0.99898508422979,0.999503456639866,0.999844505085848,0.973168231543913,0.993334003637011,0.986620265973683
94,0.97489564956158,0.972181328836845,0.96669159792728,0.999670005378313,0.999486517635738,0.999783800316884,0.963814781744393,0.989536242848083,0.983536282948154
95,0.975352159205087,0.971623917337317,0.962520942512505,0.999175453502167,0.999840344009881,0.999067652017451,0.974259558593817,0.987904266832893,0.98874574001144
96,0.971997308444869,0.968475354926361,0.962014500440952,0.997441716208897,0.999865303917497,0.999227104303969,0.977619641200179,0.990344874684136,0.98961452355388
97,0.974267276358545,0.971256380242451,0.960896573293288,0.998404727767155,0.999904934018964,0.99921781775524,0.964775764158195,0.986998526526542,0.990591324008619
98,0.974935338750277,0.972275492502797,0.967381718576152,0.999736799331326,0.999838204254869,0.999034467348245,0.966117693947618,0.986902665535689,0.990065350031317
99,0.974289266434876,0.971038018035053,0.957627169236839,0.999636172502027,0.99982587629474,0.999178022186311,0.965155343827142,0.986918862464624,0.990828449043323
100,0.974144568309974,0.971180562344207,0.963203393967249,0.999094513007798,0.999700489441045,0.999354339274632,0.972040107126978,0.989569393962295,0.990365173827811
101,0.977061723701364,0.972679543158725,0.964594293312108,0.999699090276077,0.999821145820723,0.99915689108764,0.973190235246239,0.991712663264947,0.988062663096275
102,0.973839269504335,0.970524336055782,0.963583068365352,0.999696619983734,0.999875560921024,0.998758378472487,0.972092580733426,0.989192619034702,0.984204583127773
103,0.974526626562196,0.971570810499067,0.964933784318262,0.999772491571214,0.999774424550242,0.998205369414947,0.968800963076974,0.9825948936724,0.992363194255289
104,0.976880930008277,0.97406697197952,0.965899346786683,0.998735368758102,0.999698057031928,0.999190185614626,0.977812133881816,0.994028089286029,0.985475013252523
105,0.975821026256726,0.972706584571216,0.966323136960543,0.999510998633792,0.999532602927665,0.999654737435323,0.967172247517397,0.987529683462789,0.987307851519705
106,0.974464630787748,0.971043700149264,0.965630707517179,0.999731934813661,0.999855735121427,0.999696131953188,0.965360252302988,0.988898065208384,0.988984367141375
107,0.97468568718614,0.971731391540035,0.965113070567839,0.998673138681355,0.998911673196771,0.9980163328434,0.960715791699028,0.977419155613439,0.994154232339463
108,0.976831327604605,0.972388408059696,0.963828365121874,0.999326277908872,0.999724952782337,0.999449092396886,0.972909513952544,0.992726122340408,0.985712235026908
109,0.974469181013736,0.972156842668721,0.967197828333865,0.999708704803874,0.999962058304891,0.998999754422629,0.969122131033375,0.98725027795554,0.991717497926763
110,0.974873994821909,0.971286762733803,0.957498482439171,0.999928304548137,0.99986331367905,0.998346711749187,0.971258924417059,0.992767406420568,0.986292707721248
111,0.974446714259088,0.971917980025551,0.961265883628129,0.999677449627102,0.999797406751651,0.999282959180031,0.968103461100331,0.988911003049934,0.991224408752754
112,0.973405548469614,0.97044676526455,0.961771851779873,0.999351068646309,0.999804485489058,0.998199221953975,0.968607557211826,0.983520984798704,0.983182203170757
113,0.975481514814062,0.972273278586266,0.967477290489378,0.999428154452152,0.999801430901204,0.999224511902547,0.966364851366166,0.990395632715805,0.984507828259262
114,0.974815612427629,0.971295869166919,0.964200122107816,0.999753638463343,0.999628544039434,0.999585522621332,0.973640323267946,0.990045343238507,0.98933139843914
115,0.973681607192226,0.969932388827288,0.960079685042136,0.999666636477852,0.99954216691841,0.999115022721809,0.966897583592468,0.989165468916671,0.985770097568528
116,0.974390774995943,0.971919816141968,0.96398900927072,0.999840048685821,0.999743852947238,0.998965070450179,0.969478818475605,0.991750062920305,0.988584103928272
117,0.975477434314304,0.971600661066424,0.961474043975604,0.999408693902656,0.998038804427734,0.998926376088235,0.971386911923489,0.992258336451641,0.985066710382221
118,0.976010996632588,0.972699263633454,0.967560840675319,0.99965081130853,0.999893006202287,0.998945603259286,0.967796519230072,0.987551044923233,0.992869658581577
119,0.974325768451877,0.971639149387436,0.966280092867102,0.999721007067249,0.999837903039414,0.99899773994129,0.972072823874874,0.992744241261794,0.983749200238383
120,0.973242574940122,0.9699885349391,0.962689333050296,0.999769659078966,0.999814645252585,0.993472928310899,0.970241628620052,0.987305914656881,0.969813547335774
121,0.975529366281948,0.972867236821246,0.96532126566862,0.999733013782209,0.999809356005244,0.998688752007853,0.97100254117733,0.992391907730242,0.981568509551788
122,0.977688793700504,0.973126847986641,0.965831045794501,0.999523799157118,0.99989431314681,0.999751158147494,0.973901397819371,0.993458125696686,0.989220860943774
123,0.975089549458818,0.972850998466051,0.965855927354711,0.999775895692992,0.999791739226243,0.999430029056132,0.965571168441349,0.987254340203769,0.987975473916115
124,0.974989979129807,0.971585788907069,0.963342900950774,0.999814647280364,0.999171742162468,0.998820053293076,0.970144236261641,0.990725284832682,0.991412809104171
125,0.974385329633919,0.971599290899193,0.965230558545376,0.99993741261817,0.999670260701382,0.997438834833752,0.969486960407136,0.991075998934714,0.982998192379606
126,0.973486554858427,0.971212655689411,0.963630290625001,0.999096823098313,0.999528253702134,0.998764786490298,0.96083904984897,0.987251632912643,0.981179957773801
127,0.973280105833081,0.969519575909749,0.95986570690919,0.999058480325893,0.999914250890786,0.999060749779694,0.975298419129538,0.990228045443512,0.984678870772242
128,0.973920564982111,0.968024376804375,0.958424206369754,0.999439921124599,0.999296181742202,0.999285290214628,0.975402929916701,0.994794725781399,0.984605816074731
129,0.975529555985586,0.972162103083057,0.964821827221264,0.999734697980104,0.999526078291585,0.999697581416615,0.974864040994544,0.99226767678714,0.990190006096345
130,0.974870959343806,0.971003288652819,0.962801621048435,0.999892256631456,0.999932548674424,0.999757650578255,0.973320377548834,0.993671372321078,0.987106725900187
131,0.974025100672175,0.971367720512051,0.963756799486425,0.999719032463364,0.999883668296542,0.998763637932922,0.970042602928833,0.987740122915103,0.984819126591178
132,0.975196270510873,0.972651667684705,0.96718949278708,0.999820773553353,0.999652693807334,0.998759687422379,0.970627067655578,0.988623169436337,0.994042830927283
133,0.976950465010488,0.972697833034485,0.965634424428867,0.99968699929942,0.999866353107041,0.999681050439825,0.974427696344859,0.992264884498106,0.988363847922789
134,0.97330610144026,0.969319686905306,0.955878602152021,0.999734220191461,0.999589894967759,0.999243712881123,0.974521737800552,0.993878522920147,0.98528082659664
135,0.975634501474568,0.972248123270468,0.963645371556993,0.999458129774364,0.999942327349837,0.999551766488156,0.963479054749314,0.990821936355789,0.98493760941655
136,0.974340004888841,0.97140481380495,0.963515861663516,0.999389527344795,0.999822266756162,0.999311690696973,0.966944661813836,0.987543080396306,0.99125413604584
137,0.975033214697951,0.9712343020281,0.962026219257824,0.999614526465518,0.999790123556721,0.999037291111812,0.967432978498602,0.989994408044975,0.986255623220398
138,0.975395308195036,0.971534763522698,0.965821749346965,0.999812667693216,0.999901718618042,0.999207616327276,0.971970637103279,0.992537138414316,0.984077940345659
139,0.975464385063763,0.971522070312973,0.964595971043223,0.999635113761477,0.999097629658598,0.999095157157479,0.971994515501213,0.992202396435029,0.986278420266772
140,0.974980185248885,0.971960224953075,0.963179880325046,0.999083720619068,0.999800551143903,0.999470376019261,0.962401239525405,0.987845862875342,0.986117712297365
141,0.973708265584437,0.970561781184384,0.964832522790371,0.999757328754665,0.99895661952467,0.999482515886053,0.972089689654229,0.992161652869999,0.988960116284374
142,0.973066320250146,0.96951286946529,0.960195489392159,0.998658864300324,0.999735156642867,0.997544507972441,0.974142780056303,0.984908530399927,0.995268613531978
143,0.97593529143907,0.972169326031562,0.965119985884849,0.999823205218809,0.999886229171492,0.997611400185728,0.972201568771581,0.993392128844272,0.979202695630313
144,0.974099385210398,0.970921566974741,0.962068019283666,0.998916503413063,0.999866294941207,0.999857371517899,0.961123174008547,0.985621785249147,0.990118861646264
145,0.975379811978401,0.973194983533139,0.968292115761588,0.999559736295115,0.999754818191404,0.9992207846096,0.969000033091587,0.986556624613968,0.991596433072829
146,0.972308488706791,0.969078762939904,0.957020382453258,0.998206444672622,0.99950690333184,0.998803111532462,0.977735315431052,0.990651529585328,0.992157447750872
147,0.975054905878894,0.971510186700556,0.965944522547818,0.999639573944054,0.999919875855449,0.999302085820254,0.971089108318907,0.990725248632484,0.987985866616122
148,0.973622217080173,0.971753956544391,0.966542082494072,0.999759158146161,0.999293770683489,0.997288410442777,0.968066439065848,0.984291887960672,0.994533165175165
149,0.976172937044578,0.972957194037337,0.967306499799845,0.999791882932831,0.999822482004391,0.998393303382261,0.970561824490317,0.993760138609754,0.985540934416578
150,0.977477161371109,0.974275894533836,0.967482336291805,0.9996350048635,0.999866284155891,0.998264456048819,0.973376515576721,0.987824393569148,0.991012655235652
151,0.974123483488711,0.966349687728409,0.951042549841765,0.999209974220725,0.999778684597693,0.997440142482464,0.973282460937389,0.98542417454572,0.997249370016556
152,0.975938452012337,0.971981264687918,0.965082231045246,0.999629488673831,0.999800718311631,0.998290979647223,0.971235062655702,0.992747959789128,0.981374795049078
153,0.975957914186757,0.972301703725848,0.963995068535192,0.999519749687638,0.999812224463334,0.99883659738743,0.976631818484652,0.990817462769553,0.989280739540159
154,0.974302635724396,0.971505233166583,0.966369499337617,0.999191969441008,0.999533509729114,0.998997870644596,0.96764085937324,0.984959685343913,0.991173784062901
155,0.974625423304313,0.969708211599629,0.956625480740164,0.999484756608308,0.999880760261737,0.999254834261608,0.971870197240201,0.989395758429404,0.988539499200369
156,0.974637156168667,0.971434823285067,0.95843209419053,0.999815358499194,0.999783719123664,0.998732015098272,0.969177800260746,0.990745604243293,0.980837936250157
157,0.975324152666806,0.971948576634095,0.965432729506582,0.999662526408724,0.999728059249443,0.998798787809855,0.969429628983479,0.985812325102555,0.993506789021961
158,0.976018443309791,0.973289015991808,0.965526307369977,0.999305286226365,0.999662405417445,0.999073389688202,0.963231276340903,0.986038144117905,0.989696669212949
159,0.973890775997221,0.970341304789347,0.962447601804344,0.999673406669943,0.999754258361903,0.999183396516889,0.973257422009023,0.991148455016204,0.988421351001373
160,0.975237933598752,0.971610650388309,0.959739267813123,0.999595285681117,0.999694495785435,0.999618828899745,0.972088682876604,0.993798138564016,0.98621269945661
161,0.975833077788093,0.973419968330912,0.964949303193777,0.99903488568229,0.999910128337051,0.999491127061996,0.965187931978438,0.989796020924587,0.988618737117482
162,0.975205438851152,0.972456223330542,0.967045541315624,0.999534092079703,0.999659024200688,0.998859831776118,0.967855508009817,0.984814064229928,0.993987224586676
163,0.972836671455481,0.968511267438681,0.952648395182414,0.999455756051999,0.999913280319339,0.99708234720334,0.97272538948888,0.990266307478632,0.980194134162151
164,0.975552689973555,0.971613790347794,0.96261757522434,0.99894529627037,0.999890598750094,0.999309853254456,0.972799725722079,0.99372030457391,0.987087891172502
165,0.974448198448408,0.971485406444886,0.964076180320935,0.999654505533829,0.999674431278111,0.999514165032743,0.973408698691386,0.992873878146902,0.985447071991954
166,0.975803993375299,0.972759147171157,0.965574807540466,0.999600329579882,0.999057750050778,0.999404770736669,0.96971669566229,0.992856647329653,0.987012127298015
167,0.976493021177987,0.973508885791332,0.967028715201592,0.999764935110829,0.999754329261131,0.999069327833383,0.966762412737321,0.985379531759624,0.988147098252365
168,0.976613372189384,0.973445517017129,0.968794584081797,0.999584864620079,0.999516306059667,0.999690730034029,0.964835286606186,0.991879286618225,0.984505939556408
169,0.974515277634447,0.972022544890527,0.965674031595875,0.999813122102876,0.999644933998052,0.999405015213847,0.972001759288705,0.989054983728681,0.992764497145676
170,0.976899485119423,0.974096681816786,0.967631590501335,0.999720370744341,0.999105441746303,0.999285137486272,0.968907318313849,0.988362233887967,0.991068140793551
171,0.976682558995426,0.973543304608938,0.967731242271068,0.999621432319794,0.999500051262798,0.998299695407139,0.972180179068326,0.990793262236911,0.986182035682769
172,0.974358119495404,0.972061311506227,0.966725481486988,0.999834838986298,0.999561098098646,0.998868446026071,0.968925432459826,0.989308277754554,0.981837902344511
173,0.974969916829339,0.97213800311015,0.965162639076617,0.999035315451737,0.999725592078845,0.999442307644867,0.964013145145549,0.986317445787655,0.987493641296086
174,0.97426062115806,0.970394906351405,0.963970207469412,0.999240688165394,0.999184126558968,0.999740615549995,0.974529537361283,0.993495099717058,0.987102014368461
175,0.975333781928551,0.972773099666499,0.964490921069886,0.999675816581627,0.999918985841471,0.998903168346882,0.973142540744063,0.991506243687792,0.986852298948902
176,0.974866761240288,0.971487436385161,0.966474070968694,0.999824349282089,0.999796053687939,0.998249150270321,0.96758281335278,0.986404046123442,0.987164546844964
177,0.975719601896583,0.972509887828942,0.96493906954372,0.999773341124228,0.999686122115901,0.996319617653214,0.973325333566003,0.992337283291087,0.977515858487132
178,0.974775583986142,0.971643808051513,0.966750900568805,0.999566240600141,0.999859518904273,0.996065884366743,0.966678922505055,0.990844062095895,0.974494105469203
179,0.976642920331502,0.972222817962261,0.963588963630145,0.999577034558226,0.999614322554591,0.999378130515794,0.972655893473949,0.99256938338889,0.986917454096495
180,0.974031130283414,0.971278600326489,0.965591655598111,0.999664539615992,0.999921498223672,0.997216366827266,0.968168654067144,0.989047487432804,0.98029993037995
181,0.974844049669628,0.971958373144025,0.966640885250642,0.999539702009179,0.999611876513528,0.999767934371972,0.968536709942247,0.988764391071566,0.986673462976015
182,0.974913720255521,0.97158591363682,0.963384687970958,0.999362062554805,0.999624856877636,0.998800569993156,0.962903884811668,0.983480778091159,0.991004247999085
183,0.975858547843759,0.972652405463076,0.967618149300005,0.999491847131612,0.999815318741311,0.997456350155909,0.971967287426134,0.990295546154857,0.984614607554022
184,0.974600365576374,0.970910946184454,0.964365485521915,0.999883089161482,0.999602805456027,0.999216086727839,0.973055792299017,0.989305671449115,0.98879984069629
185,0.973920917556447,0.97005992821775,0.956752912962911,0.999620050477369,0.999339401077065,0.998106684648021,0.974521820147382,0.993927651963418,0.987402012817755
186,0.974567174651011,0.971122943013578,0.965918085486002,0.999821671050006,0.999601794263606,0.997756581221229,0.973959765607116,0.989392072299935,0.981919245199235
187,0.976691243323749,0.973215406210332,0.968284340875274,0.999623089846503,0.999575171150646,0.998854654511022,0.967882035238061,0.988838266598866,0.987742665206946
188,0.974991980556147,0.972243353749827,0.965641687377973,0.999738712346618,0.999920802545823,0.999625797340935,0.967031340955901,0.989553054759223,0.987658412683122
189,0.975638776460506,0.972794057389046,0.968394062485903,0.999181109772593,0.999741739865397,0.999466404656029,0.964010957689852,0.988379831425182,0.990643717201141
190,0.973766093455769,0.970083110579785,0.96019963065645,0.99951077784121,0.999744911328636,0.999130011746155,0.965157844502516,0.989632240368451,0.983392726144349
191,0.974915046891471,0.972754630517876,0.965884225590963,0.999878517387083,0.999778395022049,0.997058179591051,0.970890311766715,0.981361437508752,0.991604834990128
192,0.973072015620068,0.969047428923325,0.955493869965838,0.999643875402008,0.999949871456928,0.998999483365231,0.974506975705833,0.993445201846196,0.983513748252722
193,0.973737467276965,0.970360032599289,0.956535795801358,0.999112680895306,0.999579625992086,0.998849854401626,0.962635054004519,0.983321864382857,0.991703980934706
194,0.977849042123535,0.975686407993773,0.97067835219861,0.999198677566062,0.999613666718641,0.999229246176982,0.968407864316611,0.990209769631455,0.990554694804505
195,0.97381100048882,0.970681831186273,0.96312584144387,0.999838459901188,0.999918794144613,0.998244483337857,0.971992633723203,0.988995330532134,0.990088295437279
196,0.976259093023695,0.973297388964085,0.966686597479889,0.999519389620442,0.999734824927529,0.998505835633806,0.97479000811381,0.987875796876724,0.986415237298155
197,0.975983190525552,0.973543378263943,0.969351565896389,0.999417278820871,0.999806672255646,0.999411244300533,0.966967703640731,0.990583505118313,0.986974182320792
198,0.974553748595847,0.970614133750827,0.964996433858015,0.999756315708409,0.999487578106754,0.997531523940727,0.970375314198913,0.991737191919208,0.981427642501328
199,0.975089407990428,0.97187328079493,0.963474050767444,0.999733139086278,0.999550771646341,0.999798346515183,0.971470321438085,0.990507336470869,0.987525332961649
200,0.974847625337728,0.971472075688231,0.964893511670054,0.999372118367732,0.999855013853921,0.999565339488563,0.966534364783427,0.991609481082159,0.987808328960327
201,0.974378802508595,0.970888103602784,0.965056862084508,0.999948184771739,0.999390497746136,0.995931399629313,0.971272217556991,0.990543910137892,0.981291026876942
202,0.97391654082634,0.971764053807522,0.965932775522898,0.998838288840503,0.999795965499155,0.998422284518519,0.96115951681158,0.983798363700642,0.985605243193633
203,0.977163058140918,0.972948120619286,0.9668901609097,0.999685004063106,0.999758571954129,0.997149507612889,0.973611928179977,0.991117981503265,0.981335832856007
204,0.974406655091699,0.972012207477081,0.967331939150272,0.999886780662869,0.999929693325649,0.997969121813036,0.970401765439279,0.984751234219619,0.987393712112512
205,0.976022760978225,0.971753994563524,0.964657404347769,0.999206841344818,0.99973401424633,0.998924582228325,0.976005698997811,0.993756984750059,0.989720012732147
206,0.974721331379911,0.971131048738492,0.964215527074388,0.999747796891674,0.999895289166968,0.99611331544578,0.968795059260611,0.991219519604062,0.978483325081828
207,0.974083274762941,0.971365637208951,0.965342089999901,0.999731434595355,0.999815211264017,0.999100369333476,0.968157539344109,0.989249658517645,0.982270308137601
208,0.97431833580037,0.970453994544363,0.963112143938541,0.998135776210065,0.999287188539526,0.999238495238986,0.976735140122301,0.991597476466378,0.984803343468484
209,0.973436448291684,0.970504465892326,0.964109435775119,0.999394312425844,0.999786022332086,0.999430520978375,0.965439840504011,0.984651100150652,0.991403617569515
210,0.976570433319064,0.973624486063595,0.963560948209217,0.999375551538312,0.999852125295117,0.998460792342312,0.975753198814485,0.991575779854969,0.984234235088221
211,0.976689409229538,0.972657006712839,0.964680822035906,0.99957416315258,0.999839055846045,0.999192764569242,0.976188518947692,0.992256389593751,0.991786477927192
212,0.974437856759907,0.970282708809728,0.962207812182493,0.999766510698908,0.999348083334333,0.998966923986467,0.975399218811609,0.991966900518957,0.987071111055236
213,0.974320204031866,0.971127292175012,0.958826740710629,0.999738898802256,0.99963311578014,0.997684393458928,0.968992181508058,0.983694052273468,0.994131884067591
214,0.975146761317643,0.971807949960913,0.965429182076808,0.999587088075975,0.999608282975958,0.998629298573046,0.972076350344077,0.990349857574732,0.981527747840705
215,0.973962989073741,0.970962798800179,0.955338783353251,0.999937760881935,0.999915350653495,0.998928671149518,0.971314751490482,0.992187201766139,0.985662050403006
216,0.975516320633698,0.972590228815677,0.968575258382854,0.9994962269362,0.999880308845088,0.999754688655792,0.967226911610385,0.987832586200281,0.989443301979591
217,0.976149190541751,0.972584177889186,0.964737569455899,0.999537725843018,0.999776336196937,0.99918955980744,0.969210610485263,0.992198541962039,0.986441025013393
218,0.97415904833588,0.971685925567807,0.967463456057718,0.999816565511401,0.999829045764051,0.999890538355937,0.968256775690822,0.990008067490432,0.988557208042851
219,0.974831410648591,0.971626406944627,0.962822925675485,0.999488108548762,0.999916591400492,0.99905692278861,0.974220934456538,0.989522473627756,0.990126653417016
220,0.974407287348377,0.971312033214748,0.964059304007698,0.999604583160762,0.999861764219952,0.994478270362413,0.969035005152749,0.987671095364174,0.975483702881052
221,0.97588043163532,0.972886062044009,0.966900951110861,0.99952210145877,0.999785906668937,0.999364813529485,0.973904041646088,0.989442987716487,0.992924616301676
222,0.976567797203963,0.973798501676453,0.966502415843621,0.999072865064404,0.99962438009522,0.998943088298846,0.964020382533097,0.986150633784408,0.985958861345068
223,0.975521924327218,0.972646806893457,0.96696414662539,0.999079652916203,0.99961397805625,0.99820343769545,0.967818608431934,0.984639894250643,0.983994999612622
224,0.975454516136529,0.972401742292516,0.96792560715555,0.999622177248488,0.999047764845177,0.996890834350783,0.96446174406812,0.988783162675191,0.982015125739482
225,0.975133599461917,0.970854866664039,0.954794241781332,0.999525295321223,0.999816614968046,0.999684801865464,0.976508383852682,0.994510730931731,0.987190274410935
226,0.973453460440662,0.968003351343756,0.958472437375575,0.999274464664794,0.999941261407089,0.999094396472019,0.9771886730043,0.994362372053308,0.984721941789101
227,0.975348332877265,0.97157586177402,0.965644320899044,0.999564042571207,0.999348004945653,0.999515349293102,0.967777053538953,0.988121118037931,0.991578252163333
228,0.975863538657438,0.972991546588089,0.968792563015152,0.999513169326308,0.999571551574971,0.99680254227968,0.963446672844375,0.98976941883512,0.975270846423896
229,0.975566091759881,0.972420661022103,0.965159070006438,0.999841909195764,0.999921342673842,0.999116073031457,0.970666911124663,0.989737744152186,0.989072559081917
230,0.976413162297128,0.973422161453063,0.967621818558828,0.999770376072082,0.999799027631749,0.999243947157788,0.967317081274142,0.988466630723561,0.991449930532423
231,0.975410339786104,0.971697226703998,0.958697306730756,0.99966518775496,0.999812076780692,0.99888071218423,0.972842714888174,0.990372913408367,0.988518561704256
232,0.973975345385307,0.971119145346109,0.966139317758395,0.999574310406724,0.999820065725343,0.992863544796538,0.967311393455355,0.986949942839303,0.970006565894818
233,0.973510347950585,0.969646900245698,0.957705649970277,0.999707543558114,0.999696653127829,0.999205866384219,0.969478872416546,0.987342538150311,0.9925927781954
234,0.972989236744512,0.96951621326493,0.962076775595942,0.99968719255528,0.999789621631201,0.993163472036186,0.974748032115928,0.989535215801192,0.971328137340189
235,0.975858134228758,0.972939191035781,0.966903368500934,0.999000287857813,0.999753591781367,0.998529853017707,0.970262998678317,0.99193130291,0.98252991181124
236,0.977218357961511,0.974278073355776,0.969320023650357,0.99968051897057,0.999525548937096,0.998829526338766,0.97433287423651,0.994195218485769,0.98330943854679
237,0.975036905449262,0.972694589880245,0.96627661289214,0.999767151422165,0.999741863196449,0.998883366473988,0.967602172326683,0.989385749388886,0.985320801433816
238,0.974481509803897,0.972115117800165,0.958597628194922,0.999703501267719,0.999770651676821,0.999600215449489,0.969833940125018,0.987599658851822,0.992551660755004
239,0.976026609511732,0.972021209556265,0.962538848939491,0.999608660593674,0.999752296617722,0.999316422480807,0.966220543768003,0.991807355598732,0.985626780347416
240,0.974428463820599,0.971182068341631,0.960138573208564,0.99965323199604,0.999892702794187,0.998641926582788,0.968399854128781,0.9874826384278,0.992300986895798
241,0.973373640509386,0.968965536025802,0.96105607145885,0.998650154141363,0.999879632780307,0.999067479528422,0.972507171799827,0.985737761497646,0.991600577524488
242,0.973648878019335,0.970355387250002,0.963303733909499,0.999748017285512,0.999645561094227,0.998439198380555,0.972211879303889,0.991755766601825,0.98852358116177
243,0.974760351525279,0.971868883454368,0.9672189972132,0.999657289936569,0.999819721528861,0.999628258494222,0.969483643496239,0.990579785869671,0.989346482303556
244,0.976068084061153,0.971786542937269,0.965011351889649,0.999738692980334,0.999461700984505,0.998405881082334,0.971086807426501,0.986078006836926,0.992184704278096
245,0.974156949276286,0.970759358096848,0.961757227040978,0.999636346265983,0.999849712566513,0.99838526870116,0.965825075771893,0.990246737825331,0.9871356553513
246,0.976493989150225,0.973023730253557,0.964142541830537,0.999759681527066,0.999706411505225,0.997157539215588,0.967875786315115,0.991285720126515,0.979938790947736
247,0.975836398313465,0.97214839904516,0.966495575305624,0.999032128528268,0.999801663745446,0.999554034289292,0.967735702586803,0.987343359384588,0.991626454241409
248,0.973306727168875,0.970855457925021,0.963445237595854,0.999628103627584,0.999709523545342,0.998482233829837,0.968422324936996,0.983306389068424,0.991786488645544
249,0.975613786513569,0.973336116822697,0.968501920597256,0.999176643760621,0.999794439273531,0.999185889743476,0.966456633942914,0.985509382476581,0.990267273630914
250,0.97580636029807,0.97132058070245,0.957863321609848,0.999879975165533,0.99948533336912,0.998891689689858,0.970501463367622,0.991433967797735,0.990437124574369
251,0.974433485370202,0.970239253945355,0.961627363700472,0.999405722606106,0.999703536458673,0.997073730231618,0.974077979426103,0.991693456815054,0.977501437004862
252,0.975632548299233,0.972209131396706,0.967211875512887,0.999811118573883,0.999102250734248,0.999079896573785,0.97232299675841,0.993259574828391,0.984153301733524
253,0.975536806737456,0.971791743123083,0.960071160125595,0.999378094940753,0.999760081266542,0.999258971855588,0.970360519512265,0.992686654710313,0.988253761717556
254,0.975142564027249,0.972250715544052,0.965689686710067,0.999865009664375,0.999809542697741,0.99915115345636,0.970703777230602,0.988049948197328,0.991604154587137
255,0.972686361829345,0.968281234265061,0.959455214927032,0.99890488289024,0.999732085032248,0.999087864361865,0.976450871689328,0.990733498660223,0.99253829323053
256,0.975578292745967,0.971927090055609,0.962997125991929,0.999401919771976,0.999488981936025,0.997839355208528,0.968517315838018,0.985989595357147,0.994078079859303
257,0.973519615154859,0.970251563794049,0.964191048448995,0.999184008950388,0.999854670112289,0.999071810706744,0.976201398559077,0.993998050436312,0.986140559862667
258,0.972966771216282,0.969902465597994,0.96535669796647,0.999107803077806,0.999940435096685,0.996828092448375,0.965788724644456,0.988733459146315,0.97795297409844
259,0.973161222318927,0.970171057249039,0.957994428249583,0.999554726697238,0.999809031275386,0.999804210909126,0.968956664728786,0.989774318752567,0.989282527873208
260,0.972863529521097,0.967687337601939,0.957934439034933,0.998928279142831,0.999901623957088,0.999170746637939,0.979647312855187,0.995111676603909,0.988715787694952
261,0.974696733488081,0.970587028648493,0.957780070589346,0.999759044796202,0.999489394077961,0.99899910319611,0.97496876574661,0.989049553110613,0.990581562214139
262,0.97557385501476,0.972171073685626,0.96512964065853,0.999662012436492,0.999861199551106,0.998568687390715,0.96572661554997,0.984629007850887,0.994466458330874
263,0.976009026855453,0.972135235481169,0.965329262285475,0.99912462430995,0.999824872875497,0.999730857887811,0.972583181556306,0.990359191579433,0.986445181508804
264,0.97453775680606,0.971261624884676,0.964377254802953,0.999890191533535,0.999890387918385,0.999745144696557,0.970237172652507,0.992194479288662,0.986376550483984
265,0.975313362402924,0.971358538959671,0.964559760495501,0.9995220416841,0.999879882215308,0.999676801574597,0.97307940742275,0.991775248472045,0.98738244658899
266,0.975359289342741,0.972317889568377,0.966335253981892,0.999822743955513,0.999871080546859,0.999103134009647,0.967988568358285,0.98811953094491,0.991362739927679
267,0.974068775618125,0.970647184412904,0.963153275624909,0.998922683468057,0.999937492494603,0.999061075602294,0.969062728876644,0.988973280203065,0.992181542400492
268,0.975803401951528,0.971758528157712,0.966268182226204,0.999593635066044,0.999834824776295,0.998582930235472,0.973272425312058,0.990365453723073,0.989756072028167
269,0.973972746317707,0.971526298158567,0.959993188644338,0.99959642053845,0.999669736311685,0.999422582366335,0.967790140997807,0.991851024725675,0.985571270807638
270,0.97407023890394,0.971094200976679,0.958616323311223,0.999825014026892,0.999679634126725,0.999297596545125,0.96685151896327,0.991536506226663,0.984923729124989
271,0.974721877337227,0.970828615902873,0.96487741947048,0.999028395393628,0.999796725568017,0.999811066142893,0.968303119605996,0.991670885785796,0.987457612986796
272,0.9756520462869,0.970923187879754,0.958599389686351,0.999243993610004,0.999850552777279,0.999342682091408,0.976697601725084,0.993106807737073,0.990344584286655
273,0.976508224611096,0.973274976550772,0.966328645771033,0.999677107675389,0.999545917257038,0.999439092337375,0.97026334002382,0.992040307928303,0.985181375205849
274,0.97508406194437,0.972516603771981,0.967503688635132,0.999857932041023,0.999496774115134,0.999121467446465,0.967580315636025,0.985397740575215,0.990524214792419
275,0.974486632909692,0.97148232128514,0.963664990067516,0.999600649022434,0.999640355962891,0.999792550081078,0.97024366299645,0.989148304278295,0.989716517962152
276,0.975943594432663,0.971798827598096,0.957444878983672,0.999856746881695,0.999640770354869,0.999845659277502,0.971746724931438,0.99181100767676,0.989022807439966
277,0.976842922437378,0.973591482424183,0.963175970134609,0.999075784504431,0.99986931485703,0.999111444479764,0.964084309024996,0.986768662431955,0.98989063034443
278,0.975444808527581,0.972139258303109,0.966591305407391,0.999166932447593,0.99990191009307,0.998472952849304,0.96174322265363,0.980872557926535,0.992161797156083
279,0.975548984848751,0.972262293497884,0.966038571134097,0.999052447065511,0.999829653255582,0.999047551862072,0.97617181508097,0.993781688329847,0.9844286245269
280,0.974220223717837,0.970049512376585,0.962942803499341,0.999428701599479,0.99946667635043,0.999289438865183,0.961663279852234,0.987091240845325,0.988562278838144
281,0.97450260718068,0.969870235459491,0.953126454607614,0.99955551291211,0.999711848708143,0.999678786359043,0.975062359819537,0.99177959131415,0.990503376223294
282,0.974472842080809,0.97151806711568,0.963467383818344,0.999795021859327,0.999824128177929,0.99944255746655,0.969986318957851,0.991434055131799,0.98666647787613
283,0.973190647062581,0.9692111689114,0.961701226667243,0.999741954709027,0.999584534649246,0.999841213177225,0.974165681387536,0.992347276090447,0.989797805181682
284,0.974407844351489,0.971627759948267,0.964412267853203,0.999887182770892,0.999706497500071,0.999075580211414,0.967839038320525,0.989633070279187,0.982733206011797
285,0.973003960723904,0.969929355719782,0.962342719689365,0.99967813716688,0.999850489770538,0.999435460599663,0.969428506330897,0.987721032405899,0.987977865698069
286,0.974853177942896,0.971754106070798,0.96610139674256,0.999559517482133,0.999861197136392,0.998991718720333,0.97219135831448,0.988831235036921,0.991501448519596
287,0.974286648112132,0.971316033151972,0.964844591840607,0.999509625876345,0.999803052268245,0.99969900899083,0.969152807307712,0.987463965426664,0.988773212529778
288,0.976406534313156,0.972887857366016,0.9680645471662,0.999683549601749,0.999735031770048,0.99977527223386,0.968879511017199,0.989958684296662,0.988768503547729
289,0.975959384915633,0.97295573332218,0.965978776016968,0.999118203685504,0.999739927737311,0.998921683704651,0.96067157529024,0.984703581086854,0.991213017813885
290,0.973000944569752,0.969962860597226,0.962339044190579,0.999549768278167,0.99950364058816,0.999052310490142,0.970600965916834,0.992422143272385,0.98567629258285
291,0.974118419665759,0.969437189787426,0.955929099824498,0.999422219510022,0.999728547430051,0.998012240724787,0.9768430058655,0.9921279143149,0.986737698742832
292,0.97605447147872,0.973004507361039,0.968806393912233,0.999296062948956,0.999957271662831,0.999568409586486,0.966005746182017,0.988296461246962,0.991125471857069
293,0.975123240405785,0.97198630448893,0.967159773536449,0.999754560549254,0.999864362435196,0.998711876990974,0.972335950706649,0.98719719698799,0.993062509803364
294,0.975191067768428,0.971723207388651,0.965021034932873,0.99988079212672,0.999932980925901,0.998967938841204,0.969561408412713,0.990784919159316,0.983322194438299
295,0.975284601450065,0.972266878742167,0.966546905406721,0.999870902115767,0.999824701131115,0.999571179318584,0.969022991299177,0.989681959469128,0.99107421649312
296,0.975616439093769,0.972593927945503,0.962423668741358,0.999489117713821,0.999645278813895,0.999563748323971,0.964152042528314,0.986341975645371,0.989135934124762
297,0.972670073036637,0.97038158785912,0.963677737665096,0.999538584054289,0.999690763924164,0.99870811401017,0.968085620802413,0.985008989774424,0.991125656101532
298,0.973622543070751,0.969567493023544,0.962511491673402,0.998453858601359,0.999849829968468,0.997373490306529,0.97194697673672,0.9877577389297,0.982948462177418
299,0.973814786472575,0.971035204580986,0.963213303705992,0.999440152947031,0.999681035074516,0.997949788215742,0.964244173715767,0.981432251469624,0.987900360438716
300,0.977606792262745,0.974462795075106,0.971083385661465,0.999546177612719,0.99952786722363,0.992403200067249,0.969673480547663,0.987935338054647,0.967607666271871
301,0.97554205921788,0.97270753328376,0.964008282544365,0.999420471743836,0.999619126555106,0.998889450368372,0.96527941021043,0.985704726900565,0.987487701295953
302,0.974446029192874,0.971259474070053,0.958950844588713,0.999754708495773,0.999768476746409,0.998818779668047,0.971077964701631,0.993706791199006,0.986708523455471
303,0.974546991937101,0.971619453380543,0.966310625441537,0.999818427359604,0.999843743480523,0.998833024469418,0.968841169614111,0.987060229971468,0.990843206773656
304,0.976791082134869,0.97369584688929,0.968122001502072,0.998597269473196,0.999817342446959,0.998758293735709,0.974205365900083,0.986338217037533,0.991494656259266
305,0.975593967376227,0.972621417702672,0.965811296898566,0.999241609719931,0.999219044188662,0.999702881655665,0.965971751328521,0.988546079119755,0.990163037689884
306,0.974990891233705,0.972494652581463,0.965379853161357,0.999906318828931,0.999470611390078,0.996384483649156,0.968399321480003,0.990453249894165,0.978619227716305
307,0.975421242438711,0.972063474083752,0.964813414075966,0.99986003597864,0.999621821593988,0.999361921468754,0.970931850409033,0.991386064452772,0.991090890703344
308,0.974634835484031,0.971172493124557,0.963467780103627,0.999415601733574,0.999654917113401,0.999414601231865,0.965438406897277,0.988706185328919,0.988350591001182
309,0.974813893800649,0.973016219038778,0.966317357023693,0.999739236770359,0.999321003249993,0.997188673387325,0.968059952827288,0.98992269647807,0.980924782852244
310,0.971800683618321,0.965590316086307,0.946837770198962,0.998604121370581,0.999455525156773,0.999075859386255,0.975231176460585,0.991571372384472,0.991466651241914
311,0.97437242829398,0.971766307119369,0.963658971329483,0.998740732706791,0.998873557448818,0.99763228001446,0.961638814897173,0.98919425749875,0.979252587316143
312,0.975847556469527,0.973283384147364,0.968075824648154,0.999265860846998,0.999739925859727,0.996917706664882,0.9672496353489,0.988859344940962,0.981738858340086
313,0.974844622112969,0.971677826307387,0.967596078348622,0.999339620273174,0.99977487401273,0.999661365361657,0.963785318365161,0.987657852164465,0.98529751900599
314,0.973161938714289,0.970251993682465,0.956756986340106,0.999851172956199,0.999844911196101,0.999413203104598,0.971876454375585,0.991274545019153,0.985793360728494
315,0.973463926914448,0.969184529663366,0.953503936805475,0.99936185457292,0.999752889497981,0.998395335753017,0.973636248542138,0.99373545683547,0.982513386440434
316,0.973030364789831,0.968354758266542,0.956250453773154,0.999241644389603,0.999902760203438,0.999672417364178,0.969774279837061,0.990222303179878,0.987784849019802
317,0.974787536959022,0.97105868160034,0.963389256616185,0.999773579835739,0.999828343253395,0.999634603975507,0.970911957821979,0.990092595135652,0.988411667517302
318,0.974163512209665,0.971000866238445,0.962850338038209,0.999359961868127,0.999806324899206,0.997839933108968,0.973759602934568,0.993811816456703,0.983393326906869
319,0.976727183480252,0.972586681846689,0.96647883112854,0.999635940183402,0.999813099083841,0.99864205519244,0.974207410244275,0.988442119126801,0.98629150644376
320,0.974548447790618,0.971860366123373,0.96393184555593,0.999879131114276,0.999845700242853,0.999452616141697,0.973045697013267,0.990481680985382,0.991482618524341
321,0.976096382710395,0.972534340569039,0.964693795011055,0.99884707088312,0.999850772852317,0.999154586081977,0.968892289213341,0.989027773009921,0.992683957743601
322,0.974091346995133,0.971335380848183,0.96560497137519,0.999159769683223,0.9995552503413,0.998624795233734,0.971925580101403,0.992822042068126,0.982992015277814
323,0.975136829918101,0.971453237528196,0.963268798589117,0.999701774834854,0.99978992242163,0.999136002580856,0.971138738331935,0.989947053663919,0.990708163461058
324,0.975524756105196,0.971650645900008,0.964029232184751,0.999136994680315,0.999537466753524,0.999836053775108,0.975384131758009,0.99200946408953,0.98711569676715
325,0.973971500627116,0.970653269959729,0.964545304223961,0.999816678460415,0.999617200394857,0.999292574949867,0.969069401484592,0.993655900571275,0.98428273742209
326,0.975954824646248,0.971115545389944,0.963851643252897,0.998810103825211,0.999749939024385,0.999183677846948,0.972186305264918,0.992198151337903,0.987945360503794
327,0.976037647260515,0.972282525508042,0.964143337321621,0.999729048662563,0.999417517887483,0.999485814502173,0.971085171626309,0.992334015613383,0.988531317410343
328,0.974417250475675,0.971294662812483,0.965094176892936,0.999254839367689,0.99974497080655,0.999555015242853,0.969659497054588,0.990347619903575,0.98661400025654
329,0.974762054354838,0.971758282388972,0.961183759186673,0.999842667860208,0.999915370617683,0.99646295739557,0.969023790948342,0.990936384604675,0.981561294434077
330,0.975747780346827,0.972808231067381,0.967879848163984,0.999578178593417,0.999867241140407,0.999318076874449,0.967223745950596,0.986916273393768,0.990269981997488
331,0.975068955673894,0.970857291250634,0.964507919345831,0.998961438618243,0.999910812225566,0.999111027055424,0.970558329177995,0.985384267584611,0.990072534944818
332,0.973372425480795,0.970330875283895,0.955802022018666,0.999872692714543,0.99959363325591,0.998610889172501,0.970363450116363,0.988550786144367,0.989371691186964
333,0.974690029964622,0.972070907582766,0.966428651000608,0.999281575825789,0.999733863106504,0.999718454745832,0.966081604353149,0.986405968749078,0.991068953089951
334,0.973471973681694,0.970519706979079,0.964259625991606,0.999769845625367,0.999906267170368,0.999482116455508,0.971884943304452,0.992433231187888,0.98884587713903
335,0.975300329394248,0.972736375288889,0.967200669767413,0.999804185999574,0.999793985511541,0.99858165554865,0.968579978553898,0.991404942123149,0.981827660513193
336,0.975625023901008,0.972923260409062,0.966572296089435,0.999249054739894,0.999923951806208,0.998624804286267,0.965956975475503,0.985629518726611,0.994055445749485
337,0.973893761110501,0.971055822416642,0.961297398509847,0.999334989736269,0.999874647279371,0.998896659340801,0.963829485469122,0.985144728534084,0.989960957371294
338,0.974744489484734,0.970934389115671,0.964174595471247,0.99959810245559,0.999773430149129,0.998521800036743,0.973003202639401,0.992465624520036,0.986491835077054
339,0.973999982554874,0.971285101856682,0.96643983795959,0.999718231668918,0.999932594216441,0.999688495673604,0.967585462866892,0.990769796513537,0.985735098419007
340,0.975110623983861,0.972753119402182,0.966017278846068,0.999731197860643,0.999747194415505,0.998989060937371,0.969624879925586,0.987941669680474,0.992046916738782
341,0.975274841639047,0.97254482925419,0.968576413854303,0.999460937480844,0.99972939148331,0.998618452533482,0.970050735212956,0.987322072811205,0.988163009640065
342,0.9764556705956,0.972963446350642,0.965000071530076,0.999740795477445,0.999619955160529,0.998716681564605,0.967950886626939,0.986211505578663,0.99288888802018
343,0.974985214768168,0.971975505855153,0.964702744867205,0.99975134573716,0.999764932268669,0.99905731783474,0.969970278627612,0.99101388172099,0.988253078945285
344,0.976400930798321,0.972567808805399,0.965716406679248,0.999643322174629,0.999309159093335,0.999302386907664,0.968865730013962,0.991083577179685,0.987930258778712
345,0.97334347732479,0.970891927816217,0.965169049728736,0.999714338835784,0.999691532368264,0.999411728937597,0.972204924605686,0.994239560130072,0.987051663041984
346,0.975525517190889,0.972275518509781,0.959950261092219,0.999854722476336,0.999544313918961,0.998707994447815,0.971299509762847,0.98747000966091,0.98953024570996
347,0.973262525993963,0.969999168014919,0.962944674379358,0.999250706828633,0.999894592945139,0.998982209284402,0.975327209356027,0.993205519001911,0.988252984423985
348,0.97624375575918,0.973316425721004,0.967699785476414,0.999072632787387,0.999290446658395,0.997891582853952,0.975697120591057,0.991370871951771,0.97722358161835
349,0.974452544780351,0.969507428591988,0.959605729738955,0.999387722768398,0.999499226731098,0.999094379954784,0.97666077873288,0.991039129563268,0.990940495616792
350,0.976107606888655,0.971394585426621,0.958178381456773,0.999570874472846,0.999494624813618,0.999318770173243,0.973817402081685,0.990746774424804,0.988866905515041
351,0.974163981816048,0.97118253091236,0.963612693222548,0.998015098021642,0.999844727594433,0.99929659152434,0.959505018367239,0.984968052494192,0.987793285519478
352,0.974123652527557,0.970101819844203,0.96315466577992,0.999752140328881,0.999751279843361,0.998489122296614,0.973311357742846,0.993005162217633,0.989726553763987
353,0.976935094027543,0.973067844172841,0.96702073052133,0.999694311308932,0.999706761492744,0.998475418018777,0.972492736181548,0.991079900501855,0.982947325386766
354,0.97468218811826,0.970459034340248,0.962996017181044,0.999169082429649,0.999616055796631,0.999408688261269,0.975724340208512,0.991944534017609,0.990531856680801
355,0.973350941195869,0.969736364149617,0.957774868959808,0.999567410693037,0.999904656683105,0.999634192834817,0.973572419549811,0.990780780800669,0.988331376334717
356,0.976301079586556,0.973204570721487,0.968752572439061,0.999479598956876,0.99973362506891,0.998811364594104,0.965588930323396,0.984832873938671,0.985582871437287
357,0.975347010807612,0.972530716445731,0.963772804677074,0.997903999132004,0.999656701597685,0.998863130195644,0.96564309451023,0.985411149339873,0.99155719424717
358,0.974803398924841,0.97040078919165,0.959005782734629,0.999290767872779,0.999693129631979,0.999290916969065,0.964457957432131,0.989650008764554,0.985511706831221
359,0.975456019987645,0.972042358227171,0.965652134639218,0.999523620715007,0.999553234298848,0.999137138000498,0.964503352588324,0.988900121719737,0.984298724878725
360,0.973714137600685,0.970549117106666,0.960895301940463,0.999841291071977,0.999847151191578,0.999406924849323,0.969018942074279,0.987595421942897,0.992519856985497
361,0.976890254348025,0.972819826692482,0.967146243076435,0.999026340539769,0.999769851315296,0.99846149854134,0.966904338400156,0.991753987798027,0.985584879209143
362,0.97586429955675,0.972823133619672,0.961461395042182,0.999519129346383,0.999922208480745,0.999061906490201,0.968312825688743,0.989229204466539,0.984761385314308
363,0.975653181603555,0.971019350680579,0.962459440434082,0.999413458425969,0.999566018741385,0.999257826938275,0.974288715493691,0.993305415724913,0.988356423448433
364,0.975835143172852,0.971096025804969,0.962361987178809,0.99975580916903,0.999594631142389,0.999685602560127,0.974590331178433,0.99113978350765,0.991513270461351
365,0.973629131408424,0.970306782057683,0.964191210970033,0.999609037253288,0.99988212202627,0.998921698812304,0.972933782547405,0.991913312444387,0.990535044368937
366,0.977523677830776,0.97531629232658,0.970505458035467,0.999667039664821,0.999894672045147,0.999137844640453,0.967858249684486,0.991260855434457,0.983833148172948
367,0.973889941144165,0.971071143584636,0.963334221664251,0.999138141860364,0.999689184832042,0.998468025973178,0.972074264004154,0.986646897584229,0.989880326021524
368,0.975194570983194,0.972211544536571,0.964600936391339,0.99973393711365,0.999728982389254,0.999866158164012,0.970876377017284,0.992292043048274,0.989094236887424
369,0.97559826423529,0.97294127784065,0.967998668998946,0.999750781386846,0.999610304486399,0.998171394858463,0.967577650147403,0.984526807268156,0.993685295326178
370,0.975387231998966,0.973081048161539,0.967369304400006,0.99968216839968,0.999338982171605,0.998944306716847,0.968951585027176,0.985921668721465,0.994214156437314
371,0.974433292467362,0.971083379939684,0.965134089132112,0.999860876383951,0.999836128656584,0.997708297434505,0.972105712067177,0.990531173596171,0.983870010798086
372,0.976326512024344,0.972949623933122,0.963251069516386,0.999577810778526,0.999791115095983,0.996201365794864,0.972007147552761,0.992374382922447,0.979415546908356
373,0.975599077477163,0.972326506493221,0.960879538835066,0.999827842074646,0.999892651885977,0.998790617603128,0.969966194964503,0.989191952302388,0.992676883823268
374,0.975793156119649,0.971054292149787,0.955141341363258,0.999697290707549,0.99988653640061,0.999804458638194,0.972959870261435,0.991282542911647,0.989786002423684
375,0.976163724123987,0.972592408800329,0.960902711533558,0.999722344073227,0.999616597476579,0.999619707281772,0.971010712609622,0.989832602327188,0.986504677763695
376,0.975007370670804,0.972350842222533,0.967207940391513,0.999740409699781,0.999859538293457,0.999623901486891,0.966856367997615,0.990091202418241,0.987543915910269
377,0.974868852497509,0.971759813388273,0.964706136674895,0.999730194000136,0.999487020316135,0.997221329727787,0.97383439743052,0.988847629754697,0.981654927261932
378,0.975381765713442,0.973109033798381,0.964955395369755,0.999645487969018,0.999852583828256,0.999282742864311,0.967800559858886,0.991120697006554,0.988750908892701
379,0.976737584905169,0.973916064364647,0.968136415520602,0.999678426803348,0.999707624014341,0.998203015772519,0.970100678581566,0.993371355907894,0.983334676810167
380,0.97380764899868,0.970443080683562,0.958601058399677,0.999531749794045,0.999795379413722,0.998734456223052,0.970205474380284,0.991016666951811,0.983044484615908
381,0.975183417235263,0.971428486876608,0.964037661663765,0.999728195476056,0.999888310556592,0.998994398715764,0.972401890646308,0.989668935188525,0.991646974715127
382,0.974391133405153,0.971476597850245,0.964243939526607,0.999819941374555,0.999827794216683,0.999250554949306,0.970777144697039,0.989460579954239,0.991787856063493
383,0.976726949186237,0.973651649619047,0.958455852881821,0.999631416579617,0.999698064816694,0.999102662223896,0.967648728559787,0.989959194396095,0.989400321947643
384,0.976090624191081,0.97307252253529,0.967358738257674,0.999636426165978,0.999137582227675,0.999678282437301,0.963172824799536,0.991566101163361,0.984635665211324
385,0.976808675853351,0.974074707733503,0.966797612270412,0.998866976259694,0.999802868994062,0.998790357470491,0.966097201557462,0.990614820065222,0.985603509717987
386,0.975963142191169,0.972484413889632,0.965347087040053,0.998471359554917,0.999882932091054,0.997081177920988,0.980697381854018,0.990045124571001,0.979875914644991
387,0.977126518245722,0.972365087904494,0.966635790290875,0.999673982529974,0.999561626823621,0.997138414717241,0.975183236776806,0.987609200810472,0.982749251442412
388,0.974325938300477,0.970956489380014,0.963314249823325,0.998864960994771,0.999763549782533,0.99865302530677,0.972762529796575,0.989270683595455,0.993308906352636
389,0.974722585557966,0.972481570457372,0.967060518751384,0.99977269177571,0.999690451438651,0.998452291211403,0.968133990165465,0.991217943381754,0.983991213560627
390,0.975344769860216,0.972470275335471,0.967975315680705,0.99986618495596,0.999803209331561,0.998880178177026,0.969741622681564,0.991554898389098,0.981985386418828
391,0.974671889847474,0.97099689005123,0.959452926512173,0.999178197833785,0.999765261356982,0.998348468306973,0.964620848845702,0.982240353919231,0.993505792019742
392,0.974760427830317,0.97224116796764,0.966258711996235,0.999619492536453,0.999661018245031,0.999271147155119,0.965454133462704,0.988391085963937,0.987797983921128
393,0.974717107805676,0.971414314451607,0.961369454910722,0.999809124924795,0.999530431147845,0.999475654458007,0.966966393360694,0.989996225341745,0.987281938921417
394,0.974384264815758,0.971084031580746,0.962391180047697,0.999669396664025,0.999570467410548,0.998627478958615,0.97215449684667,0.990571166934108,0.992761822363689
395,0.976767975662376,0.973565827675946,0.969209777879807,0.999676655182037,0.999766853001795,0.998186396390153,0.968389794007297,0.992589193521856,0.978055140594291
396,0.974040513490497,0.970721957132313,0.962549822124311,0.999038055402823,0.999848036978274,0.99837937810103,0.962015014893145,0.985566943193588,0.986537474036238
397,0.974269583418106,0.970755594251515,0.957510045609977,0.999708981980966,0.999739276873207,0.997972458381663,0.966813091296874,0.987506184513392,0.992939029021277
398,0.975080775039817,0.97085785433611,0.963389642676624,0.999532831146334,0.999860454029353,0.990118750073577,0.973249570620389,0.984469024796507,0.969913637229509
399,0.974414201024796,0.970697242682593,0.962537692076992,0.999439439201048,0.99969010442404,0.999194644952668,0.969220558934803,0.990271840683064,0.983323487691619
400,0.974161160354985,0.96986866305353,0.960589008342932,0.999713558557854,0.999864218221274,0.999315841919421,0.975827803729556,0.993923509053277,0.987022786618638
401,0.975372516515821,0.971194607839117,0.965635958770666,0.999634694212045,0.999835187176729,0.998426539891566,0.972722665161594,0.99490722159166,0.983925954053874
402,0.971842409678512,0.967121993476608,0.951562330052672,0.999107536675285,0.999843733513831,0.998736337116936,0.976532918914448,0.992786042032163,0.983655755405733
403,0.974346270692629,0.970560128711435,0.961369623009138,0.999269691496129,0.999473670216376,0.999243216638089,0.964247313291292,0.989362273789115,0.985489754238081
404,0.975408980803937,0.972242379118915,0.966169817351809,0.999577221745365,0.999868493224776,0.999452845869402,0.964295211917418,0.987336701807017,0.98522299121273
405,0.975487273805208,0.972083585716541,0.966297950760014,0.999696627248996,0.999767281322967,0.999214281966179,0.969258347800887,0.991688793374502,0.985642120459174
406,0.976361440098548,0.972805603208326,0.965585214006822,0.999784782071189,0.999665759992248,0.999310900884476,0.967999045230545,0.989420267588178,0.98653236719266
407,0.974847979457893,0.970510070640471,0.955730104274827,0.999510493516391,0.999874878755563,0.998550348289451,0.974965581792299,0.994848394312193,0.985638274849561
408,0.976390293448083,0.973324404709837,0.968186265345222,0.999541107016051,0.999656645752391,0.999432372131063,0.967583144392125,0.990903121803697,0.986336229331104
409,0.973677478687455,0.971341198926964,0.962662289563129,0.999627102069122,0.999719826017428,0.999406906773402,0.971452911560155,0.989199269862119,0.989457531461098
410,0.973908188836913,0.969910513136751,0.96058397492859,0.999587334196317,0.999565015796083,0.998685416902191,0.973387600037365,0.987837396468227,0.994341250934148
411,0.97589828242467,0.971413029175859,0.96330319721325,0.999750124947418,0.999275876104245,0.999568936379394,0.972081336747354,0.991752835508112,0.9896808527782
412,0.973626962032956,0.971093472143576,0.959401253773206,0.999479368068492,0.999608249176025,0.997822202945603,0.965772048208112,0.983214863006728,0.99355397699802
413,0.974322919322042,0.969948191779827,0.965230403751475,0.999740384584901,0.999857870688067,0.997808359724123,0.973670146437831,0.987966174744228,0.990216254265095
414,0.973378501617302,0.970403429308962,0.964711120130902,0.999820604589792,0.999838176742668,0.998642629725176,0.974323550428684,0.988278147193039,0.99004348322838
415,0.975713230100605,0.970023620063116,0.957205982564752,0.999479294435785,0.999761536085585,0.999244096115281,0.97059993021046,0.989499512409057,0.989860472387708
416,0.973525978679477,0.970397345272502,0.958770972533056,0.999935769239647,0.999771247305221,0.998845173931317,0.970244989019735,0.992072659928805,0.986505771461799
417,0.975521208190848,0.972634038280192,0.965517191790442,0.999754646465797,0.999880903933701,0.998917162074048,0.966708283599799,0.989881724218187,0.983437423133631
418,0.974754319527757,0.971846906624788,0.965729343770079,0.999770876563478,0.999688978284332,0.999848349138316,0.969188684253194,0.990730613459298,0.987978725115038
419,0.974744531202275,0.970423585888671,0.962490990503162,0.999192444364609,0.999823412705836,0.999102219474032,0.966684743853319,0.987265472139851,0.990897420304128
420,0.977297037295138,0.974069859987675,0.966943471762139,0.999495409743963,0.999621577000711,0.999162167633101,0.969052388764734,0.992192920344373,0.983512997198775
421,0.974879273999707,0.970894858723073,0.964247149981598,0.999738923389126,0.999833091405182,0.998068837967622,0.967195143992892,0.987486604659518,0.98200175730874
422,0.972469917573348,0.968092349100085,0.952561082409495,0.99883891279383,0.999599004234126,0.999843020522451,0.971757262133181,0.990480503252672,0.985015691345895
423,0.974410062392618,0.971260504490537,0.966789402967378,0.999600088446189,0.999805533888665,0.997220763472121,0.975626212196579,0.988284416312253,0.983919245789929
424,0.973511723930859,0.970018731005128,0.957252932908351,0.999799915517384,0.999866013006014,0.998810331447456,0.972181406102763,0.990661670194403,0.992451495205149
425,0.975850470333663,0.970924139148748,0.964619739229408,0.999636320185614,0.999767624012745,0.999557115810425,0.974877278337779,0.991315047172549,0.992607715164408
426,0.976525421696144,0.972600668268887,0.967247027338978,0.999072846438383,0.99969809272158,0.99850484601225,0.968218850131844,0.983827379700786,0.993761715793608
427,0.97514905729797,0.97162699139392,0.964793341570518,0.999780365831914,0.999741315503636,0.999387592049809,0.970764325124619,0.9892663484074,0.99155698304799
428,0.975501241272378,0.971435112038593,0.964505508235459,0.999840911916001,0.999861178820289,0.998447074710264,0.972827281109288,0.987788753904956,0.993572854594048
429,0.973307749842502,0.970284291364538,0.963225702106146,0.999696200252659,0.999830161974403,0.998453383267865,0.973299513376176,0.986628555664406,0.9875548046382
430,0.973909345251525,0.970381616921915,0.962940260974114,0.999467722026828,0.999836618385929,0.997382755551748,0.963720692456407,0.990213223234708,0.985921627847362
431,0.973007187812188,0.969745366455301,0.959070430008,0.999273550152598,0.999506357685059,0.999657153899713,0.968161494452583,0.988388912464213,0.987846302322572
432,0.974814748410094,0.972350986069889,0.96618828504906,0.999706840413938,0.998770577235074,0.999049869571068,0.969590445978011,0.991718990695614,0.986066372867907
433,0.973825400920044,0.97014827211299,0.960891704911977,0.99982453659675,0.999820395363094,0.999241337875851,0.966812933119354,0.988055062618013,0.98427639638515
434,0.975407303730051,0.972400131627382,0.966001374407231,0.999345660479873,0.999788538161615,0.998699002794965,0.964082490752114,0.985858293240334,0.98778406879685
435,0.974550810171149,0.971668176315703,0.966401164737795,0.999443402410664,0.999532416946593,0.997732014576223,0.968820936547098,0.993552311308114,0.978552218632199
436,0.974802589877045,0.972644305691838,0.966629237656734,0.999843291032607,0.999237990485525,0.998427673653173,0.966810033691173,0.984346616510708,0.987901073689943
437,0.974933981699547,0.972687651711229,0.966282113487937,0.99846786061015,0.999874898532162,0.998190922673439,0.962878288446686,0.985511773292768,0.992340988036463
438,0.975230209348911,0.971884621618656,0.963928696719943,0.999739313648577,0.999730369055376,0.998672768406537,0.974331947898284,0.988934834132145,0.994546549742056
439,0.975384257672907,0.971047700849339,0.965086088727261,0.999723958193128,0.99987212082606,0.999053744085884,0.97374348114497,0.991104269350764,0.990964557708377
440,0.97761371709422,0.974100733668814,0.968024954204745,0.999799402366143,0.999749717715401,0.998332873080612,0.972343752046376,0.99271543556336,0.983464839545729
441,0.97355855216461,0.970614895778308,0.963661198855807,0.999538459649744,0.999889179449204,0.996902525867885,0.971054820284015,0.989334283826745,0.978590718200391
442,0.973624512484726,0.970088670152209,0.963319561613988,0.999137245308617,0.999875020948356,0.999361574811625,0.96956039352829,0.989109551486953,0.983523338454309
443,0.975419658418953,0.972653186395147,0.965777441836936,0.999667181007211,0.999889071049604,0.998431408097079,0.972584424429666,0.990878620661231,0.990277592925454
444,0.975431160272087,0.972670627977859,0.965808947957514,0.999487786865938,0.999803898048585,0.996872884528298,0.974859646907173,0.985088991246432,0.989703775445836
445,0.975344470362087,0.971402655247883,0.964667741016655,0.999814899383069,0.999190314803343,0.998771320374598,0.970197436289854,0.993971518249288,0.985485926521853
446,0.97577124071195,0.971014797039732,0.956231119156345,0.999411462427224,0.999804494413773,0.999813509423918,0.974535646346653,0.990904836308255,0.990819609277505
447,0.975104101190679,0.971211772748371,0.96537166166943,0.999505701671801,0.999553197557571,0.99948720565736,0.976946715674792,0.994568143607967,0.986776920793937
448,0.97296254624879,0.969415565211307,0.961087423974203,0.999019442712416,0.99983898938094,0.998768148936865,0.965062114128788,0.989865939807128,0.987316341369995
449,0.97403828506826,0.971219965437035,0.96172828001717,0.998965677656549,0.999939916380717,0.998157084353693,0.963273351575045,0.99032399262127,0.985531112814923
450,0.975638610812492,0.971614171389965,0.960818583752848,0.998911854981699,0.999396046020249,0.993361396247917,0.969415096177191,0.987556635397117,0.976174361399202
451,0.9760324480616,0.972893152249894,0.967905479317557,0.999498374084408,0.999721911959448,0.999057664707006,0.96721889433042,0.98783988761772,0.986876034919087
452,0.977939537104675,0.972128985453451,0.966185882057206,0.99935235464868,0.999612959983123,0.999232508238963,0.971484021123513,0.990768938685437,0.985307831897912
453,0.974759304365922,0.972751842039506,0.967662264776926,0.99975741579326,0.999655357114003,0.999031160512579,0.968309801570584,0.987348751254257,0.991982187687582
454,0.977275229715459,0.973670387379194,0.966713334289985,0.999651390150824,0.999747218359181,0.999106880125999,0.976203858892666,0.991633828169706,0.992895495279798
455,0.973978634745396,0.969916128775073,0.955450871233539,0.99942274504431,0.999924141539807,0.99961106635101,0.971607421014543,0.990844873898339,0.986772577394907
456,0.9742982634873,0.971033167327355,0.963461006356841,0.99969021114254,0.999805336620611,0.998223142053586,0.966558255968357,0.992428816216919,0.979751485231311
457,0.975248947172924,0.970468959448491,0.961720774851781,0.999539986357767,0.999848915550726,0.999882921966869,0.975672820373728,0.99251565846825,0.990730898849625
458,0.975803558287473,0.972520859667264,0.967371433389576,0.999409802232023,0.999685839945738,0.999288533767833,0.96808734045277,0.991194585974075,0.988277006168823
459,0.975907453323411,0.972930292182369,0.967878984822105,0.99971818606008,0.999961606772289,0.999046662100206,0.969648409921807,0.987774437294949,0.990127905786714
460,0.974895173447947,0.97105071528309,0.964595898135766,0.999609202667381,0.999624482831951,0.998144696072087,0.967029481321094,0.986951663566724,0.987853309242132
461,0.974802028561805,0.971167202154637,0.964281367653102,0.999688044672893,0.999844281477716,0.999783750830974,0.970443851297653,0.991943417340761,0.986442605129434
462,0.974204929855262,0.97142604370539,0.961202185621855,0.999002955708468,0.999737660087088,0.999226475914172,0.962054918176505,0.985364162167807,0.991558992019908
463,0.973149886129768,0.970596904519717,0.963341746552893,0.998978875984132,0.99961481472531,0.998766645978089,0.972784377664187,0.992001271647602,0.982553256184312
464,0.97666582622147,0.972494769037058,0.962979111853648,0.999717321974408,0.999683184370237,0.999465559885452,0.974634199643019,0.991797518282213,0.990811379312843
465,0.975886572876953,0.97199438804199,0.964061153257316,0.999524500168538,0.999954483816584,0.99783058190812,0.974193853774138,0.99432069566476,0.985051910345908
466,0.976223919560794,0.973290555527889,0.967587573671295,0.999578489201929,0.999699555424196,0.999638247409524,0.968595418701505,0.990974285479831,0.989144780344228
467,0.974930726695306,0.972047592577172,0.960499786705739,0.99853092067568,0.999693039013256,0.997418811723841,0.961865775388369,0.987191341618082,0.980915618138095
468,0.974486785090391,0.96946191846174,0.96352992781431,0.999472195721888,0.998757510461178,0.9989552587347,0.973031717023107,0.991770525492449,0.988353768986101
469,0.975615943571321,0.972170891401641,0.96602641377672,0.999697577280207,0.999881182736306,0.999339973390067,0.970475165323628,0.991758928439324,0.984985246946694
470,0.973627117823771,0.970391900037249,0.964489563851296,0.999431433862875,0.999083033414314,0.999244359351231,0.968261498167791,0.990316309535528,0.984873863662937
471,0.974541876004088,0.971418421952866,0.967651775785848,0.999702379773465,0.999937937150245,0.998938975502727,0.96518120942212,0.988491810085483,0.983951185557111
472,0.975845958772719,0.97187728020027,0.965094905653439,0.999676181377137,0.999642929580899,0.998631098917512,0.971659844419296,0.992554431049649,0.988199998701331
473,0.975318228025682,0.972149516100542,0.965781354832542,0.999588328440093,0.999877235031488,0.998752023391875,0.970259326703771,0.992879093431472,0.984954924512793
474,0.975120266442311,0.971682143842606,0.958326761850889,0.999745925912219,0.999902787389367,0.999482726054207,0.972518142276049,0.989081208332956,0.991656729936322
475,0.975715980342011,0.972541180274903,0.965086845611959,0.999128457604556,0.999569171204487,0.999620367966641,0.963690772029404,0.990579696573685,0.987693234205775
476,0.974740490364189,0.972304164910305,0.961310269516305,0.999783455195254,0.99972087598524,0.998595229634016,0.96978802548277,0.98519573711661,0.992211784085234
477,0.977279301747107,0.974638749605756,0.966122820192352,0.999558167467756,0.999507031657722,0.999231332084014,0.969430085348744,0.99020208480506,0.990048121841951
478,0.974657791193506,0.971893497158519,0.967609578504198,0.999679767904141,0.999777850923367,0.999800465754656,0.965804469421682,0.990851552835891,0.986510432760917
479,0.977535216481196,0.974356212325371,0.967357092331594,0.999652329197673,0.99938358473896,0.999604878256819,0.975093041566083,0.992547954250712,0.988355620869511
480,0.973264476903982,0.968040716681221,0.952853578547534,0.999200629873752,0.999697252608724,0.999533363643202,0.975216310497821,0.991653079097188,0.986447451871979
481,0.97430224118418,0.971537579454587,0.96721403204748,0.999882263342966,0.999802097115758,0.999299992347286,0.969143527225715,0.990023914916642,0.98986063905623
482,0.974716286722003,0.96994383294567,0.958750863556995,0.999489884577936,0.999581849450836,0.997846805712194,0.96529705534103,0.990435049028311,0.979388376309178
483,0.973093992983356,0.968527891271862,0.955258726813243,0.999250551882239,0.999672708347068,0.999182675820137,0.97168127337601,0.992949489707848,0.983595430958875
484,0.975446797396743,0.972787404865908,0.965668747899377,0.999645570585845,0.999760148666944,0.99820563036421,0.96879912901292,0.989598780327292,0.986775341848325
485,0.973910691118352,0.968783923455401,0.95990437662474,0.999293124785551,0.999874587025874,0.99931775834992,0.974051671939034,0.994201391225315,0.988316452656059
486,0.974900563922085,0.971060336106565,0.962875715300932,0.999380709422593,0.999643245712451,0.999443631968041,0.968022802112871,0.987428001893972,0.991451686096892
487,0.973945091861041,0.969914324886428,0.961646942384897,0.999723171551548,0.999890192608788,0.998670900704651,0.973419471688897,0.991875054438926,0.991136279321264
488,0.975786755888195,0.971996834485679,0.965374558736813,0.999745681253477,0.999427416710348,0.998956618677079,0.9679842588776,0.986679225520451,0.989962998801179
489,0.974728177550341,0.971552766985465,0.964983184501559,0.999597632230295,0.999668989548319,0.99765572335168,0.96434920809483,0.982148787085899,0.989360705422396
490,0.975682066234969,0.97248658998716,0.965510009289665,0.999782363492803,0.9996519810173,0.998384498213935,0.966922259832309,0.984749361325725,0.992347236103393
491,0.974465142287853,0.971179857289232,0.95833037104596,0.999760101352056,0.999876479394304,0.999248105320985,0.973347105965188,0.991344899593539,0.990683502228646
492,0.976137056334217,0.972707965962133,0.96521397958967,0.999160235157438,0.999915920000691,0.999011914667457,0.967500425714764,0.992368125284326,0.986218029580528
493,0.974811273071959,0.971580222073071,0.963213632803454,0.999575256839144,0.999831886921721,0.998753692222331,0.97478606374102,0.990072347034388,0.990573817325641
494,0.975227917511408,0.971895071232406,0.966987377545289,0.999531620237224,0.999916814783426,0.998635392423266,0.971210131714975,0.989077812250478,0.993615589580177
495,0.976217817099282,0.973594328640623,0.966495488119426,0.999322341908491,0.999586927068319,0.998752393682018,0.967891450643654,0.991302283511022,0.985241839359041
496,0.975645016681217,0.971524523339471,0.96349351051246,0.999857354377841,0.999883448266628,0.998708237481018,0.97391231561742,0.994787543958536,0.985802241669108
497,0.976746779081863,0.972362313291353,0.964083204633755,0.998877579640434,0.999411397893874,0.998983580833018,0.974167143991001,0.992170428416516,0.989923699156255
498,0.975559936913509,0.972594014649132,0.964162791534922,0.999543201371742,0.999848158347745,0.999365876997874,0.964949547090686,0.985002385261369,0.990103990023121
499,0.975084003759103,0.971645090510752,0.963841363531868,0.999905987292682,0.999863127559283,0.999430178251567,0.971991672366371,0.991340687520548,0.987286812659604
500,0.976576955529776,0.973365299640743,0.96715530930706,0.999153301257625,0.999860687924448,0.999394245012895,0.96838300665013,0.990641569712501,0.988581348582174
