"Fold","Variant","N_Features","Selected_Prototype_Count","Pixel_Accuracy","Pixel_Balanced_Accuracy","Pixel_Macro_F1","Pixel_Macro_IoU","Site_Accuracy","Site_Balanced_Accuracy","Site_Macro_F1","Site_Macro_IoU","Target_Precision","Target_Recall","Target_F1","Target_IoU"
1,"Raw64",64,NA,0.822459893048128,0.821882001493652,0.818915649723777,0.700880348238834,0.833333333333333,0.833333333333333,0.832010582010582,0.716666666666667,0.909090909090909,0.705128205128205,0.794223826714802,0.658682634730539
1,"Raw64_ClassSimilarity",67,NA,0.816042780748663,0.815222803086881,0.81168128111123,0.689600572054296,0.833333333333333,0.833333333333333,0.832010582010582,0.716666666666667,0.922480620155039,0.762820512820513,0.835087719298246,0.716867469879518
1,"Raw64_ClassSimilarity_Margins",70,NA,0.789304812834225,0.788482283627915,0.784059047253065,0.653125591493277,0.833333333333333,0.833333333333333,0.832010582010582,0.716666666666667,0.903765690376569,0.692307692307692,0.784029038112523,0.644776119402985
1,"Raw64_ClassSimilarity_Margins_AllPrototypes",75,NA,0.810695187165775,0.809891295328188,0.806388522563214,0.682304633034568,0.833333333333333,0.833333333333333,0.832010582010582,0.716666666666667,0.924302788844621,0.743589743589744,0.824156305506217,0.700906344410876
1,"CRRF_Selected",73,3,0.832085561497326,0.83125881669571,0.827929552671913,0.71229181951889,0.916666666666667,0.916666666666667,0.915343915343915,0.85,0.929889298892989,0.807692307692308,0.864493996569468,0.761329305135952
1,"EngineeredOnly_Selected",9,3,0.840641711229947,0.839667414021195,0.833881847064017,0.72205867478345,0.916666666666667,0.916666666666667,0.915343915343915,0.85,0.892857142857143,0.881410256410256,0.887096774193548,0.797101449275362
2,"Raw64",64,NA,0.901287553648069,0.900850489274927,0.900550124391184,0.825962846396221,0.916666666666667,0.916666666666667,0.915343915343915,0.85,0.849529780564263,0.871382636655949,0.86031746031746,0.754874651810585
2,"Raw64_ClassSimilarity",67,NA,0.898068669527897,0.897624615470275,0.897113891640873,0.820065943043884,0.916666666666667,0.916666666666667,0.915343915343915,0.85,0.853968253968254,0.864951768488746,0.859424920127795,0.753501400560224
2,"Raw64_ClassSimilarity_Margins",70,NA,0.88412017167382,0.883586670564163,0.882399019091198,0.796422119797752,0.833333333333333,0.833333333333333,0.833333333333333,0.733333333333333,0.847133757961783,0.855305466237942,0.8512,0.740947075208914
2,"Raw64_ClassSimilarity_Margins_AllPrototypes",75,NA,0.854077253218884,0.853513314124247,0.85228267058189,0.754102056319873,0.833333333333333,0.833333333333333,0.833333333333333,0.733333333333333,0.813333333333333,0.784565916398714,0.798690671031097,0.664850136239782
2,"CRRF_Selected",73,3,0.856223175965665,0.855636057404546,0.853977286512314,0.754926897598786,0.833333333333333,0.833333333333333,0.833333333333333,0.733333333333333,0.826666666666667,0.797427652733119,0.811783960720131,0.683195592286501
2,"EngineeredOnly_Selected",9,3,0.816523605150215,0.81581200150332,0.813868775984584,0.703128043018477,0.833333333333333,0.833333333333333,0.833333333333333,0.733333333333333,0.761744966442953,0.729903536977492,0.745484400656814,0.594240837696335
3,"Raw64",64,NA,0.722282023681378,0.722287565038162,0.730937370041058,0.584678796990768,0.833333333333333,0.833333333333333,0.838095238095238,0.722222222222222,0.748062015503876,0.624595469255663,0.680776014109348,0.516042780748663
3,"Raw64_ClassSimilarity",67,NA,0.729817007534984,0.729895027027205,0.737898665096035,0.592528590055351,0.833333333333333,0.833333333333333,0.838095238095238,0.722222222222222,0.771084337349398,0.621359223300971,0.688172043010753,0.524590163934426
3,"Raw64_ClassSimilarity_Margins",70,NA,0.726587728740581,0.726644725715489,0.734813824235098,0.589013084578849,0.833333333333333,0.833333333333333,0.838095238095238,0.722222222222222,0.764,0.618122977346278,0.683363148479427,0.519021739130435
3,"Raw64_ClassSimilarity_Margins_AllPrototypes",75,NA,0.73735199138859,0.737516544373273,0.744650414931739,0.600255167500384,0.833333333333333,0.833333333333333,0.838095238095238,0.722222222222222,0.800847457627119,0.611650485436893,0.693577981651376,0.530898876404494
3,"CRRF_Selected",73,3,0.733046286329386,0.733152356017433,0.740908138646974,0.595969750006144,0.833333333333333,0.833333333333333,0.838095238095238,0.722222222222222,0.780487804878049,0.621359223300971,0.691891891891892,0.528925619834711
3,"EngineeredOnly_Selected",9,3,0.706135629709365,0.706239861156423,0.711675269092998,0.563548326370375,0.75,0.75,0.75036075036075,0.607142857142857,0.775609756097561,0.514563106796116,0.618677042801556,0.447887323943662
4,"Raw64",64,NA,0.856986899563319,0.857740346583931,0.8583951448566,0.754050619001035,0.916666666666667,0.916666666666667,0.915343915343915,0.85,0.880877742946709,0.933554817275748,0.906451612903226,0.828908554572271
4,"Raw64_ClassSimilarity",67,NA,0.864628820960699,0.865437999288424,0.865861628449849,0.766114458118166,0.916666666666667,0.916666666666667,0.915343915343915,0.85,0.899053627760252,0.946843853820598,0.922330097087379,0.855855855855856
4,"Raw64_ClassSimilarity_Margins",70,NA,0.861353711790393,0.862170025432214,0.862605806145148,0.761054705256906,0.916666666666667,0.916666666666667,0.915343915343915,0.85,0.890625,0.946843853820598,0.917874396135266,0.848214285714286
4,"Raw64_ClassSimilarity_Margins_AllPrototypes",75,NA,0.860262008733624,0.860972130253471,0.862099134009662,0.760037975463284,0.916666666666667,0.916666666666667,0.915343915343915,0.85,0.902912621359223,0.926910299003322,0.914754098360656,0.842900302114804
4,"CRRF_Selected",73,3,0.86353711790393,0.864276294296349,0.865162647393813,0.764871728442226,0.916666666666667,0.916666666666667,0.915343915343915,0.85,0.906451612903226,0.933554817275748,0.919803600654664,0.851515151515152
4,"EngineeredOnly_Selected",9,3,0.818777292576419,0.819034941941454,0.823416712276315,0.702023367505659,0.833333333333333,0.833333333333333,0.838095238095238,0.722222222222222,0.867595818815331,0.827242524916944,0.846938775510204,0.734513274336283
5,"Raw64",64,NA,0.810195227765727,0.81109237477787,0.815228141258496,0.68931088556423,0.833333333333333,0.833333333333333,0.838095238095238,0.722222222222222,1,0.687296416938111,0.814671814671815,0.687296416938111
5,"Raw64_ClassSimilarity",67,NA,0.817787418655098,0.818692809088402,0.822831105216479,0.700048741291792,0.833333333333333,0.833333333333333,0.838095238095238,0.722222222222222,1,0.710097719869707,0.83047619047619,0.710097719869707
5,"Raw64_ClassSimilarity_Margins",70,NA,0.837310195227766,0.83788765880788,0.840570736692852,0.727755500217572,0.833333333333333,0.833333333333333,0.838095238095238,0.722222222222222,1,0.687296416938111,0.814671814671815,0.687296416938111
5,"Raw64_ClassSimilarity_Margins_AllPrototypes",75,NA,0.830802603036876,0.831317140951922,0.833245837863062,0.718273662691053,0.833333333333333,0.833333333333333,0.838095238095238,0.722222222222222,1,0.654723127035831,0.791338582677165,0.654723127035831
5,"CRRF_Selected",73,3,0.808026030368764,0.808697382615708,0.811273680252498,0.686036259954586,0.833333333333333,0.833333333333333,0.838095238095238,0.722222222222222,1,0.628664495114006,0.772,0.628664495114006
5,"EngineeredOnly_Selected",9,3,0.813449023861171,0.813235756328933,0.797103552458002,0.692562117102662,0.833333333333333,0.833333333333333,0.822222222222222,0.722222222222222,1,0.44299674267101,0.613995485327314,0.44299674267101
