"Class","TP","TN","FP","FN","Precision","Recall","Specificity","F1","IoU","Variant"
"target",20,38,2,0,0.909090909090909,1,0.95,0.952380952380952,0.909090909090909,"Raw64"
"ocean",17,36,4,3,0.80952380952381,0.85,0.9,0.829268292682927,0.708333333333333,"Raw64"
"confounding_marine",14,37,3,6,0.823529411764706,0.7,0.925,0.756756756756757,0.608695652173913,"Raw64"
"target",20,38,2,0,0.909090909090909,1,0.95,0.952380952380952,0.909090909090909,"Raw64_ClassSimilarity"
"ocean",17,37,3,3,0.85,0.85,0.925,0.85,0.739130434782609,"Raw64_ClassSimilarity"
"confounding_marine",15,37,3,5,0.833333333333333,0.75,0.925,0.789473684210526,0.652173913043478,"Raw64_ClassSimilarity"
"target",20,38,2,0,0.909090909090909,1,0.95,0.952380952380952,0.909090909090909,"Raw64_ClassSimilarity_Margins"
"ocean",19,37,3,1,0.863636363636364,0.95,0.925,0.904761904761905,0.826086956521739,"Raw64_ClassSimilarity_Margins"
"confounding_marine",15,39,1,5,0.9375,0.75,0.975,0.833333333333333,0.714285714285714,"Raw64_ClassSimilarity_Margins"
"target",20,38,2,0,0.909090909090909,1,0.95,0.952380952380952,0.909090909090909,"Raw64_ClassSimilarity_Margins_AllPrototypes"
"ocean",19,37,3,1,0.863636363636364,0.95,0.925,0.904761904761905,0.826086956521739,"Raw64_ClassSimilarity_Margins_AllPrototypes"
"confounding_marine",15,39,1,5,0.9375,0.75,0.975,0.833333333333333,0.714285714285714,"Raw64_ClassSimilarity_Margins_AllPrototypes"
"target",20,38,2,0,0.909090909090909,1,0.95,0.952380952380952,0.909090909090909,"CRRF_Selected"
"ocean",19,37,3,1,0.863636363636364,0.95,0.925,0.904761904761905,0.826086956521739,"CRRF_Selected"
"confounding_marine",15,39,1,5,0.9375,0.75,0.975,0.833333333333333,0.714285714285714,"CRRF_Selected"
"target",19,40,0,1,1,0.95,1,0.974358974358974,0.95,"EngineeredOnly_Selected"
"ocean",16,37,3,4,0.842105263157895,0.8,0.925,0.82051282051282,0.695652173913043,"EngineeredOnly_Selected"
"confounding_marine",17,35,5,3,0.772727272727273,0.85,0.875,0.80952380952381,0.68,"EngineeredOnly_Selected"
