"Feature","MeanDecreaseGini"
"margin_conf",188.328311908085
"margin_best_noise",185.537011092205
"margin_ocean",173.623918848277
"proto_3",167.128779603373
"proto_4",163.638395043207
"farm_sim",132.089891962818
"A05",101.998156006336
"A26",87.7388761334452
"A00",73.1287227472868
"A52",59.5355686233901
"A57",58.7831102463199
"A50",57.8890785283272
"A36",57.7657206615089
"A27",55.643251052158
"A02",52.8323560760836
"proto_1",49.2142478015007
"ocean_sim",45.5662203563198
"A18",44.1907505120649
"A15",41.8524260011289
"A47",41.0756557432999
"A61",39.2953413778461
"conf_sim",38.97903741192
"proto_5",38.7404412312713
"A55",38.4829989780641
"A59",37.7561617931464
"A38",37.158097228395
"A48",36.917284829976
"A46",35.2201178260193
"A33",34.4627493745219
"A13",34.2359800717241
"A44",33.4512107250269
"A62",32.320676898682
"A23",31.045093237985
"A58",30.4228820763594
"A21",30.1786286796396
"A35",29.4353446031759
"A30",28.1648986278252
"A16",27.5592837337459
"A07",27.4866220276148
"A19",27.1409870813421
"A60",26.0024384777685
"proto_2",25.7281967603866
"A40",25.653068478582
"A32",25.3541081261935
"A01",25.1683806638743
"A22",23.675012193927
"A43",23.239295176979
"A42",22.8800756302448
"A28",22.3982160746314
"A54",22.3229713191314
"A14",21.7375161472617
"A24",21.6409734893281
"A11",20.2687639664284
"A12",20.2541891833453
"A34",19.6420582129553
"A31",19.3452409976781
"A06",18.7343679128411
"A37",18.2478140820754
"A08",17.9901604938302
"A10",16.8950464830776
"A03",16.5941636434872
"A25",16.4603415839846
"A41",15.7658564365436
"A17",15.0133279130783
"A04",14.846290054302
"A63",13.2353469780694
"A56",12.6847841662609
"A49",12.4024580171781
"A39",12.0052749867082
"A51",11.781345892704
"A53",11.0070487991234
"A45",10.9438267986508
"A20",10.8480126713853
"A29",7.82430155064009
"A09",4.05074281594116
